category,schema_name,object_name,detail_name,technical_type,nullable,definition
COLUMN,audit,action_log,id,uuid,NO,gen_random_uuid()
COLUMN,audit,action_log,order_id,uuid,YES,
COLUMN,audit,action_log,proposed_action,text,NO,
COLUMN,audit,action_log,authorization_status,text,NO,
COLUMN,audit,action_log,actions_executed,integer,NO,0
COLUMN,audit,action_log,run_mode,text,NO,'SIMULATION'::text
COLUMN,audit,action_log,created_at,timestamp with time zone,NO,now()
COLUMN,audit,application_events,id,uuid,NO,gen_random_uuid()
COLUMN,audit,application_events,service,text,NO,
COLUMN,audit,application_events,level,text,NO,
COLUMN,audit,application_events,event_name,text,NO,
COLUMN,audit,application_events,correlation_id,uuid,YES,
COLUMN,audit,application_events,payload_masked,jsonb,NO,'{}'::jsonb
COLUMN,audit,application_events,created_at,timestamp with time zone,NO,now()
COLUMN,audit,data_access_log,id,uuid,NO,gen_random_uuid()
COLUMN,audit,data_access_log,principal_hash,text,NO,
COLUMN,audit,data_access_log,resource_type,text,NO,
COLUMN,audit,data_access_log,resource_id_hash,text,YES,
COLUMN,audit,data_access_log,purpose,text,NO,
COLUMN,audit,data_access_log,created_at,timestamp with time zone,NO,now()
COLUMN,audit,masking_log,id,uuid,NO,gen_random_uuid()
COLUMN,audit,masking_log,source_record_id_hash,text,NO,
COLUMN,audit,masking_log,masking_version,text,NO,
COLUMN,audit,masking_log,fields_redacted,ARRAY,NO,'{}'::text[]
COLUMN,audit,masking_log,pii_scan_result,text,NO,
COLUMN,audit,masking_log,created_at,timestamp with time zone,NO,now()
COLUMN,audit,security_events,id,uuid,NO,gen_random_uuid()
COLUMN,audit,security_events,service,text,NO,
COLUMN,audit,security_events,severity,text,NO,
COLUMN,audit,security_events,event_type,text,NO,
COLUMN,audit,security_events,payload_masked,jsonb,NO,'{}'::jsonb
COLUMN,audit,security_events,created_at,timestamp with time zone,NO,now()
COLUMN,audit,sync_runs,id,uuid,NO,gen_random_uuid()
COLUMN,audit,sync_runs,source,text,NO,
COLUMN,audit,sync_runs,status,text,NO,
COLUMN,audit,sync_runs,counts,jsonb,NO,'{}'::jsonb
COLUMN,audit,sync_runs,checksum,text,YES,
COLUMN,audit,sync_runs,started_at,timestamp with time zone,NO,
COLUMN,audit,sync_runs,completed_at,timestamp with time zone,YES,
COLUMN,configuration,feature_flags,flag_name,text,NO,
COLUMN,configuration,feature_flags,enabled,boolean,NO,false
COLUMN,configuration,feature_flags,environment,text,NO,'staging'::text
COLUMN,configuration,feature_flags,reason,text,NO,
COLUMN,configuration,feature_flags,updated_at,timestamp with time zone,NO,now()
COLUMN,configuration,freshness_thresholds,source,text,NO,
COLUMN,configuration,freshness_thresholds,warning_seconds,bigint,NO,
COLUMN,configuration,freshness_thresholds,stale_seconds,bigint,NO,
COLUMN,configuration,freshness_thresholds,policy_version,text,NO,
COLUMN,configuration,policies,id,uuid,NO,gen_random_uuid()
COLUMN,configuration,policies,policy_name,text,NO,
COLUMN,configuration,policies,description,text,NO,
COLUMN,configuration,policies,owner,text,YES,
COLUMN,configuration,policies,created_at,timestamp with time zone,NO,now()
COLUMN,configuration,policy_assignments,id,uuid,NO,gen_random_uuid()
COLUMN,configuration,policy_assignments,policy_id,uuid,NO,
COLUMN,configuration,policy_assignments,version_id,uuid,NO,
COLUMN,configuration,policy_assignments,workflow,text,NO,
COLUMN,configuration,policy_assignments,status,text,NO,'DRAFT'::text
COLUMN,configuration,policy_assignments,assigned_at,timestamp with time zone,NO,now()
COLUMN,configuration,policy_versions,id,uuid,NO,gen_random_uuid()
COLUMN,configuration,policy_versions,policy_name,text,NO,
COLUMN,configuration,policy_versions,version,text,NO,
COLUMN,configuration,policy_versions,policy_document,jsonb,NO,
COLUMN,configuration,policy_versions,checksum,text,NO,
COLUMN,configuration,policy_versions,status,text,NO,'DRAFT'::text
COLUMN,configuration,policy_versions,effective_from,timestamp with time zone,YES,
COLUMN,configuration,policy_versions,effective_until,timestamp with time zone,YES,
COLUMN,configuration,policy_versions,created_at,timestamp with time zone,NO,now()
COLUMN,configuration,system_settings,setting_name,text,NO,
COLUMN,configuration,system_settings,setting_value,jsonb,NO,
COLUMN,configuration,system_settings,environment,text,NO,'staging'::text
COLUMN,configuration,system_settings,updated_at,timestamp with time zone,NO,now()
COLUMN,core,conversations,id,uuid,NO,gen_random_uuid()
COLUMN,core,conversations,order_id,uuid,YES,
COLUMN,core,conversations,source,text,NO,
COLUMN,core,conversations,external_conversation_id_hash,text,NO,
COLUMN,core,conversations,opened_at,timestamp with time zone,YES,
COLUMN,core,conversations,last_message_at,timestamp with time zone,YES,
COLUMN,core,conversations,created_at,timestamp with time zone,NO,now()
COLUMN,core,customer_aliases,id,uuid,NO,gen_random_uuid()
COLUMN,core,customer_aliases,customer_id,uuid,NO,
COLUMN,core,customer_aliases,source,text,NO,
COLUMN,core,customer_aliases,alias_hash,text,NO,
COLUMN,core,customer_aliases,alias_type,text,NO,
COLUMN,core,customer_aliases,confidence,numeric,NO,
COLUMN,core,customer_aliases,created_at,timestamp with time zone,NO,now()
COLUMN,core,customers_masked,id,uuid,NO,gen_random_uuid()
COLUMN,core,customers_masked,external_reference_hash,text,NO,
COLUMN,core,customers_masked,display_name_masked,text,YES,
COLUMN,core,customers_masked,phone_masked,text,YES,
COLUMN,core,customers_masked,email_masked,text,YES,
COLUMN,core,customers_masked,address_masked,text,YES,
COLUMN,core,customers_masked,masking_version,text,NO,
COLUMN,core,customers_masked,created_at,timestamp with time zone,NO,now()
COLUMN,core,customers_masked,updated_at,timestamp with time zone,NO,now()
COLUMN,core,incident_history,id,uuid,NO,gen_random_uuid()
COLUMN,core,incident_history,incident_id,uuid,NO,
COLUMN,core,incident_history,external_history_id_hash,text,YES,
COLUMN,core,incident_history,event_type,text,NO,
COLUMN,core,incident_history,detail_masked,text,YES,
COLUMN,core,incident_history,occurred_at,timestamp with time zone,NO,
COLUMN,core,incident_history,created_at,timestamp with time zone,NO,now()
COLUMN,core,incidents,id,uuid,NO,gen_random_uuid()
COLUMN,core,incidents,order_id,uuid,NO,
COLUMN,core,incidents,external_incident_id,text,NO,
COLUMN,core,incidents,incident_type,text,NO,'UNKNOWN'::text
COLUMN,core,incidents,status,text,NO,'PENDING'::text
COLUMN,core,incidents,opened_at,timestamp with time zone,NO,
COLUMN,core,incidents,resolved_at,timestamp with time zone,YES,
COLUMN,core,incidents,latest_carrier_reason_masked,text,YES,
COLUMN,core,incidents,created_at,timestamp with time zone,NO,now()
COLUMN,core,incidents,updated_at,timestamp with time zone,NO,now()
COLUMN,core,messages,id,uuid,NO,gen_random_uuid()
COLUMN,core,messages,conversation_id,uuid,NO,
COLUMN,core,messages,external_message_id_hash,text,YES,
COLUMN,core,messages,direction,text,NO,
COLUMN,core,messages,message_type,text,NO,'TEXT'::text
COLUMN,core,messages,body_masked,text,YES,
COLUMN,core,messages,intent,text,NO,'UNKNOWN'::text
COLUMN,core,messages,occurred_at,timestamp with time zone,NO,
COLUMN,core,messages,created_at,timestamp with time zone,NO,now()
COLUMN,core,order_digital_twins,order_id,uuid,NO,
COLUMN,core,order_digital_twins,snapshot_version,text,NO,
COLUMN,core,order_digital_twins,twin_document,jsonb,NO,
COLUMN,core,order_digital_twins,completeness,numeric,NO,
COLUMN,core,order_digital_twins,freshness_status,text,NO,
COLUMN,core,order_digital_twins,contradiction_count,integer,NO,0
COLUMN,core,order_digital_twins,policy_versions,ARRAY,NO,'{}'::text[]
COLUMN,core,order_digital_twins,built_at,timestamp with time zone,NO,now()
COLUMN,core,order_digital_twins,run_mode,text,NO,'SIMULATION'::text
COLUMN,core,order_snapshots,id,uuid,NO,gen_random_uuid()
COLUMN,core,order_snapshots,order_id,uuid,NO,
COLUMN,core,order_snapshots,snapshot_version,text,NO,
COLUMN,core,order_snapshots,twin_document,jsonb,NO,
COLUMN,core,order_snapshots,event_high_watermark,timestamp with time zone,NO,
COLUMN,core,order_snapshots,checksum,text,NO,
COLUMN,core,order_snapshots,created_at,timestamp with time zone,NO,now()
COLUMN,core,order_source_links,id,uuid,NO,gen_random_uuid()
COLUMN,core,order_source_links,order_id,uuid,NO,
COLUMN,core,order_source_links,source,text,NO,
COLUMN,core,order_source_links,source_order_id_hash,text,NO,
COLUMN,core,order_source_links,confidence,numeric,NO,
COLUMN,core,order_source_links,verified_at,timestamp with time zone,YES,
COLUMN,core,order_source_links,created_at,timestamp with time zone,NO,now()
COLUMN,core,orders,id,uuid,NO,gen_random_uuid()
COLUMN,core,orders,external_order_id,text,NO,
COLUMN,core,orders,customer_id,uuid,YES,
COLUMN,core,orders,source_status,text,NO,'UNKNOWN'::text
COLUMN,core,orders,canonical_status,text,NO,'UNKNOWN'::text
COLUMN,core,orders,currency,text,NO,'EUR'::text
COLUMN,core,orders,total_amount,numeric,YES,
COLUMN,core,orders,created_at_source,timestamp with time zone,YES,
COLUMN,core,orders,last_source_update_at,timestamp with time zone,YES,
COLUMN,core,orders,created_at,timestamp with time zone,NO,now()
COLUMN,core,orders,updated_at,timestamp with time zone,NO,now()
COLUMN,core,source_freshness,source,text,NO,
COLUMN,core,source_freshness,last_success_at,timestamp with time zone,YES,
COLUMN,core,source_freshness,last_failure_at,timestamp with time zone,YES,
COLUMN,core,source_freshness,latest_cursor_masked,text,YES,
COLUMN,core,source_freshness,lag_seconds,bigint,YES,
COLUMN,core,source_freshness,status,text,NO,'UNKNOWN'::text
COLUMN,core,source_freshness,checked_at,timestamp with time zone,NO,now()
COLUMN,core,timers,id,uuid,NO,gen_random_uuid()
COLUMN,core,timers,order_id,uuid,NO,
COLUMN,core,timers,incident_id,uuid,YES,
COLUMN,core,timers,workflow,text,NO,
COLUMN,core,timers,status,text,NO,
COLUMN,core,timers,started_at,timestamp with time zone,NO,
COLUMN,core,timers,deadline_at,timestamp with time zone,NO,
COLUMN,core,timers,completed_at,timestamp with time zone,YES,
COLUMN,core,timers,policy_version,text,NO,
COLUMN,core,timers,deduplication_key,text,NO,
COLUMN,core,timers,created_at,timestamp with time zone,NO,now()
COLUMN,core,timers,timer_type,text,NO,'WORKFLOW'::text
COLUMN,core,timers,paused_at,timestamp with time zone,YES,
COLUMN,core,timers,resumed_at,timestamp with time zone,YES,
COLUMN,core,timers,cancelled_at,timestamp with time zone,YES,
COLUMN,core,timers,expired_at,timestamp with time zone,YES,
COLUMN,core,timers,source_event_id,uuid,YES,
COLUMN,core,timers,reason,text,YES,
COLUMN,core,timers,run_mode,text,NO,'SIMULATION'::text
COLUMN,decision_memory,records,memory_id,text,NO,
COLUMN,decision_memory,records,canonical_order_hash,text,YES,
COLUMN,decision_memory,records,facts_masked,jsonb,NO,'{}'::jsonb
COLUMN,decision_memory,records,policy_versions,ARRAY,NO,'{}'::text[]
COLUMN,decision_memory,records,proposed_decision,text,NO,'UNKNOWN'::text
COLUMN,decision_memory,records,executed_decision,text,NO,'UNKNOWN'::text
COLUMN,decision_memory,records,human_review,text,NO,'UNKNOWN'::text
COLUMN,decision_memory,records,final_outcome,text,NO,'UNKNOWN'::text
COLUMN,decision_memory,records,differences,ARRAY,NO,'{}'::text[]
COLUMN,decision_memory,records,economic_impact,jsonb,NO,"'{""status"": ""UNKNOWN""}'::jsonb"
COLUMN,decision_memory,records,evidence_hashes,ARRAY,NO,'{}'::text[]
COLUMN,decision_memory,records,recorded_at,timestamp with time zone,NO,
COLUMN,decisions,agent_proposals,id,uuid,NO,gen_random_uuid()
COLUMN,decisions,agent_proposals,simulation_run_id,uuid,NO,
COLUMN,decisions,agent_proposals,route,text,NO,
COLUMN,decisions,agent_proposals,proposed_action,text,NO,
COLUMN,decisions,agent_proposals,confidence,numeric,NO,
COLUMN,decisions,agent_proposals,reason_summary,text,NO,
COLUMN,decisions,agent_proposals,created_at,timestamp with time zone,NO,now()
COLUMN,decisions,ai_review_queue,id,uuid,NO,gen_random_uuid()
COLUMN,decisions,ai_review_queue,decision_id,uuid,NO,
COLUMN,decisions,ai_review_queue,status,text,NO,'PENDING'::text
COLUMN,decisions,ai_review_queue,claimed_at,timestamp with time zone,YES,
COLUMN,decisions,ai_review_queue,completed_at,timestamp with time zone,YES,
COLUMN,decisions,ai_review_queue,created_at,timestamp with time zone,NO,now()
COLUMN,decisions,ai_review_queue,order_id,uuid,YES,
COLUMN,decisions,ai_review_queue,snapshot_version,text,YES,
COLUMN,decisions,ai_review_queue,reason_codes,ARRAY,NO,'{}'::text[]
COLUMN,decisions,ai_review_queue,risk_level,text,NO,'MEDIUM'::text
COLUMN,decisions,ai_review_queue,confidence,numeric,YES,
COLUMN,decisions,ai_review_queue,freshness_status,text,NO,'UNKNOWN'::text
COLUMN,decisions,ai_review_queue,policy_gaps,ARRAY,NO,'{}'::text[]
COLUMN,decisions,ai_review_queue,masked_context,jsonb,NO,'{}'::jsonb
COLUMN,decisions,ai_review_queue,evidence_event_ids,ARRAY,NO,'{}'::uuid[]
COLUMN,decisions,ai_review_queue,alternatives,jsonb,NO,'[]'::jsonb
COLUMN,decisions,ai_review_queue,assigned_reviewer,text,YES,
COLUMN,decisions,ai_review_queue,review_notes,text,YES,
COLUMN,decisions,ai_review_queue,reviewed_at,timestamp with time zone,YES,
COLUMN,decisions,ai_review_queue,final_selection,text,YES,
COLUMN,decisions,ai_review_queue,actions_executed,integer,NO,0
COLUMN,decisions,ai_review_queue,run_mode,text,NO,'SIMULATION'::text
COLUMN,decisions,alternatives,id,uuid,NO,gen_random_uuid()
COLUMN,decisions,alternatives,decision_id,uuid,NO,
COLUMN,decisions,alternatives,proposed_action,text,NO,
COLUMN,decisions,alternatives,reason,text,NO,
COLUMN,decisions,alternatives,rank,integer,NO,
COLUMN,decisions,alternatives,created_at,timestamp with time zone,NO,now()
COLUMN,decisions,confidence_breakdowns,id,uuid,NO,gen_random_uuid()
COLUMN,decisions,confidence_breakdowns,decision_id,uuid,NO,
COLUMN,decisions,confidence_breakdowns,factor,text,NO,
COLUMN,decisions,confidence_breakdowns,score,numeric,NO,
COLUMN,decisions,confidence_breakdowns,explanation,text,YES,
COLUMN,decisions,confidence_breakdowns,created_at,timestamp with time zone,NO,now()
COLUMN,decisions,decision_alternatives,id,uuid,NO,gen_random_uuid()
COLUMN,decisions,decision_alternatives,decision_id,uuid,NO,
COLUMN,decisions,decision_alternatives,proposed_action,text,NO,
COLUMN,decisions,decision_alternatives,reason,text,NO,
COLUMN,decisions,decision_alternatives,rank,integer,NO,
COLUMN,decisions,decision_alternatives,created_at,timestamp with time zone,NO,now()
COLUMN,decisions,decision_evidence,id,uuid,NO,gen_random_uuid()
COLUMN,decisions,decision_evidence,decision_id,uuid,NO,
COLUMN,decisions,decision_evidence,event_id,uuid,NO,
COLUMN,decisions,decision_evidence,relevance,text,YES,
COLUMN,decisions,decision_evidence,created_at,timestamp with time zone,NO,now()
COLUMN,decisions,decision_records,decision_id,uuid,NO,gen_random_uuid()
COLUMN,decisions,decision_records,order_id,uuid,NO,
COLUMN,decisions,decision_records,snapshot_version,text,NO,
COLUMN,decisions,decision_records,workflow,text,NO,
COLUMN,decisions,decision_records,route,text,NO,
COLUMN,decisions,decision_records,proposed_action,text,NO,
COLUMN,decisions,decision_records,final_confidence,numeric,NO,
COLUMN,decisions,decision_records,reason_summary,text,NO,
COLUMN,decisions,decision_records,risk_level,text,NO,
COLUMN,decisions,decision_records,qa_status,text,NO,
COLUMN,decisions,decision_records,requires_human_review,boolean,NO,false
COLUMN,decisions,decision_records,actions_executed,integer,NO,0
COLUMN,decisions,decision_records,run_mode,text,NO,'SIMULATION'::text
COLUMN,decisions,decision_records,policy_versions,ARRAY,NO,'{}'::text[]
COLUMN,decisions,decision_records,created_at,timestamp with time zone,NO,now()
COLUMN,decisions,decisions,id,uuid,NO,gen_random_uuid()
COLUMN,decisions,decisions,simulation_run_id,uuid,NO,
COLUMN,decisions,decisions,decision_record_id,uuid,YES,
COLUMN,decisions,decisions,selected_action,text,NO,
COLUMN,decisions,decisions,selected_by,text,NO,'DETERMINISTIC_ENGINE'::text
COLUMN,decisions,decisions,status,text,NO,'SIMULATED'::text
COLUMN,decisions,decisions,actions_executed,integer,NO,0
COLUMN,decisions,decisions,run_mode,text,NO,'SIMULATION'::text
COLUMN,decisions,decisions,created_at,timestamp with time zone,NO,now()
COLUMN,decisions,evidence,id,uuid,NO,gen_random_uuid()
COLUMN,decisions,evidence,decision_id,uuid,NO,
COLUMN,decisions,evidence,event_id,uuid,NO,
COLUMN,decisions,evidence,relevance,text,YES,
COLUMN,decisions,evidence,created_at,timestamp with time zone,NO,now()
COLUMN,decisions,human_review_queue,id,uuid,NO,gen_random_uuid()
COLUMN,decisions,human_review_queue,decision_id,uuid,NO,
COLUMN,decisions,human_review_queue,priority,integer,NO,50
COLUMN,decisions,human_review_queue,status,text,NO,'PENDING'::text
COLUMN,decisions,human_review_queue,assigned_to,text,YES,
COLUMN,decisions,human_review_queue,review_notes,text,YES,
COLUMN,decisions,human_review_queue,reviewed_at,timestamp with time zone,YES,
COLUMN,decisions,human_review_queue,created_at,timestamp with time zone,NO,now()
COLUMN,decisions,human_review_queue,order_id,uuid,YES,
COLUMN,decisions,human_review_queue,snapshot_version,text,YES,
COLUMN,decisions,human_review_queue,reason_codes,ARRAY,NO,'{}'::text[]
COLUMN,decisions,human_review_queue,risk_level,text,NO,'HIGH'::text
COLUMN,decisions,human_review_queue,confidence,numeric,YES,
COLUMN,decisions,human_review_queue,freshness_status,text,NO,'UNKNOWN'::text
COLUMN,decisions,human_review_queue,policy_gaps,ARRAY,NO,'{}'::text[]
COLUMN,decisions,human_review_queue,masked_context,jsonb,NO,'{}'::jsonb
COLUMN,decisions,human_review_queue,evidence_event_ids,ARRAY,NO,'{}'::uuid[]
COLUMN,decisions,human_review_queue,alternatives,jsonb,NO,'[]'::jsonb
COLUMN,decisions,human_review_queue,final_selection,text,YES,
COLUMN,decisions,human_review_queue,actions_executed,integer,NO,0
COLUMN,decisions,human_review_queue,run_mode,text,NO,'SIMULATION'::text
COLUMN,decisions,qa_results,id,uuid,NO,gen_random_uuid()
COLUMN,decisions,qa_results,decision_id,uuid,NO,
COLUMN,decisions,qa_results,gate_name,text,NO,
COLUMN,decisions,qa_results,status,text,NO,
COLUMN,decisions,qa_results,findings,jsonb,NO,'[]'::jsonb
COLUMN,decisions,qa_results,created_at,timestamp with time zone,NO,now()
COLUMN,decisions,review_records,id,uuid,NO,gen_random_uuid()
COLUMN,decisions,review_records,decision_id,uuid,NO,
COLUMN,decisions,review_records,review_type,text,NO,
COLUMN,decisions,review_records,reviewer_hash,text,NO,
COLUMN,decisions,review_records,selection,text,NO,
COLUMN,decisions,review_records,notes_masked,text,YES,
COLUMN,decisions,review_records,reviewed_at,timestamp with time zone,NO,now()
COLUMN,decisions,review_records,actions_executed,integer,NO,0
COLUMN,decisions,review_records,run_mode,text,NO,'SIMULATION'::text
COLUMN,decisions,simulation_comparisons,id,uuid,NO,gen_random_uuid()
COLUMN,decisions,simulation_comparisons,order_id,uuid,NO,
COLUMN,decisions,simulation_comparisons,simulation_run_id,uuid,NO,
COLUMN,decisions,simulation_comparisons,current_system_decision_masked,jsonb,YES,
COLUMN,decisions,simulation_comparisons,simulated_decision_masked,jsonb,NO,
COLUMN,decisions,simulation_comparisons,matches,boolean,YES,
COLUMN,decisions,simulation_comparisons,discrepancy_codes,ARRAY,NO,'{}'::text[]
COLUMN,decisions,simulation_comparisons,created_at,timestamp with time zone,NO,now()
COLUMN,decisions,simulation_runs,id,uuid,NO,gen_random_uuid()
COLUMN,decisions,simulation_runs,order_id,uuid,NO,
COLUMN,decisions,simulation_runs,snapshot_version,text,NO,
COLUMN,decisions,simulation_runs,policy_versions,ARRAY,NO,'{}'::text[]
COLUMN,decisions,simulation_runs,status,text,NO,'PENDING'::text
COLUMN,decisions,simulation_runs,started_at,timestamp with time zone,NO,now()
COLUMN,decisions,simulation_runs,completed_at,timestamp with time zone,YES,
COLUMN,decisions,simulation_runs,actions_executed,integer,NO,0
COLUMN,decisions,simulation_runs,run_mode,text,NO,'SIMULATION'::text
COLUMN,economics,observations,observation_id,text,NO,
COLUMN,economics,observations,canonical_order_hash,text,YES,
COLUMN,economics,observations,metric,text,NO,
COLUMN,economics,observations,value,numeric,YES,
COLUMN,economics,observations,currency,text,YES,
COLUMN,economics,observations,value_status,text,NO,
COLUMN,economics,observations,source,text,NO,
COLUMN,economics,observations,observed_at,timestamp with time zone,NO,
COLUMN,enterprise_graph,entities,entity_id,text,NO,
COLUMN,enterprise_graph,entities,entity_type,text,NO,
COLUMN,enterprise_graph,entities,source,text,NO,
COLUMN,enterprise_graph,entities,attributes_masked,jsonb,NO,'{}'::jsonb
COLUMN,enterprise_graph,entities,confidence,numeric,NO,
COLUMN,enterprise_graph,entities,valid_from,timestamp with time zone,YES,
COLUMN,enterprise_graph,entities,valid_until,timestamp with time zone,YES,
COLUMN,enterprise_graph,entities,evidence_hashes,ARRAY,NO,'{}'::text[]
COLUMN,enterprise_graph,relationships,relationship_id,text,NO,
COLUMN,enterprise_graph,relationships,from_entity_id,text,NO,
COLUMN,enterprise_graph,relationships,to_entity_id,text,NO,
COLUMN,enterprise_graph,relationships,relationship_type,text,NO,
COLUMN,enterprise_graph,relationships,source,text,NO,
COLUMN,enterprise_graph,relationships,confidence,numeric,NO,
COLUMN,enterprise_graph,relationships,evidence_hashes,ARRAY,NO,'{}'::text[]
COLUMN,enterprise_graph,relationships,valid_from,timestamp with time zone,YES,
COLUMN,enterprise_graph,relationships,valid_until,timestamp with time zone,YES,
COLUMN,enterprise_twins,snapshots,twin_id,text,NO,
COLUMN,enterprise_twins,snapshots,twin_type,text,NO,
COLUMN,enterprise_twins,snapshots,entity_hash,text,NO,
COLUMN,enterprise_twins,snapshots,snapshot_masked,jsonb,NO,
COLUMN,enterprise_twins,snapshots,completeness,numeric,NO,
COLUMN,enterprise_twins,snapshots,freshness_status,text,NO,
COLUMN,enterprise_twins,snapshots,generated_at,timestamp with time zone,NO,
COLUMN,enterprise_twins,snapshots,run_mode,text,NO,'SHADOW_READ_ONLY'::text
COLUMN,events,event_corrections,id,uuid,NO,gen_random_uuid()
COLUMN,events,event_corrections,original_event_id,uuid,NO,
COLUMN,events,event_corrections,correction_event_id,uuid,NO,
COLUMN,events,event_corrections,reason_masked,text,NO,
COLUMN,events,event_corrections,created_at,timestamp with time zone,NO,now()
COLUMN,events,event_deduplication,deduplication_key,text,NO,
COLUMN,events,event_deduplication,event_id,uuid,NO,
COLUMN,events,event_deduplication,checksum,text,NO,
COLUMN,events,event_deduplication,created_at,timestamp with time zone,NO,now()
COLUMN,events,event_snapshots,id,uuid,NO,gen_random_uuid()
COLUMN,events,event_snapshots,order_id,uuid,NO,
COLUMN,events,event_snapshots,through_event_id,uuid,NO,
COLUMN,events,event_snapshots,state_masked,jsonb,NO,
COLUMN,events,event_snapshots,checksum,text,NO,
COLUMN,events,event_snapshots,created_at,timestamp with time zone,NO,now()
COLUMN,events,order_events,event_id,uuid,NO,gen_random_uuid()
COLUMN,events,order_events,order_id,uuid,YES,
COLUMN,events,order_events,event_type,text,NO,
COLUMN,events,order_events,occurred_at,timestamp with time zone,NO,
COLUMN,events,order_events,received_at,timestamp with time zone,NO,now()
COLUMN,events,order_events,source,text,NO,
COLUMN,events,order_events,source_record_id_hash,text,YES,
COLUMN,events,order_events,schema_version,integer,NO,1
COLUMN,events,order_events,payload_masked,jsonb,NO,'{}'::jsonb
COLUMN,events,order_events,checksum,text,NO,
COLUMN,events,order_events,deduplication_key,text,NO,
COLUMN,events,order_events,trust_level,text,NO,'MEDIUM'::text
COLUMN,events,order_events,freshness_status,text,NO,'FRESH'::text
COLUMN,events,order_events,masking_version,text,NO,
COLUMN,events,order_events,correlation_id,uuid,YES,
COLUMN,events,order_events,causation_id,uuid,YES,
COLUMN,events,order_events,run_mode,text,NO,'SIMULATION'::text
COLUMN,events,order_events,supersedes_event_id,uuid,YES,
COLUMN,events,order_events,created_at,timestamp with time zone,NO,now()
COLUMN,events,replay_runs,id,uuid,NO,gen_random_uuid()
COLUMN,events,replay_runs,order_id,uuid,YES,
COLUMN,events,replay_runs,status,text,NO,'PENDING'::text
COLUMN,events,replay_runs,from_timestamp,timestamp with time zone,YES,
COLUMN,events,replay_runs,to_timestamp,timestamp with time zone,YES,
COLUMN,events,replay_runs,event_count,integer,NO,0
COLUMN,events,replay_runs,result_checksum,text,YES,
COLUMN,events,replay_runs,started_at,timestamp with time zone,NO,now()
COLUMN,events,replay_runs,completed_at,timestamp with time zone,YES,
COLUMN,events,replay_runs,run_mode,text,NO,'SIMULATION'::text
COLUMN,integration,carrier_issue_code_registry,carrier,text,NO,
COLUMN,integration,carrier_issue_code_registry,market,text,NO,
COLUMN,integration,carrier_issue_code_registry,code,text,NO,
COLUMN,integration,carrier_issue_code_registry,normalized_type,text,NO,'UNKNOWN'::text
COLUMN,integration,carrier_issue_code_registry,description_example_sanitized,text,YES,
COLUMN,integration,carrier_issue_code_registry,first_seen_at,timestamp with time zone,NO,
COLUMN,integration,carrier_issue_code_registry,last_seen_at,timestamp with time zone,NO,
COLUMN,integration,carrier_issue_code_registry,occurrences,bigint,NO,1
COLUMN,integration,carrier_issue_code_registry,mapping_status,text,NO,'UNMAPPED'::text
COLUMN,integration,carrier_issue_code_registry,policy_id,text,YES,
COLUMN,integration,carrier_issue_code_registry,human_review,boolean,NO,true
COLUMN,integration,carrier_issue_code_registry,automation_allowed,boolean,NO,false
COLUMN,integration,carrier_issue_code_registry,actions_executed,integer,NO,0
COLUMN,integration,carrier_issue_code_registry,production_writes,integer,NO,0
COLUMN,integration,carrier_issue_code_registry,updated_at,timestamp with time zone,NO,now()
COLUMN,integration,carrier_issue_code_registry,last_verified_at,timestamp with time zone,YES,
COLUMN,integration,dropea_issues,market,text,NO,
COLUMN,integration,dropea_issues,store_id,text,NO,
COLUMN,integration,dropea_issues,dropea_issue_id,text,NO,
COLUMN,integration,dropea_issues,canonical_issue_id,text,NO,
COLUMN,integration,dropea_issues,canonical_order_id,text,NO,
COLUMN,integration,dropea_issues,dropea_order_id,text,NO,
COLUMN,integration,dropea_issues,carrier,text,NO,
COLUMN,integration,dropea_issues,canonical_type,text,NO,
COLUMN,integration,dropea_issues,secondary_type,text,NO,
COLUMN,integration,dropea_issues,raw_type,text,NO,
COLUMN,integration,dropea_issues,status,text,NO,
COLUMN,integration,dropea_issues,is_active,boolean,NO,
COLUMN,integration,dropea_issues,initial_carrier_code,text,YES,
COLUMN,integration,dropea_issues,initial_carrier_description_sanitized,text,YES,
COLUMN,integration,dropea_issues,initial_carrier_substatus_code,text,YES,
COLUMN,integration,dropea_issues,allowed_resolution_options,ARRAY,NO,'{}'::text[]
COLUMN,integration,dropea_issues,capability_status,text,NO,
COLUMN,integration,dropea_issues,resolution_status,text,YES,
COLUMN,integration,dropea_issues,pickup_point_masked,jsonb,YES,
COLUMN,integration,dropea_issues,delivery_attempt_number,text,NO,'UNKNOWN'::text
COLUMN,integration,dropea_issues,created_at_utc,timestamp with time zone,NO,
COLUMN,integration,dropea_issues,updated_at_utc,timestamp with time zone,NO,
COLUMN,integration,dropea_issues,source_event_id,text,YES,
COLUMN,integration,dropea_issues,source_version,text,NO,
COLUMN,integration,dropea_issues,observed_at,timestamp with time zone,NO,
COLUMN,integration,dropea_issues,payload_hash,text,NO,
COLUMN,integration,dropea_issues,data_freshness,text,NO,
COLUMN,integration,dropea_issues,human_review,boolean,NO,
COLUMN,integration,dropea_issues,automation_allowed,boolean,NO,false
COLUMN,integration,dropea_issues,first_seen_at,timestamp with time zone,NO,now()
COLUMN,integration,dropea_issues,last_seen_at,timestamp with time zone,NO,now()
COLUMN,integration,dropea_issues,shadow_mirror_writes,integer,NO,1
COLUMN,integration,dropea_issues,actions_executed,integer,NO,0
COLUMN,integration,dropea_issues,production_writes,integer,NO,0
COLUMN,integration,dropea_orders,market,text,NO,
COLUMN,integration,dropea_orders,store_id,text,NO,
COLUMN,integration,dropea_orders,dropea_order_id,text,NO,
COLUMN,integration,dropea_orders,canonical_order_id,text,NO,
COLUMN,integration,dropea_orders,external_order_id_hash,text,YES,
COLUMN,integration,dropea_orders,external_order_id_ciphertext,text,YES,
COLUMN,integration,dropea_orders,status,text,NO,
COLUMN,integration,dropea_orders,sub_status,text,YES,
COLUMN,integration,dropea_orders,lifecycle_status,text,NO,
COLUMN,integration,dropea_orders,total_amount,numeric,NO,
COLUMN,integration,dropea_orders,currency,text,NO,
COLUMN,integration,dropea_orders,payment_method,text,YES,
COLUMN,integration,dropea_orders,carrier,text,YES,
COLUMN,integration,dropea_orders,service_type,text,YES,
COLUMN,integration,dropea_orders,line_items_masked,jsonb,NO,'[]'::jsonb
COLUMN,integration,dropea_orders,canonical_product_keys,ARRAY,NO,'{}'::text[]
COLUMN,integration,dropea_orders,product_display_names,jsonb,NO,'[]'::jsonb
COLUMN,integration,dropea_orders,normalized_address_hash,text,YES,
COLUMN,integration,dropea_orders,shipping_address_ciphertext,text,YES,
COLUMN,integration,dropea_orders,address_line_2_present,boolean,NO,false
COLUMN,integration,dropea_orders,created_at_utc,timestamp with time zone,NO,
COLUMN,integration,dropea_orders,updated_at_utc,timestamp with time zone,NO,
COLUMN,integration,dropea_orders,confirmed_at_utc,timestamp with time zone,YES,
COLUMN,integration,dropea_orders,delivered_at_utc,timestamp with time zone,YES,
COLUMN,integration,dropea_orders,source_system,text,NO,'DROPEA_PUBLIC_API_V2'::text
COLUMN,integration,dropea_orders,source_version,text,NO,
COLUMN,integration,dropea_orders,schema_version,text,NO,
COLUMN,integration,dropea_orders,observed_at,timestamp with time zone,NO,
COLUMN,integration,dropea_orders,payload_hash,text,NO,
COLUMN,integration,dropea_orders,data_freshness,text,NO,
COLUMN,integration,dropea_orders,historical_pre_cutover,boolean,NO,false
COLUMN,integration,dropea_orders,first_seen_at,timestamp with time zone,NO,now()
COLUMN,integration,dropea_orders,last_seen_at,timestamp with time zone,NO,now()
COLUMN,integration,dropea_orders,shadow_mirror_writes,integer,NO,1
COLUMN,integration,dropea_orders,actions_executed,integer,NO,0
COLUMN,integration,dropea_orders,production_writes,integer,NO,0
COLUMN,integration,dropea_orders,customer_identity_hash,text,YES,
COLUMN,integration,dropea_orders,processing_at_utc,timestamp with time zone,YES,
COLUMN,integration,dropea_orders,cancelled_at_utc,timestamp with time zone,YES,
COLUMN,integration,dropea_orders,returned_at_utc,timestamp with time zone,YES,
COLUMN,integration,dropea_store_config,market,text,NO,
COLUMN,integration,dropea_store_config,store_id,text,NO,
COLUMN,integration,dropea_store_config,base_url,text,NO,
COLUMN,integration,dropea_store_config,jwt_secret_reference,text,NO,
COLUMN,integration,dropea_store_config,jwt_expires_at,timestamp with time zone,NO,
COLUMN,integration,dropea_store_config,migration_cutover_at,timestamp with time zone,NO,
COLUMN,integration,dropea_store_config,native_v2_activation_at,timestamp with time zone,NO,
COLUMN,integration,dropea_store_config,historical_reingestion_allowed,boolean,NO,false
COLUMN,integration,dropea_store_config,enabled,boolean,NO,false
COLUMN,integration,dropea_store_config,updated_at,timestamp with time zone,NO,now()
COLUMN,integration,dropea_sync_checkpoints,market,text,NO,
COLUMN,integration,dropea_sync_checkpoints,store_id,text,NO,
COLUMN,integration,dropea_sync_checkpoints,resource_type,text,NO,
COLUMN,integration,dropea_sync_checkpoints,phase,text,NO,
COLUMN,integration,dropea_sync_checkpoints,page,integer,YES,
COLUMN,integration,dropea_sync_checkpoints,requested_limit,integer,NO,100
COLUMN,integration,dropea_sync_checkpoints,records_read,bigint,NO,0
COLUMN,integration,dropea_sync_checkpoints,records_inserted_to_shadow,bigint,NO,0
COLUMN,integration,dropea_sync_checkpoints,records_updated_in_shadow,bigint,NO,0
COLUMN,integration,dropea_sync_checkpoints,duplicates_skipped,bigint,NO,0
COLUMN,integration,dropea_sync_checkpoints,errors,bigint,NO,0
COLUMN,integration,dropea_sync_checkpoints,checkpoint_masked,jsonb,NO,'{}'::jsonb
COLUMN,integration,dropea_sync_checkpoints,sync_started_at,timestamp with time zone,YES,
COLUMN,integration,dropea_sync_checkpoints,sync_completed_at,timestamp with time zone,YES,
COLUMN,integration,dropea_sync_checkpoints,source_updated_at,timestamp with time zone,YES,
COLUMN,integration,dropea_sync_checkpoints,freshness,text,NO,'UNKNOWN'::text
COLUMN,integration,dropea_sync_checkpoints,pagination_complete,boolean,NO,false
COLUMN,integration,dropea_sync_checkpoints,last_error_code,text,YES,
COLUMN,integration,dropea_sync_checkpoints,updated_at,timestamp with time zone,NO,now()
COLUMN,integration,dropea_sync_checkpoints,actions_executed,integer,NO,0
COLUMN,integration,dropea_sync_checkpoints,production_writes,integer,NO,0
COLUMN,integration,dropea_webhook_events,event_id,text,NO,
COLUMN,integration,dropea_webhook_events,topic,text,NO,
COLUMN,integration,dropea_webhook_events,market,text,NO,
COLUMN,integration,dropea_webhook_events,store_id,text,NO,
COLUMN,integration,dropea_webhook_events,resource_id,text,NO,
COLUMN,integration,dropea_webhook_events,payload_hash,text,NO,
COLUMN,integration,dropea_webhook_events,auth_status,text,NO,
COLUMN,integration,dropea_webhook_events,event_at,timestamp with time zone,NO,
COLUMN,integration,dropea_webhook_events,received_at,timestamp with time zone,NO,now()
COLUMN,integration,dropea_webhook_events,processing_status,text,NO,'PENDING'::text
COLUMN,integration,dropea_webhook_events,late_event,boolean,NO,false
COLUMN,integration,dropea_webhook_events,actions_executed,integer,NO,0
COLUMN,integration,dropea_webhook_events,production_writes,integer,NO,0
COLUMN,knowledge,facts,fact_id,text,NO,
COLUMN,knowledge,facts,fact_type,text,NO,
COLUMN,knowledge,facts,entity_hash,text,YES,
COLUMN,knowledge,facts,value_masked,jsonb,NO,
COLUMN,knowledge,facts,verification_status,text,NO,
COLUMN,knowledge,facts,source,text,NO,
COLUMN,knowledge,facts,confidence,numeric,NO,
COLUMN,knowledge,facts,observed_at,timestamp with time zone,NO,
COLUMN,mcp,active_timers,id,uuid,YES,
COLUMN,mcp,active_timers,order_id,uuid,YES,
COLUMN,mcp,active_timers,incident_id,uuid,YES,
COLUMN,mcp,active_timers,workflow,text,YES,
COLUMN,mcp,active_timers,status,text,YES,
COLUMN,mcp,active_timers,started_at,timestamp with time zone,YES,
COLUMN,mcp,active_timers,deadline_at,timestamp with time zone,YES,
COLUMN,mcp,active_timers,policy_version,text,YES,
COLUMN,mcp,active_timers,created_at,timestamp with time zone,YES,
COLUMN,mcp,agent_decisions,decision_id,uuid,YES,
COLUMN,mcp,agent_decisions,order_id,uuid,YES,
COLUMN,mcp,agent_decisions,snapshot_version,text,YES,
COLUMN,mcp,agent_decisions,workflow,text,YES,
COLUMN,mcp,agent_decisions,route,text,YES,
COLUMN,mcp,agent_decisions,proposed_action,text,YES,
COLUMN,mcp,agent_decisions,final_confidence,numeric,YES,
COLUMN,mcp,agent_decisions,reason_summary,text,YES,
COLUMN,mcp,agent_decisions,risk_level,text,YES,
COLUMN,mcp,agent_decisions,qa_status,text,YES,
COLUMN,mcp,agent_decisions,requires_human_review,boolean,YES,
COLUMN,mcp,agent_decisions,actions_executed,integer,YES,
COLUMN,mcp,agent_decisions,run_mode,text,YES,
COLUMN,mcp,agent_decisions,policy_versions,ARRAY,YES,
COLUMN,mcp,agent_decisions,created_at,timestamp with time zone,YES,
COLUMN,mcp,call_audit,id,uuid,NO,gen_random_uuid()
COLUMN,mcp,call_audit,request_id,uuid,NO,
COLUMN,mcp,call_audit,tool_name,text,NO,
COLUMN,mcp,call_audit,principal_hash,text,NO,
COLUMN,mcp,call_audit,scopes,ARRAY,NO,'{}'::text[]
COLUMN,mcp,call_audit,input_hash,text,NO,
COLUMN,mcp,call_audit,output_hash,text,YES,
COLUMN,mcp,call_audit,authorization_result,text,NO,
COLUMN,mcp,call_audit,pii_scan_result,text,NO,
COLUMN,mcp,call_audit,actions_executed,integer,NO,0
COLUMN,mcp,call_audit,run_mode,text,NO,'SIMULATION'::text
COLUMN,mcp,call_audit,duration_ms,integer,YES,
COLUMN,mcp,call_audit,created_at,timestamp with time zone,NO,now()
COLUMN,mcp,clients,id,uuid,NO,gen_random_uuid()
COLUMN,mcp,clients,client_name,text,NO,
COLUMN,mcp,clients,principal_hash,text,NO,
COLUMN,mcp,clients,status,text,NO,'ACTIVE'::text
COLUMN,mcp,clients,created_at,timestamp with time zone,NO,now()
COLUMN,mcp,clients,revoked_at,timestamp with time zone,YES,
COLUMN,mcp,data_freshness,source,text,YES,
COLUMN,mcp,data_freshness,last_success_at,timestamp with time zone,YES,
COLUMN,mcp,data_freshness,last_failure_at,timestamp with time zone,YES,
COLUMN,mcp,data_freshness,lag_seconds,bigint,YES,
COLUMN,mcp,data_freshness,status,text,YES,
COLUMN,mcp,data_freshness,checked_at,timestamp with time zone,YES,
COLUMN,mcp,order_timeline,event_id,uuid,YES,
COLUMN,mcp,order_timeline,order_id,uuid,YES,
COLUMN,mcp,order_timeline,event_type,text,YES,
COLUMN,mcp,order_timeline,occurred_at,timestamp with time zone,YES,
COLUMN,mcp,order_timeline,received_at,timestamp with time zone,YES,
COLUMN,mcp,order_timeline,source,text,YES,
COLUMN,mcp,order_timeline,payload_masked,jsonb,YES,
COLUMN,mcp,order_timeline,trust_level,text,YES,
COLUMN,mcp,order_timeline,freshness_status,text,YES,
COLUMN,mcp,order_timeline,run_mode,text,YES,
COLUMN,mcp,orders_read,id,uuid,YES,
COLUMN,mcp,orders_read,external_order_id,text,YES,
COLUMN,mcp,orders_read,source_status,text,YES,
COLUMN,mcp,orders_read,canonical_status,text,YES,
COLUMN,mcp,orders_read,currency,text,YES,
COLUMN,mcp,orders_read,total_amount,numeric,YES,
COLUMN,mcp,orders_read,created_at_source,timestamp with time zone,YES,
COLUMN,mcp,orders_read,last_source_update_at,timestamp with time zone,YES,
COLUMN,mcp,orders_read,display_name_masked,text,YES,
COLUMN,mcp,orders_read,phone_masked,text,YES,
COLUMN,mcp,orders_read,email_masked,text,YES,
COLUMN,mcp,orders_read,address_masked,text,YES,
COLUMN,mcp,orders_read,masking_version,text,YES,
COLUMN,mcp,orders_requiring_review,decision_id,uuid,YES,
COLUMN,mcp,orders_requiring_review,order_id,uuid,YES,
COLUMN,mcp,orders_requiring_review,workflow,text,YES,
COLUMN,mcp,orders_requiring_review,route,text,YES,
COLUMN,mcp,orders_requiring_review,proposed_action,text,YES,
COLUMN,mcp,orders_requiring_review,final_confidence,numeric,YES,
COLUMN,mcp,orders_requiring_review,reason_summary,text,YES,
COLUMN,mcp,orders_requiring_review,risk_level,text,YES,
COLUMN,mcp,orders_requiring_review,created_at,timestamp with time zone,YES,
COLUMN,mcp,orders_requiring_review,priority,integer,YES,
COLUMN,mcp,orders_requiring_review,review_status,text,YES,
COLUMN,mcp,scopes,id,uuid,NO,gen_random_uuid()
COLUMN,mcp,scopes,client_id,uuid,NO,
COLUMN,mcp,scopes,scope,text,NO,
COLUMN,mcp,scopes,expires_at,timestamp with time zone,YES,
COLUMN,mcp,scopes,created_at,timestamp with time zone,NO,now()
COLUMN,mcp,security_events,id,uuid,NO,gen_random_uuid()
COLUMN,mcp,security_events,request_id,uuid,YES,
COLUMN,mcp,security_events,principal_hash,text,YES,
COLUMN,mcp,security_events,event_type,text,NO,
COLUMN,mcp,security_events,severity,text,NO,
COLUMN,mcp,security_events,detail_masked,jsonb,NO,'{}'::jsonb
COLUMN,mcp,security_events,created_at,timestamp with time zone,NO,now()
COLUMN,mcp,tool_executions,id,uuid,NO,gen_random_uuid()
COLUMN,mcp,tool_executions,request_id,uuid,NO,
COLUMN,mcp,tool_executions,client_id,uuid,YES,
COLUMN,mcp,tool_executions,tool_name,text,NO,
COLUMN,mcp,tool_executions,input_hash,text,NO,
COLUMN,mcp,tool_executions,output_hash,text,YES,
COLUMN,mcp,tool_executions,status,text,NO,
COLUMN,mcp,tool_executions,duration_ms,integer,YES,
COLUMN,mcp,tool_executions,actions_executed,integer,NO,0
COLUMN,mcp,tool_executions,run_mode,text,NO,'SIMULATION'::text
COLUMN,mcp,tool_executions,created_at,timestamp with time zone,NO,now()
COLUMN,migration,batches,batch_id,uuid,NO,gen_random_uuid()
COLUMN,migration,batches,source,text,NO,
COLUMN,migration,batches,source_object,text,NO,
COLUMN,migration,batches,range_start,timestamp with time zone,YES,
COLUMN,migration,batches,range_end,timestamp with time zone,YES,
COLUMN,migration,batches,source_records,bigint,NO,0
COLUMN,migration,batches,imported_records,bigint,NO,0
COLUMN,migration,batches,transformed_records,bigint,NO,0
COLUMN,migration,batches,rejected_records,bigint,NO,0
COLUMN,migration,batches,duplicate_records,bigint,NO,0
COLUMN,migration,batches,errors,bigint,NO,0
COLUMN,migration,batches,checksum,text,YES,
COLUMN,migration,batches,masking_status,text,NO,'PENDING'::text
COLUMN,migration,batches,reconciliation_status,text,NO,'PENDING'::text
COLUMN,migration,batches,rollback_status,text,NO,'AVAILABLE'::text
COLUMN,migration,batches,status,text,NO,'PENDING'::text
COLUMN,migration,batches,started_at,timestamp with time zone,NO,now()
COLUMN,migration,batches,completed_at,timestamp with time zone,YES,
COLUMN,migration,batches,run_mode,text,NO,'SHADOW_READ_ONLY'::text
COLUMN,migration,batches,actions_executed,integer,NO,0
COLUMN,migration,batches,production_writes,integer,NO,0
COLUMN,migration,checkpoints,source,text,NO,
COLUMN,migration,checkpoints,source_object,text,NO,
COLUMN,migration,checkpoints,cursor_masked,text,YES,
COLUMN,migration,checkpoints,last_seen_at,timestamp with time zone,YES,
COLUMN,migration,checkpoints,last_success_at,timestamp with time zone,YES,
COLUMN,migration,checkpoints,last_failure_at,timestamp with time zone,YES,
COLUMN,migration,checkpoints,lag_seconds,bigint,YES,
COLUMN,migration,checkpoints,status,text,NO,'UNKNOWN'::text
COLUMN,migration,checkpoints,updated_at,timestamp with time zone,NO,now()
COLUMN,migration,rejections,id,uuid,NO,gen_random_uuid()
COLUMN,migration,rejections,batch_id,uuid,NO,
COLUMN,migration,rejections,source_record_hash,text,YES,
COLUMN,migration,rejections,reason_code,text,NO,
COLUMN,migration,rejections,detail_masked,jsonb,NO,'{}'::jsonb
COLUMN,migration,rejections,created_at,timestamp with time zone,NO,now()
COLUMN,migration,source_inventory,source,text,NO,
COLUMN,migration,source_inventory,source_object,text,NO,
COLUMN,migration,source_inventory,classification,text,NO,
COLUMN,migration,source_inventory,record_count,bigint,NO,0
COLUMN,migration,source_inventory,oldest_at,timestamp with time zone,YES,
COLUMN,migration,source_inventory,newest_at,timestamp with time zone,YES,
COLUMN,migration,source_inventory,schema_fingerprint,text,YES,
COLUMN,migration,source_inventory,inventoried_at,timestamp with time zone,NO,now()
COLUMN,operations,active_customer_product_guard,guard_id,uuid,NO,gen_random_uuid()
COLUMN,operations,active_customer_product_guard,customer_identity_hash,text,NO,
COLUMN,operations,active_customer_product_guard,canonical_product_key,text,NO,
COLUMN,operations,active_customer_product_guard,active_order_id,text,NO,
COLUMN,operations,active_customer_product_guard,status,text,NO,
COLUMN,operations,active_customer_product_guard,acquired_at,timestamp with time zone,NO,now()
COLUMN,operations,active_customer_product_guard,released_at,timestamp with time zone,YES,
COLUMN,operations,active_customer_product_guard,idempotency_key,text,NO,
COLUMN,operations,active_customer_product_guard,policy_version,text,NO,
COLUMN,operations,active_customer_product_guard,created_at,timestamp with time zone,NO,now()
COLUMN,operations,active_customer_product_guard,updated_at,timestamp with time zone,NO,now()
COLUMN,operations,chatby_contact_lifecycle,lifecycle_id,uuid,NO,gen_random_uuid()
COLUMN,operations,chatby_contact_lifecycle,chatby_contact_id_encrypted,bytea,YES,
COLUMN,operations,chatby_contact_lifecycle,chatby_contact_id_hash,text,NO,
COLUMN,operations,chatby_contact_lifecycle,phone_last4,text,YES,
COLUMN,operations,chatby_contact_lifecycle,lifecycle_status,text,NO,
COLUMN,operations,chatby_contact_lifecycle,linked_active_orders,integer,NO,0
COLUMN,operations,chatby_contact_lifecycle,linked_terminal_orders,integer,NO,0
COLUMN,operations,chatby_contact_lifecycle,linked_unknown_orders,integer,NO,0
COLUMN,operations,chatby_contact_lifecycle,blockers,ARRAY,NO,'{}'::text[]
COLUMN,operations,chatby_contact_lifecycle,eligible_at,timestamp with time zone,YES,
COLUMN,operations,chatby_contact_lifecycle,delete_requested_at,timestamp with time zone,YES,
COLUMN,operations,chatby_contact_lifecycle,deleted_at,timestamp with time zone,YES,
COLUMN,operations,chatby_contact_lifecycle,deletion_result,text,YES,
COLUMN,operations,chatby_contact_lifecycle,idempotency_key,text,YES,
COLUMN,operations,chatby_contact_lifecycle,policy_version,text,NO,
COLUMN,operations,chatby_contact_lifecycle,created_at,timestamp with time zone,NO,now()
COLUMN,operations,chatby_contact_lifecycle,updated_at,timestamp with time zone,NO,now()
COLUMN,operations,chatby_conversation_events,event_id,uuid,NO,gen_random_uuid()
COLUMN,operations,chatby_conversation_events,chatby_conversation_id_hash,text,NO,
COLUMN,operations,chatby_conversation_events,chatby_contact_id_hash,text,NO,
COLUMN,operations,chatby_conversation_events,chatby_message_id_hash,text,NO,
COLUMN,operations,chatby_conversation_events,canonical_order_id,text,NO,
COLUMN,operations,chatby_conversation_events,canonical_issue_id,text,YES,
COLUMN,operations,chatby_conversation_events,direction,text,NO,
COLUMN,operations,chatby_conversation_events,message_type,text,NO,
COLUMN,operations,chatby_conversation_events,template_id_hash,text,YES,
COLUMN,operations,chatby_conversation_events,button_payload,text,YES,
COLUMN,operations,chatby_conversation_events,sanitized_text,text,YES,
COLUMN,operations,chatby_conversation_events,occurred_at,timestamp with time zone,NO,
COLUMN,operations,chatby_conversation_events,ingested_at,timestamp with time zone,NO,now()
COLUMN,operations,chatby_conversation_events,source_event_id,text,YES,
COLUMN,operations,chatby_conversation_events,incident_version,text,YES,
COLUMN,operations,chatby_conversation_events,relevance_status,text,NO,'NOT_ASSESSED'::text
COLUMN,operations,chatby_conversation_events,intent,text,NO,'UNKNOWN'::text
COLUMN,operations,chatby_conversation_events,intent_confidence,numeric,YES,
COLUMN,operations,chatby_conversation_events,superseded_by,uuid,YES,
COLUMN,operations,chatby_conversation_events,payload_hash,text,NO,
COLUMN,operations,chatby_conversation_events,actions_executed,integer,NO,0
COLUMN,operations,chatby_conversation_events,production_writes,integer,NO,0
COLUMN,operations,chatby_conversation_links,canonical_issue_id,text,NO,
COLUMN,operations,chatby_conversation_links,canonical_order_id,text,NO,
COLUMN,operations,chatby_conversation_links,chatby_conversation_id_hash,text,YES,
COLUMN,operations,chatby_conversation_links,chatby_contact_id_hash,text,YES,
COLUMN,operations,chatby_conversation_links,conversation_status,text,NO,
COLUMN,operations,chatby_conversation_links,reason_code,text,NO,
COLUMN,operations,chatby_conversation_links,identity_method,text,NO,
COLUMN,operations,chatby_conversation_links,evidence_hash,text,YES,
COLUMN,operations,chatby_conversation_links,last_customer_message_at,timestamp with time zone,YES,
COLUMN,operations,chatby_conversation_links,last_suleia_message_at,timestamp with time zone,YES,
COLUMN,operations,chatby_conversation_links,last_button,text,YES,
COLUMN,operations,chatby_conversation_links,latest_template_hash,text,YES,
COLUMN,operations,chatby_conversation_links,customer_replied,boolean,NO,false
COLUMN,operations,chatby_conversation_links,conversation_age_seconds,bigint,YES,
COLUMN,operations,chatby_conversation_links,conversation_freshness,text,NO,'UNKNOWN'::text
COLUMN,operations,chatby_conversation_links,message_count,integer,NO,0
COLUMN,operations,chatby_conversation_links,observed_at,timestamp with time zone,NO,now()
COLUMN,operations,chatby_conversation_links,actions_executed,integer,NO,0
COLUMN,operations,chatby_conversation_links,production_writes,integer,NO,0
COLUMN,operations,chatby_conversation_links,conversation_source_version,text,NO,'CHATBY_POLL_V1'::text
COLUMN,operations,dead_letter_queue,id,uuid,NO,gen_random_uuid()
COLUMN,operations,dead_letter_queue,job_id,uuid,YES,
COLUMN,operations,dead_letter_queue,job_type,text,NO,
COLUMN,operations,dead_letter_queue,payload_masked,jsonb,NO,
COLUMN,operations,dead_letter_queue,failure_reason_masked,text,NO,
COLUMN,operations,dead_letter_queue,failed_at,timestamp with time zone,NO,now()
COLUMN,operations,dead_letter_queue,resolved_at,timestamp with time zone,YES,
COLUMN,operations,idempotency_keys,key,text,NO,
COLUMN,operations,idempotency_keys,operation,text,NO,
COLUMN,operations,idempotency_keys,result_hash,text,YES,
COLUMN,operations,idempotency_keys,expires_at,timestamp with time zone,YES,
COLUMN,operations,idempotency_keys,created_at,timestamp with time zone,NO,now()
COLUMN,operations,incident_discount_workflow,workflow_id,uuid,NO,gen_random_uuid()
COLUMN,operations,incident_discount_workflow,canonical_issue_id,text,NO,
COLUMN,operations,incident_discount_workflow,canonical_order_id,text,NO,
COLUMN,operations,incident_discount_workflow,status,text,NO,
COLUMN,operations,incident_discount_workflow,eligible_at,timestamp with time zone,YES,
COLUMN,operations,incident_discount_workflow,offer_prepared_at,timestamp with time zone,YES,
COLUMN,operations,incident_discount_workflow,customer_response_at,timestamp with time zone,YES,
COLUMN,operations,incident_discount_workflow,discount_amount,numeric,NO,0
COLUMN,operations,incident_discount_workflow,timer_id,text,YES,
COLUMN,operations,incident_discount_workflow,policy_version,text,NO,
COLUMN,operations,incident_discount_workflow,actions_executed,integer,NO,0
COLUMN,operations,incident_discount_workflow,production_writes,integer,NO,0
COLUMN,operations,incident_discount_workflow,created_at,timestamp with time zone,NO,now()
COLUMN,operations,incident_discount_workflow,updated_at,timestamp with time zone,NO,now()
COLUMN,operations,incident_intent_timeline,intent_id,uuid,NO,gen_random_uuid()
COLUMN,operations,incident_intent_timeline,canonical_issue_id,text,NO,
COLUMN,operations,incident_intent_timeline,canonical_order_id,text,NO,
COLUMN,operations,incident_intent_timeline,message_id_hash,text,NO,
COLUMN,operations,incident_intent_timeline,detected_at,timestamp with time zone,NO,
COLUMN,operations,incident_intent_timeline,detected_intent,text,NO,
COLUMN,operations,incident_intent_timeline,confidence,numeric,YES,
COLUMN,operations,incident_intent_timeline,contradiction,boolean,NO,false
COLUMN,operations,incident_intent_timeline,supersedes_intent_id,uuid,YES,
COLUMN,operations,incident_intent_timeline,relevant_to_issue_version,text,NO,
COLUMN,operations,incident_intent_timeline,summary_masked,text,YES,
COLUMN,operations,incident_intent_timeline,actions_executed,integer,NO,0
COLUMN,operations,incident_simulation_decisions,simulation_id,text,NO,
COLUMN,operations,incident_simulation_decisions,canonical_issue_id,text,NO,
COLUMN,operations,incident_simulation_decisions,canonical_order_id,text,NO,
COLUMN,operations,incident_simulation_decisions,issue_version,text,NO,
COLUMN,operations,incident_simulation_decisions,source_event_id,text,NO,
COLUMN,operations,incident_simulation_decisions,dropea_snapshot_at,timestamp with time zone,NO,
COLUMN,operations,incident_simulation_decisions,chatby_snapshot_at,timestamp with time zone,YES,
COLUMN,operations,incident_simulation_decisions,policy_version,text,NO,
COLUMN,operations,incident_simulation_decisions,connector_version,text,NO,
COLUMN,operations,incident_simulation_decisions,issue_type,text,NO,
COLUMN,operations,incident_simulation_decisions,delivery_attempt_number,text,NO,'UNKNOWN'::text
COLUMN,operations,incident_simulation_decisions,customer_has_replied,boolean,NO,
COLUMN,operations,incident_simulation_decisions,customer_intent,text,NO,
COLUMN,operations,incident_simulation_decisions,interpretation_summary,text,NO,
COLUMN,operations,incident_simulation_decisions,facts_used,jsonb,NO,'[]'::jsonb
COLUMN,operations,incident_simulation_decisions,facts_ignored,jsonb,NO,'[]'::jsonb
COLUMN,operations,incident_simulation_decisions,allowed_resolution_options,ARRAY,NO,'{}'::text[]
COLUMN,operations,incident_simulation_decisions,gls_feasibility,jsonb,NO,'{}'::jsonb
COLUMN,operations,incident_simulation_decisions,simulated_decision,text,NO,
COLUMN,operations,incident_simulation_decisions,simulated_action,jsonb,YES,
COLUMN,operations,incident_simulation_decisions,missing_data,ARRAY,NO,'{}'::text[]
COLUMN,operations,incident_simulation_decisions,blocking_reasons,ARRAY,NO,'{}'::text[]
COLUMN,operations,incident_simulation_decisions,risk,text,NO,
COLUMN,operations,incident_simulation_decisions,confidence,numeric,YES,
COLUMN,operations,incident_simulation_decisions,qa_status,text,NO,
COLUMN,operations,incident_simulation_decisions,human_review,boolean,NO,
COLUMN,operations,incident_simulation_decisions,timer_status,text,YES,
COLUMN,operations,incident_simulation_decisions,execution_available,boolean,NO,false
COLUMN,operations,incident_simulation_decisions,external_write_attempted,boolean,NO,false
COLUMN,operations,incident_simulation_decisions,actions_executed,integer,NO,0
COLUMN,operations,incident_simulation_decisions,production_writes,integer,NO,0
COLUMN,operations,incident_simulation_decisions,created_at,timestamp with time zone,NO,now()
COLUMN,operations,incident_simulation_decisions,superseded_at,timestamp with time zone,YES,
COLUMN,operations,incident_timers,timer_id,text,NO,
COLUMN,operations,incident_timers,canonical_order_id,text,NO,
COLUMN,operations,incident_timers,canonical_issue_id,text,NO,
COLUMN,operations,incident_timers,issue_version,text,NO,
COLUMN,operations,incident_timers,source_event_id,text,NO,
COLUMN,operations,incident_timers,timer_type,text,NO,
COLUMN,operations,incident_timers,started_at,timestamp with time zone,NO,
COLUMN,operations,incident_timers,due_at,timestamp with time zone,NO,
COLUMN,operations,incident_timers,status,text,NO,
COLUMN,operations,incident_timers,policy_version,text,NO,
COLUMN,operations,incident_timers,superseded_by,text,YES,
COLUMN,operations,incident_timers,created_at,timestamp with time zone,NO,now()
COLUMN,operations,incident_timers,updated_at,timestamp with time zone,NO,now()
COLUMN,operations,incident_timers,actions_executed,integer,NO,0
COLUMN,operations,incident_timers,production_writes,integer,NO,0
COLUMN,operations,job_runs,id,uuid,NO,gen_random_uuid()
COLUMN,operations,job_runs,job_id,uuid,NO,
COLUMN,operations,job_runs,attempt,integer,NO,
COLUMN,operations,job_runs,worker_id,text,YES,
COLUMN,operations,job_runs,status,text,NO,
COLUMN,operations,job_runs,started_at,timestamp with time zone,NO,now()
COLUMN,operations,job_runs,completed_at,timestamp with time zone,YES,
COLUMN,operations,job_runs,error_masked,text,YES,
COLUMN,operations,jobs,id,uuid,NO,gen_random_uuid()
COLUMN,operations,jobs,job_type,text,NO,
COLUMN,operations,jobs,status,text,NO,'PENDING'::text
COLUMN,operations,jobs,payload_masked,jsonb,NO,'{}'::jsonb
COLUMN,operations,jobs,attempts,integer,NO,0
COLUMN,operations,jobs,max_attempts,integer,NO,5
COLUMN,operations,jobs,run_after,timestamp with time zone,NO,now()
COLUMN,operations,jobs,locked_at,timestamp with time zone,YES,
COLUMN,operations,jobs,locked_by,text,YES,
COLUMN,operations,jobs,last_error_masked,text,YES,
COLUMN,operations,jobs,deduplication_key,text,NO,
COLUMN,operations,jobs,created_at,timestamp with time zone,NO,now()
COLUMN,operations,jobs,completed_at,timestamp with time zone,YES,
COLUMN,operations,order_duplicate_assessments,assessment_id,uuid,NO,gen_random_uuid()
COLUMN,operations,order_duplicate_assessments,candidate_order_id,text,NO,
COLUMN,operations,order_duplicate_assessments,conflicting_order_id,text,YES,
COLUMN,operations,order_duplicate_assessments,identity_status,text,NO,
COLUMN,operations,order_duplicate_assessments,product_match,text,NO,
COLUMN,operations,order_duplicate_assessments,result,text,NO,
COLUMN,operations,order_duplicate_assessments,blocking_reason,text,YES,
COLUMN,operations,order_duplicate_assessments,confidence,numeric,YES,
COLUMN,operations,order_duplicate_assessments,reviewed_by_hash,text,YES,
COLUMN,operations,order_duplicate_assessments,reviewed_at,timestamp with time zone,YES,
COLUMN,operations,order_duplicate_assessments,policy_version,text,NO,
COLUMN,operations,order_duplicate_assessments,created_at,timestamp with time zone,NO,now()
COLUMN,operations,reconciliation_results,id,uuid,NO,gen_random_uuid()
COLUMN,operations,reconciliation_results,source,text,NO,
COLUMN,operations,reconciliation_results,entity_type,text,NO,
COLUMN,operations,reconciliation_results,expected_count,bigint,YES,
COLUMN,operations,reconciliation_results,actual_count,bigint,YES,
COLUMN,operations,reconciliation_results,expected_checksum,text,YES,
COLUMN,operations,reconciliation_results,actual_checksum,text,YES,
COLUMN,operations,reconciliation_results,status,text,NO,
COLUMN,operations,reconciliation_results,details,jsonb,NO,'{}'::jsonb
COLUMN,operations,reconciliation_results,checked_at,timestamp with time zone,NO,now()
COLUMN,operations,releasit_configuration_snapshots,snapshot_id,uuid,NO,gen_random_uuid()
COLUMN,operations,releasit_configuration_snapshots,configuration_hash,text,NO,
COLUMN,operations,releasit_configuration_snapshots,blocked_number_count,integer,NO,
COLUMN,operations,releasit_configuration_snapshots,captured_at,timestamp with time zone,NO,now()
COLUMN,operations,releasit_configuration_snapshots,operation_id,uuid,YES,
COLUMN,operations,releasit_configuration_snapshots,encrypted_backup_reference,text,NO,
COLUMN,operations,releasit_configuration_snapshots,created_at,timestamp with time zone,NO,now()
COLUMN,operations,releasit_phone_block_events,event_id,uuid,NO,gen_random_uuid()
COLUMN,operations,releasit_phone_block_events,canonical_order_id,text,NO,
COLUMN,operations,releasit_phone_block_events,dropea_order_id,text,YES,
COLUMN,operations,releasit_phone_block_events,phone_encrypted,bytea,YES,
COLUMN,operations,releasit_phone_block_events,phone_hash,text,NO,
COLUMN,operations,releasit_phone_block_events,phone_last4,text,NO,
COLUMN,operations,releasit_phone_block_events,reason,text,NO,
COLUMN,operations,releasit_phone_block_events,source_final_state,text,NO,
COLUMN,operations,releasit_phone_block_events,status,text,NO,
COLUMN,operations,releasit_phone_block_events,idempotency_key,text,NO,
COLUMN,operations,releasit_phone_block_events,attempts,integer,NO,0
COLUMN,operations,releasit_phone_block_events,last_error_code,text,YES,
COLUMN,operations,releasit_phone_block_events,requested_at,timestamp with time zone,YES,
COLUMN,operations,releasit_phone_block_events,verified_at,timestamp with time zone,YES,
COLUMN,operations,releasit_phone_block_events,policy_version,text,NO,
COLUMN,operations,releasit_phone_block_events,actor_hash,text,YES,
COLUMN,operations,releasit_phone_block_events,audit_event_ids,ARRAY,NO,'{}'::uuid[]
COLUMN,operations,releasit_phone_block_events,created_at,timestamp with time zone,NO,now()
COLUMN,operations,releasit_phone_block_events,updated_at,timestamp with time zone,NO,now()
COLUMN,operations,system_locks,lock_name,text,NO,
COLUMN,operations,system_locks,owner_id,text,NO,
COLUMN,operations,system_locks,acquired_at,timestamp with time zone,NO,now()
COLUMN,operations,system_locks,expires_at,timestamp with time zone,NO,
COLUMN,process_intelligence,observations,observation_id,text,NO,
COLUMN,process_intelligence,observations,process_type,text,NO,
COLUMN,process_intelligence,observations,entity_hash,text,YES,
COLUMN,process_intelligence,observations,state,text,NO,
COLUMN,process_intelligence,observations,duration_seconds,bigint,YES,
COLUMN,process_intelligence,observations,source,text,NO,
COLUMN,process_intelligence,observations,observed_at,timestamp with time zone,NO,
COLUMN,raw,ingestion_batches,id,uuid,NO,gen_random_uuid()
COLUMN,raw,ingestion_batches,source,text,NO,
COLUMN,raw,ingestion_batches,status,text,NO,'PENDING'::text
COLUMN,raw,ingestion_batches,received_count,integer,NO,0
COLUMN,raw,ingestion_batches,accepted_count,integer,NO,0
COLUMN,raw,ingestion_batches,rejected_count,integer,NO,0
COLUMN,raw,ingestion_batches,cursor_masked,text,YES,
COLUMN,raw,ingestion_batches,checksum,text,YES,
COLUMN,raw,ingestion_batches,started_at,timestamp with time zone,NO,now()
COLUMN,raw,ingestion_batches,completed_at,timestamp with time zone,YES,
COLUMN,raw,ingestion_batches,run_mode,text,NO,'SIMULATION'::text
COLUMN,raw,ingestion_errors,id,uuid,NO,gen_random_uuid()
COLUMN,raw,ingestion_errors,batch_id,uuid,YES,
COLUMN,raw,ingestion_errors,source_record_id_hash,text,YES,
COLUMN,raw,ingestion_errors,error_code,text,NO,
COLUMN,raw,ingestion_errors,error_detail_masked,text,YES,
COLUMN,raw,ingestion_errors,retryable,boolean,NO,false
COLUMN,raw,ingestion_errors,created_at,timestamp with time zone,NO,now()
COLUMN,raw,ingestion_records,id,uuid,NO,gen_random_uuid()
COLUMN,raw,ingestion_records,source,text,NO,
COLUMN,raw,ingestion_records,source_record_id,text,NO,
COLUMN,raw,ingestion_records,entity_type,text,NO,
COLUMN,raw,ingestion_records,payload,jsonb,NO,
COLUMN,raw,ingestion_records,payload_checksum,text,NO,
COLUMN,raw,ingestion_records,deduplication_key,text,NO,
COLUMN,raw,ingestion_records,source_occurred_at,timestamp with time zone,YES,
COLUMN,raw,ingestion_records,received_at,timestamp with time zone,NO,now()
COLUMN,raw,ingestion_records,masking_status,text,NO,'PENDING'::text
COLUMN,raw,ingestion_records,run_mode,text,NO,'SIMULATION'::text
COLUMN,raw,source_records,id,uuid,NO,gen_random_uuid()
COLUMN,raw,source_records,batch_id,uuid,NO,
COLUMN,raw,source_records,source,text,NO,
COLUMN,raw,source_records,source_record_id_hash,text,NO,
COLUMN,raw,source_records,entity_type,text,NO,
COLUMN,raw,source_records,payload_masked,jsonb,NO,
COLUMN,raw,source_records,checksum,text,NO,
COLUMN,raw,source_records,occurred_at,timestamp with time zone,YES,
COLUMN,raw,source_records,received_at,timestamp with time zone,NO,now()
COLUMN,raw_private,source_records,id,uuid,NO,gen_random_uuid()
COLUMN,raw_private,source_records,batch_id,uuid,NO,
COLUMN,raw_private,source_records,source,text,NO,
COLUMN,raw_private,source_records,source_object,text,NO,
COLUMN,raw_private,source_records,source_record_hash,text,NO,
COLUMN,raw_private,source_records,canonical_order_hash,text,YES,
COLUMN,raw_private,source_records,payload_masked,jsonb,NO,
COLUMN,raw_private,source_records,payload_checksum,text,NO,
COLUMN,raw_private,source_records,source_updated_at,timestamp with time zone,YES,
COLUMN,raw_private,source_records,imported_at,timestamp with time zone,NO,now()
COLUMN,raw_private,source_records,masking_version,text,NO,'shadow-v1'::text
COLUMN,raw_private,source_records,run_mode,text,NO,'SHADOW_READ_ONLY'::text
COLUMN,read_models,customer_operational_history,customer_key,text,YES,
COLUMN,read_models,customer_operational_history,orders_total,integer,YES,
COLUMN,read_models,customer_operational_history,delivered,integer,YES,
COLUMN,read_models,customer_operational_history,cancelled,integer,YES,
COLUMN,read_models,customer_operational_history,return_to_origin,integer,YES,
COLUMN,read_models,customer_operational_history,incidents,integer,YES,
COLUMN,read_models,customer_operational_history,first_absence,integer,YES,
COLUMN,read_models,customer_operational_history,second_absence,integer,YES,
COLUMN,read_models,customer_operational_history,refused,integer,YES,
COLUMN,read_models,customer_operational_history,pickup_at_agency,integer,YES,
COLUMN,read_models,customer_operational_history,recovery_success,integer,YES,
COLUMN,read_models,customer_operational_history,duplicate_attempts,integer,YES,
COLUMN,read_models,customer_operational_history,last_order_at,timestamp with time zone,YES,
COLUMN,read_models,customer_operational_history,run_mode,text,YES,
COLUMN,read_models,customer_operational_history,actions_executed,integer,YES,
COLUMN,read_models,customer_operational_history,production_writes,integer,YES,
COLUMN,read_models,customer_operational_history,orders_active,integer,YES,
COLUMN,read_models,customer_operational_history,recovery_attempts,integer,YES,
COLUMN,read_models,customer_operational_history,last_incident_at,timestamp with time zone,YES,
COLUMN,read_models,integration_carrier_issue_code_registry,carrier,text,YES,
COLUMN,read_models,integration_carrier_issue_code_registry,market,text,YES,
COLUMN,read_models,integration_carrier_issue_code_registry,code,text,YES,
COLUMN,read_models,integration_carrier_issue_code_registry,normalized_type,text,YES,
COLUMN,read_models,integration_carrier_issue_code_registry,description_example_sanitized,text,YES,
COLUMN,read_models,integration_carrier_issue_code_registry,first_seen_at,timestamp with time zone,YES,
COLUMN,read_models,integration_carrier_issue_code_registry,last_seen_at,timestamp with time zone,YES,
COLUMN,read_models,integration_carrier_issue_code_registry,occurrences,bigint,YES,
COLUMN,read_models,integration_carrier_issue_code_registry,mapping_status,text,YES,
COLUMN,read_models,integration_carrier_issue_code_registry,policy_id,text,YES,
COLUMN,read_models,integration_carrier_issue_code_registry,human_review_required,boolean,YES,
COLUMN,read_models,integration_carrier_issue_code_registry,automation_allowed,boolean,YES,
COLUMN,read_models,integration_carrier_issue_code_registry,updated_at,timestamp with time zone,YES,
COLUMN,read_models,integration_carrier_issue_code_registry,actions_executed,integer,YES,
COLUMN,read_models,integration_carrier_issue_code_registry,production_writes,integer,YES,
COLUMN,read_models,integration_carrier_issue_code_registry,last_verified_at,timestamp with time zone,YES,
COLUMN,read_models,integration_dropea_issues,market,text,YES,
COLUMN,read_models,integration_dropea_issues,store_id,text,YES,
COLUMN,read_models,integration_dropea_issues,dropea_issue_id,text,YES,
COLUMN,read_models,integration_dropea_issues,canonical_issue_id,text,YES,
COLUMN,read_models,integration_dropea_issues,canonical_order_id,text,YES,
COLUMN,read_models,integration_dropea_issues,dropea_order_id,text,YES,
COLUMN,read_models,integration_dropea_issues,carrier,text,YES,
COLUMN,read_models,integration_dropea_issues,canonical_type,text,YES,
COLUMN,read_models,integration_dropea_issues,secondary_type,text,YES,
COLUMN,read_models,integration_dropea_issues,raw_type,text,YES,
COLUMN,read_models,integration_dropea_issues,status,text,YES,
COLUMN,read_models,integration_dropea_issues,is_active,boolean,YES,
COLUMN,read_models,integration_dropea_issues,initial_carrier_code,text,YES,
COLUMN,read_models,integration_dropea_issues,initial_carrier_description_sanitized,text,YES,
COLUMN,read_models,integration_dropea_issues,initial_carrier_substatus_code,text,YES,
COLUMN,read_models,integration_dropea_issues,allowed_resolution_options,ARRAY,YES,
COLUMN,read_models,integration_dropea_issues,capability_status,text,YES,
COLUMN,read_models,integration_dropea_issues,resolution_status,text,YES,
COLUMN,read_models,integration_dropea_issues,pickup_point_masked,jsonb,YES,
COLUMN,read_models,integration_dropea_issues,delivery_attempt_number,text,YES,
COLUMN,read_models,integration_dropea_issues,created_at_utc,timestamp with time zone,YES,
COLUMN,read_models,integration_dropea_issues,updated_at_utc,timestamp with time zone,YES,
COLUMN,read_models,integration_dropea_issues,source_event_id,text,YES,
COLUMN,read_models,integration_dropea_issues,source_version,text,YES,
COLUMN,read_models,integration_dropea_issues,observed_at,timestamp with time zone,YES,
COLUMN,read_models,integration_dropea_issues,payload_hash,text,YES,
COLUMN,read_models,integration_dropea_issues,data_freshness,text,YES,
COLUMN,read_models,integration_dropea_issues,human_review,boolean,YES,
COLUMN,read_models,integration_dropea_issues,automation_allowed,boolean,YES,
COLUMN,read_models,integration_dropea_issues,first_seen_at,timestamp with time zone,YES,
COLUMN,read_models,integration_dropea_issues,last_seen_at,timestamp with time zone,YES,
COLUMN,read_models,integration_dropea_issues,shadow_mirror_writes,integer,YES,
COLUMN,read_models,integration_dropea_issues,actions_executed,integer,YES,
COLUMN,read_models,integration_dropea_issues,production_writes,integer,YES,
COLUMN,read_models,integration_dropea_orders,market,text,YES,
COLUMN,read_models,integration_dropea_orders,store_id,text,YES,
COLUMN,read_models,integration_dropea_orders,dropea_order_id,text,YES,
COLUMN,read_models,integration_dropea_orders,canonical_order_id,text,YES,
COLUMN,read_models,integration_dropea_orders,external_order_id_hash,text,YES,
COLUMN,read_models,integration_dropea_orders,status,text,YES,
COLUMN,read_models,integration_dropea_orders,sub_status,text,YES,
COLUMN,read_models,integration_dropea_orders,lifecycle_status,text,YES,
COLUMN,read_models,integration_dropea_orders,total_amount,numeric,YES,
COLUMN,read_models,integration_dropea_orders,currency,text,YES,
COLUMN,read_models,integration_dropea_orders,payment_method,text,YES,
COLUMN,read_models,integration_dropea_orders,carrier,text,YES,
COLUMN,read_models,integration_dropea_orders,service_type,text,YES,
COLUMN,read_models,integration_dropea_orders,line_items_masked,jsonb,YES,
COLUMN,read_models,integration_dropea_orders,canonical_product_keys,ARRAY,YES,
COLUMN,read_models,integration_dropea_orders,product_display_names,jsonb,YES,
COLUMN,read_models,integration_dropea_orders,normalized_address_hash,text,YES,
COLUMN,read_models,integration_dropea_orders,address_line_2_present,boolean,YES,
COLUMN,read_models,integration_dropea_orders,created_at_utc,timestamp with time zone,YES,
COLUMN,read_models,integration_dropea_orders,updated_at_utc,timestamp with time zone,YES,
COLUMN,read_models,integration_dropea_orders,confirmed_at_utc,timestamp with time zone,YES,
COLUMN,read_models,integration_dropea_orders,delivered_at_utc,timestamp with time zone,YES,
COLUMN,read_models,integration_dropea_orders,source_system,text,YES,
COLUMN,read_models,integration_dropea_orders,source_version,text,YES,
COLUMN,read_models,integration_dropea_orders,schema_version,text,YES,
COLUMN,read_models,integration_dropea_orders,observed_at,timestamp with time zone,YES,
COLUMN,read_models,integration_dropea_orders,payload_hash,text,YES,
COLUMN,read_models,integration_dropea_orders,data_freshness,text,YES,
COLUMN,read_models,integration_dropea_orders,historical_pre_cutover,boolean,YES,
COLUMN,read_models,integration_dropea_orders,first_seen_at,timestamp with time zone,YES,
COLUMN,read_models,integration_dropea_orders,last_seen_at,timestamp with time zone,YES,
COLUMN,read_models,integration_dropea_orders,shadow_mirror_writes,integer,YES,
COLUMN,read_models,integration_dropea_orders,actions_executed,integer,YES,
COLUMN,read_models,integration_dropea_orders,production_writes,integer,YES,
COLUMN,read_models,integration_dropea_sync_checkpoints,market,text,YES,
COLUMN,read_models,integration_dropea_sync_checkpoints,store_id,text,YES,
COLUMN,read_models,integration_dropea_sync_checkpoints,resource_type,text,YES,
COLUMN,read_models,integration_dropea_sync_checkpoints,phase,text,YES,
COLUMN,read_models,integration_dropea_sync_checkpoints,page,integer,YES,
COLUMN,read_models,integration_dropea_sync_checkpoints,requested_limit,integer,YES,
COLUMN,read_models,integration_dropea_sync_checkpoints,records_read,bigint,YES,
COLUMN,read_models,integration_dropea_sync_checkpoints,records_inserted_to_shadow,bigint,YES,
COLUMN,read_models,integration_dropea_sync_checkpoints,records_updated_in_shadow,bigint,YES,
COLUMN,read_models,integration_dropea_sync_checkpoints,duplicates_skipped,bigint,YES,
COLUMN,read_models,integration_dropea_sync_checkpoints,errors,bigint,YES,
COLUMN,read_models,integration_dropea_sync_checkpoints,checkpoint_masked,jsonb,YES,
COLUMN,read_models,integration_dropea_sync_checkpoints,sync_started_at,timestamp with time zone,YES,
COLUMN,read_models,integration_dropea_sync_checkpoints,sync_completed_at,timestamp with time zone,YES,
COLUMN,read_models,integration_dropea_sync_checkpoints,source_updated_at,timestamp with time zone,YES,
COLUMN,read_models,integration_dropea_sync_checkpoints,freshness,text,YES,
COLUMN,read_models,integration_dropea_sync_checkpoints,pagination_complete,boolean,YES,
COLUMN,read_models,integration_dropea_sync_checkpoints,last_error_code,text,YES,
COLUMN,read_models,integration_dropea_sync_checkpoints,updated_at,timestamp with time zone,YES,
COLUMN,read_models,integration_dropea_sync_checkpoints,actions_executed,integer,YES,
COLUMN,read_models,integration_dropea_sync_checkpoints,production_writes,integer,YES,
COLUMN,read_models,integration_dropea_webhook_events,event_id,text,YES,
COLUMN,read_models,integration_dropea_webhook_events,topic,text,YES,
COLUMN,read_models,integration_dropea_webhook_events,market,text,YES,
COLUMN,read_models,integration_dropea_webhook_events,store_id,text,YES,
COLUMN,read_models,integration_dropea_webhook_events,resource_id,text,YES,
COLUMN,read_models,integration_dropea_webhook_events,payload_hash,text,YES,
COLUMN,read_models,integration_dropea_webhook_events,auth_status,text,YES,
COLUMN,read_models,integration_dropea_webhook_events,event_at,timestamp with time zone,YES,
COLUMN,read_models,integration_dropea_webhook_events,received_at,timestamp with time zone,YES,
COLUMN,read_models,integration_dropea_webhook_events,processing_status,text,YES,
COLUMN,read_models,integration_dropea_webhook_events,late_event,boolean,YES,
COLUMN,read_models,integration_dropea_webhook_events,actions_executed,integer,YES,
COLUMN,read_models,integration_dropea_webhook_events,production_writes,integer,YES,
COLUMN,read_models,issue_state_history,history_id,text,YES,
COLUMN,read_models,issue_state_history,canonical_issue_id,text,YES,
COLUMN,read_models,issue_state_history,canonical_order_id,text,YES,
COLUMN,read_models,issue_state_history,status,text,YES,
COLUMN,read_models,issue_state_history,is_active,boolean,YES,
COLUMN,read_models,issue_state_history,carrier_code,text,YES,
COLUMN,read_models,issue_state_history,normalized_type,text,YES,
COLUMN,read_models,issue_state_history,resolution_status,text,YES,
COLUMN,read_models,issue_state_history,source_event_id,text,YES,
COLUMN,read_models,issue_state_history,observed_at,timestamp with time zone,YES,
COLUMN,read_models,issue_state_history,effective_at,timestamp with time zone,YES,
COLUMN,read_models,issue_state_history,payload_hash,text,YES,
COLUMN,read_models,issue_state_history,freshness,text,YES,
COLUMN,read_models,issue_state_history,actions_executed,integer,YES,
COLUMN,read_models,issue_state_history,production_writes,integer,YES,
COLUMN,read_models,migration_summary,source,text,YES,
COLUMN,read_models,migration_summary,source_object,text,YES,
COLUMN,read_models,migration_summary,status,text,YES,
COLUMN,read_models,migration_summary,source_records,bigint,YES,
COLUMN,read_models,migration_summary,imported_records,bigint,YES,
COLUMN,read_models,migration_summary,transformed_records,bigint,YES,
COLUMN,read_models,migration_summary,rejected_records,bigint,YES,
COLUMN,read_models,migration_summary,duplicate_records,bigint,YES,
COLUMN,read_models,migration_summary,errors,bigint,YES,
COLUMN,read_models,migration_summary,masking_status,text,YES,
COLUMN,read_models,migration_summary,reconciliation_status,text,YES,
COLUMN,read_models,migration_summary,started_at,timestamp with time zone,YES,
COLUMN,read_models,migration_summary,completed_at,timestamp with time zone,YES,
COLUMN,read_models,migration_summary,actions_executed,integer,YES,
COLUMN,read_models,migration_summary,production_writes,integer,YES,
COLUMN,read_models,operational_truth_summary,truth_snapshots,bigint,YES,
COLUMN,read_models,operational_truth_summary,shadow_eligible,bigint,YES,
COLUMN,read_models,operational_truth_summary,comparisons,bigint,YES,
COLUMN,read_models,operational_truth_summary,decision_memories,bigint,YES,
COLUMN,read_models,operational_truth_summary,graph_entities,bigint,YES,
COLUMN,read_models,operational_truth_summary,graph_relationships,bigint,YES,
COLUMN,read_models,operational_truth_summary,enterprise_twins,bigint,YES,
COLUMN,read_models,operational_truth_summary,actions_executed,integer,YES,
COLUMN,read_models,operational_truth_summary,production_writes,integer,YES,
COLUMN,read_models,operations_chatby_conversation_coverage,active_incidents,integer,YES,
COLUMN,read_models,operations_chatby_conversation_coverage,with_conversation,integer,YES,
COLUMN,read_models,operations_chatby_conversation_coverage,without_conversation,integer,YES,
COLUMN,read_models,operations_chatby_conversation_coverage,multiple_conversations,integer,YES,
COLUMN,read_models,operations_chatby_conversation_coverage,stale_conversations,integer,YES,
COLUMN,read_models,operations_chatby_conversation_coverage,broken_conversations,integer,YES,
COLUMN,read_models,operations_chatby_conversation_coverage,unknown_conversations,integer,YES,
COLUMN,read_models,operations_chatby_conversation_coverage,coverage_percent,numeric,YES,
COLUMN,read_models,operations_chatby_conversation_coverage,last_checked_at,timestamp with time zone,YES,
COLUMN,read_models,operations_chatby_conversation_coverage,actions_executed,integer,YES,
COLUMN,read_models,operations_chatby_conversation_coverage,production_writes,integer,YES,
COLUMN,read_models,operations_connector_health,connector,text,NO,
COLUMN,read_models,operations_connector_health,transport_health,text,NO,
COLUMN,read_models,operations_connector_health,data_health,text,NO,
COLUMN,read_models,operations_connector_health,last_success_at,timestamp with time zone,YES,
COLUMN,read_models,operations_connector_health,last_failure_at,timestamp with time zone,YES,
COLUMN,read_models,operations_connector_health,lag_seconds,bigint,YES,
COLUMN,read_models,operations_connector_health,pagination_complete,boolean,YES,
COLUMN,read_models,operations_connector_health,checked_at,timestamp with time zone,NO,
COLUMN,read_models,operations_conversation_summaries,canonical_order_id,text,NO,
COLUMN,read_models,operations_conversation_summaries,has_customer_replied,boolean,NO,false
COLUMN,read_models,operations_conversation_summaries,latest_inbound_message_at,timestamp with time zone,YES,
COLUMN,read_models,operations_conversation_summaries,latest_relevant_message_hash,text,YES,
COLUMN,read_models,operations_conversation_summaries,detected_intent,text,NO,'UNKNOWN'::text
COLUMN,read_models,operations_conversation_summaries,requested_date,date,YES,
COLUMN,read_models,operations_conversation_summaries,requested_time_window,text,YES,
COLUMN,read_models,operations_conversation_summaries,address_change_detected,boolean,NO,false
COLUMN,read_models,operations_conversation_summaries,refusal_detected,boolean,NO,false
COLUMN,read_models,operations_conversation_summaries,acceptance_detected,boolean,NO,false
COLUMN,read_models,operations_conversation_summaries,discount_accepted,boolean,NO,false
COLUMN,read_models,operations_conversation_summaries,change_of_intent,boolean,NO,false
COLUMN,read_models,operations_conversation_summaries,contradiction,text,NO,'NONE'::text
COLUMN,read_models,operations_conversation_summaries,confidence,numeric,YES,
COLUMN,read_models,operations_conversation_summaries,messages_used,integer,NO,0
COLUMN,read_models,operations_conversation_summaries,messages_ignored,integer,NO,0
COLUMN,read_models,operations_conversation_summaries,explanation_masked,jsonb,NO,'{}'::jsonb
COLUMN,read_models,operations_conversation_summaries,freshness,text,NO,'UNKNOWN'::text
COLUMN,read_models,operations_conversation_summaries,updated_at,timestamp with time zone,NO,
COLUMN,read_models,operations_data_freshness,market,text,YES,
COLUMN,read_models,operations_data_freshness,store_id,text,YES,
COLUMN,read_models,operations_data_freshness,resource_type,text,YES,
COLUMN,read_models,operations_data_freshness,phase,text,YES,
COLUMN,read_models,operations_data_freshness,source_updated_at,timestamp with time zone,YES,
COLUMN,read_models,operations_data_freshness,freshness,text,YES,
COLUMN,read_models,operations_data_freshness,pagination_complete,boolean,YES,
COLUMN,read_models,operations_data_freshness,records_read,bigint,YES,
COLUMN,read_models,operations_data_freshness,errors,bigint,YES,
COLUMN,read_models,operations_data_freshness,measured_at,timestamp with time zone,YES,
COLUMN,read_models,operations_data_freshness,actions_executed,integer,YES,
COLUMN,read_models,operations_data_freshness,production_writes,integer,YES,
COLUMN,read_models,operations_data_quality,orders_total,integer,YES,
COLUMN,read_models,operations_data_quality,orders_identity_exact,integer,YES,
COLUMN,read_models,operations_data_quality,orders_identity_conflicting,integer,YES,
COLUMN,read_models,operations_data_quality,issues_total,integer,YES,
COLUMN,read_models,operations_data_quality,issues_unknown_code,integer,YES,
COLUMN,read_models,operations_data_quality,incidents_without_conversation,integer,YES,
COLUMN,read_models,operations_data_quality,multiple_conversations,integer,YES,
COLUMN,read_models,operations_data_quality,stale_orders,integer,YES,
COLUMN,read_models,operations_data_quality,stale_issues,integer,YES,
COLUMN,read_models,operations_data_quality,event_gaps,integer,YES,
COLUMN,read_models,operations_data_quality,reconciliation_findings,integer,YES,
COLUMN,read_models,operations_data_quality,read_model_mismatches,integer,YES,
COLUMN,read_models,operations_data_quality,measured_at,timestamp with time zone,YES,
COLUMN,read_models,operations_data_quality,actions_executed,integer,YES,
COLUMN,read_models,operations_data_quality,production_writes,integer,YES,
COLUMN,read_models,operations_decision_cards,decision_id,text,NO,
COLUMN,read_models,operations_decision_cards,canonical_order_id,text,NO,
COLUMN,read_models,operations_decision_cards,canonical_issue_id,text,YES,
COLUMN,read_models,operations_decision_cards,proposal,text,NO,
COLUMN,read_models,operations_decision_cards,payload_masked,jsonb,YES,
COLUMN,read_models,operations_decision_cards,policy_version,text,NO,
COLUMN,read_models,operations_decision_cards,reason_codes,ARRAY,NO,'{}'::text[]
COLUMN,read_models,operations_decision_cards,dropea_validation,text,NO,'NOT_ASSESSED'::text
COLUMN,read_models,operations_decision_cards,gls_feasibility,text,NO,'NOT_ASSESSED'::text
COLUMN,read_models,operations_decision_cards,risk,text,NO,
COLUMN,read_models,operations_decision_cards,confidence,numeric,YES,
COLUMN,read_models,operations_decision_cards,qa_result,text,NO,
COLUMN,read_models,operations_decision_cards,requires_human_review,boolean,NO,
COLUMN,read_models,operations_decision_cards,blocking_reasons,ARRAY,NO,'{}'::text[]
COLUMN,read_models,operations_decision_cards,created_at,timestamp with time zone,NO,
COLUMN,read_models,operations_decision_cards,actions_executed,integer,NO,0
COLUMN,read_models,operations_decision_cards,run_mode,text,NO,'SHADOW_READ_ONLY'::text
COLUMN,read_models,operations_discount_workflows,canonical_order_id,text,NO,
COLUMN,read_models,operations_discount_workflows,dropea_order_id,text,NO,
COLUMN,read_models,operations_discount_workflows,original_amount,numeric,YES,
COLUMN,read_models,operations_discount_workflows,discount_amount,numeric,NO,0
COLUMN,read_models,operations_discount_workflows,new_amount,numeric,YES,
COLUMN,read_models,operations_discount_workflows,offer_created_at,timestamp with time zone,YES,
COLUMN,read_models,operations_discount_workflows,response_status,text,NO,'UNKNOWN'::text
COLUMN,read_models,operations_discount_workflows,accepted_at,timestamp with time zone,YES,
COLUMN,read_models,operations_discount_workflows,email_prepared,boolean,NO,false
COLUMN,read_models,operations_discount_workflows,email_sent,boolean,NO,false
COLUMN,read_models,operations_discount_workflows,dropea_status,text,NO,'NOT_REQUESTED'::text
COLUMN,read_models,operations_discount_workflows,cod_change_verified,boolean,NO,false
COLUMN,read_models,operations_discount_workflows,ready_for_retry,boolean,NO,false
COLUMN,read_models,operations_discount_workflows,status,text,NO,'NOT_OFFERED'::text
COLUMN,read_models,operations_discount_workflows,updated_at,timestamp with time zone,NO,
COLUMN,read_models,operations_discount_workflows,actions_executed,integer,NO,0
COLUMN,read_models,operations_discount_workflows,production_writes,integer,NO,0
COLUMN,read_models,operations_incident_context,canonical_issue_id,text,YES,
COLUMN,read_models,operations_incident_context,dropea_issue_id,text,YES,
COLUMN,read_models,operations_incident_context,canonical_order_id,text,YES,
COLUMN,read_models,operations_incident_context,dropea_order_id,text,YES,
COLUMN,read_models,operations_incident_context,market,text,YES,
COLUMN,read_models,operations_incident_context,store_id,text,YES,
COLUMN,read_models,operations_incident_context,order_status,text,YES,
COLUMN,read_models,operations_incident_context,order_sub_status,text,YES,
COLUMN,read_models,operations_incident_context,lifecycle_status,text,YES,
COLUMN,read_models,operations_incident_context,product_display_names,jsonb,YES,
COLUMN,read_models,operations_incident_context,total_amount,numeric,YES,
COLUMN,read_models,operations_incident_context,currency,text,YES,
COLUMN,read_models,operations_incident_context,carrier,text,YES,
COLUMN,read_models,operations_incident_context,status,text,YES,
COLUMN,read_models,operations_incident_context,is_active,boolean,YES,
COLUMN,read_models,operations_incident_context,normalized_type,text,YES,
COLUMN,read_models,operations_incident_context,raw_type,text,YES,
COLUMN,read_models,operations_incident_context,initial_carrier_code,text,YES,
COLUMN,read_models,operations_incident_context,initial_carrier_description_sanitized,text,YES,
COLUMN,read_models,operations_incident_context,initial_carrier_substatus_code,text,YES,
COLUMN,read_models,operations_incident_context,allowed_resolution_options,ARRAY,YES,
COLUMN,read_models,operations_incident_context,capability_status,text,YES,
COLUMN,read_models,operations_incident_context,resolution_status,text,YES,
COLUMN,read_models,operations_incident_context,delivery_attempt_number,text,YES,
COLUMN,read_models,operations_incident_context,created_at,timestamp with time zone,YES,
COLUMN,read_models,operations_incident_context,updated_at,timestamp with time zone,YES,
COLUMN,read_models,operations_incident_context,age_seconds,bigint,YES,
COLUMN,read_models,operations_incident_context,conversation_status,text,YES,
COLUMN,read_models,operations_incident_context,conversation_reason,text,YES,
COLUMN,read_models,operations_incident_context,conversation_identity_method,text,YES,
COLUMN,read_models,operations_incident_context,customer_replied_after_issue,boolean,YES,
COLUMN,read_models,operations_incident_context,latest_customer_activity_at,timestamp with time zone,YES,
COLUMN,read_models,operations_incident_context,latest_suleia_activity_at,timestamp with time zone,YES,
COLUMN,read_models,operations_incident_context,last_button_intent,text,YES,
COLUMN,read_models,operations_incident_context,latest_template_hash,text,YES,
COLUMN,read_models,operations_incident_context,conversation_age_seconds,bigint,YES,
COLUMN,read_models,operations_incident_context,conversation_freshness,text,YES,
COLUMN,read_models,operations_incident_context,conversation_snapshot_at,timestamp with time zone,YES,
COLUMN,read_models,operations_incident_context,conversation_source_version,text,YES,
COLUMN,read_models,operations_incident_context,customer_intent,text,YES,
COLUMN,read_models,operations_incident_context,contradiction,boolean,YES,
COLUMN,read_models,operations_incident_context,interpretation_confidence,numeric,YES,
COLUMN,read_models,operations_incident_context,interpretation_summary,text,YES,
COLUMN,read_models,operations_incident_context,messages_used,integer,YES,
COLUMN,read_models,operations_incident_context,messages_ignored,integer,YES,
COLUMN,read_models,operations_incident_context,policy_id,text,YES,
COLUMN,read_models,operations_incident_context,policy_version,text,YES,
COLUMN,read_models,operations_incident_context,timer_type,text,YES,
COLUMN,read_models,operations_incident_context,timer_started_at,timestamp with time zone,YES,
COLUMN,read_models,operations_incident_context,timer_due_at,timestamp with time zone,YES,
COLUMN,read_models,operations_incident_context,timer_status,text,YES,
COLUMN,read_models,operations_incident_context,simulated_decision,text,YES,
COLUMN,read_models,operations_incident_context,simulated_action_type,jsonb,YES,
COLUMN,read_models,operations_incident_context,blocking_reasons,ARRAY,YES,
COLUMN,read_models,operations_incident_context,risk,text,YES,
COLUMN,read_models,operations_incident_context,qa_status,text,YES,
COLUMN,read_models,operations_incident_context,human_review,boolean,YES,
COLUMN,read_models,operations_incident_context,identity_status,text,YES,
COLUMN,read_models,operations_incident_context,freshness,text,YES,
COLUMN,read_models,operations_incident_context,mapping_status,text,YES,
COLUMN,read_models,operations_incident_context,data_quality_status,text,YES,
COLUMN,read_models,operations_incident_context,source_system,text,YES,
COLUMN,read_models,operations_incident_context,source_updated_at,timestamp with time zone,YES,
COLUMN,read_models,operations_incident_context,observed_at,timestamp with time zone,YES,
COLUMN,read_models,operations_incident_context,actions_executed,integer,YES,
COLUMN,read_models,operations_incident_context,production_writes,integer,YES,
COLUMN,read_models,operations_incident_context,run_mode,text,YES,
COLUMN,read_models,operations_incident_detail,canonical_issue_id,text,YES,
COLUMN,read_models,operations_incident_detail,dropea_issue_id,text,YES,
COLUMN,read_models,operations_incident_detail,canonical_order_id,text,YES,
COLUMN,read_models,operations_incident_detail,dropea_order_id,text,YES,
COLUMN,read_models,operations_incident_detail,type,text,YES,
COLUMN,read_models,operations_incident_detail,status,text,YES,
COLUMN,read_models,operations_incident_detail,is_active,boolean,YES,
COLUMN,read_models,operations_incident_detail,actionable,boolean,YES,
COLUMN,read_models,operations_incident_detail,carrier,text,YES,
COLUMN,read_models,operations_incident_detail,tracking_reference_masked,text,YES,
COLUMN,read_models,operations_incident_detail,initial_carrier_code,text,YES,
COLUMN,read_models,operations_incident_detail,initial_carrier_description_sanitized,text,YES,
COLUMN,read_models,operations_incident_detail,initial_carrier_substatus_code,text,YES,
COLUMN,read_models,operations_incident_detail,allowed_resolution_options,ARRAY,YES,
COLUMN,read_models,operations_incident_detail,pickup_point_masked,jsonb,YES,
COLUMN,read_models,operations_incident_detail,delivery_attempt_number,text,YES,
COLUMN,read_models,operations_incident_detail,carrier_retention_deadline,timestamp with time zone,YES,
COLUMN,read_models,operations_incident_detail,customer_response_status,text,YES,
COLUMN,read_models,operations_incident_detail,customer_intent,text,YES,
COLUMN,read_models,operations_incident_detail,proposed_resolution,text,YES,
COLUMN,read_models,operations_incident_detail,decision_id,text,YES,
COLUMN,read_models,operations_incident_detail,policy_id,text,YES,
COLUMN,read_models,operations_incident_detail,confidence,numeric,YES,
COLUMN,read_models,operations_incident_detail,risk,text,YES,
COLUMN,read_models,operations_incident_detail,priority,text,YES,
COLUMN,read_models,operations_incident_detail,qa_result,text,YES,
COLUMN,read_models,operations_incident_detail,blocking_reasons,ARRAY,YES,
COLUMN,read_models,operations_incident_detail,due_at,timestamp with time zone,YES,
COLUMN,read_models,operations_incident_detail,discount_status,text,YES,
COLUMN,read_models,operations_incident_detail,freshness,text,YES,
COLUMN,read_models,operations_incident_detail,created_at,timestamp with time zone,YES,
COLUMN,read_models,operations_incident_detail,updated_at,timestamp with time zone,YES,
COLUMN,read_models,operations_incident_detail,actions_executed,integer,YES,
COLUMN,read_models,operations_incident_detail,production_writes,integer,YES,
COLUMN,read_models,operations_incident_detail,run_mode,text,YES,
COLUMN,read_models,operations_incident_detail,has_customer_replied,boolean,YES,
COLUMN,read_models,operations_incident_detail,latest_inbound_message_at,timestamp with time zone,YES,
COLUMN,read_models,operations_incident_detail,latest_relevant_message_hash,text,YES,
COLUMN,read_models,operations_incident_detail,detected_intent,text,YES,
COLUMN,read_models,operations_incident_detail,requested_date,date,YES,
COLUMN,read_models,operations_incident_detail,requested_time_window,text,YES,
COLUMN,read_models,operations_incident_detail,address_change_detected,boolean,YES,
COLUMN,read_models,operations_incident_detail,refusal_detected,boolean,YES,
COLUMN,read_models,operations_incident_detail,acceptance_detected,boolean,YES,
COLUMN,read_models,operations_incident_detail,discount_accepted,boolean,YES,
COLUMN,read_models,operations_incident_detail,change_of_intent,boolean,YES,
COLUMN,read_models,operations_incident_detail,contradiction,text,YES,
COLUMN,read_models,operations_incident_detail,conversation_confidence,numeric,YES,
COLUMN,read_models,operations_incident_detail,messages_used,integer,YES,
COLUMN,read_models,operations_incident_detail,messages_ignored,integer,YES,
COLUMN,read_models,operations_incident_detail,explanation_masked,jsonb,YES,
COLUMN,read_models,operations_incident_detail,decision_payload_masked,jsonb,YES,
COLUMN,read_models,operations_incident_detail,decision_policy_version,text,YES,
COLUMN,read_models,operations_incident_detail,reason_codes,ARRAY,YES,
COLUMN,read_models,operations_incident_detail,dropea_validation,text,YES,
COLUMN,read_models,operations_incident_detail,gls_feasibility,text,YES,
COLUMN,read_models,operations_incident_detail,decision_confidence,numeric,YES,
COLUMN,read_models,operations_incident_detail,requires_human_review,boolean,YES,
COLUMN,read_models,operations_incident_detail,original_amount,numeric,YES,
COLUMN,read_models,operations_incident_detail,discount_amount,numeric,YES,
COLUMN,read_models,operations_incident_detail,new_amount,numeric,YES,
COLUMN,read_models,operations_incident_detail,offer_created_at,timestamp with time zone,YES,
COLUMN,read_models,operations_incident_detail,discount_response_status,text,YES,
COLUMN,read_models,operations_incident_detail,discount_accepted_at,timestamp with time zone,YES,
COLUMN,read_models,operations_incident_detail,email_prepared,boolean,YES,
COLUMN,read_models,operations_incident_detail,email_sent,boolean,YES,
COLUMN,read_models,operations_incident_detail,discount_dropea_status,text,YES,
COLUMN,read_models,operations_incident_detail,cod_change_verified,boolean,YES,
COLUMN,read_models,operations_incident_detail,ready_for_retry,boolean,YES,
COLUMN,read_models,operations_incident_handbook_detail,canonical_issue_id,text,YES,
COLUMN,read_models,operations_incident_handbook_detail,dropea_issue_id,text,YES,
COLUMN,read_models,operations_incident_handbook_detail,canonical_order_id,text,YES,
COLUMN,read_models,operations_incident_handbook_detail,dropea_order_id,text,YES,
COLUMN,read_models,operations_incident_handbook_detail,type,text,YES,
COLUMN,read_models,operations_incident_handbook_detail,status,text,YES,
COLUMN,read_models,operations_incident_handbook_detail,is_active,boolean,YES,
COLUMN,read_models,operations_incident_handbook_detail,actionable,boolean,YES,
COLUMN,read_models,operations_incident_handbook_detail,carrier,text,YES,
COLUMN,read_models,operations_incident_handbook_detail,tracking_reference_masked,text,YES,
COLUMN,read_models,operations_incident_handbook_detail,initial_carrier_code,text,YES,
COLUMN,read_models,operations_incident_handbook_detail,initial_carrier_description_sanitized,text,YES,
COLUMN,read_models,operations_incident_handbook_detail,initial_carrier_substatus_code,text,YES,
COLUMN,read_models,operations_incident_handbook_detail,allowed_resolution_options,ARRAY,YES,
COLUMN,read_models,operations_incident_handbook_detail,pickup_point_masked,jsonb,YES,
COLUMN,read_models,operations_incident_handbook_detail,delivery_attempt_number,text,YES,
COLUMN,read_models,operations_incident_handbook_detail,carrier_retention_deadline,timestamp with time zone,YES,
COLUMN,read_models,operations_incident_handbook_detail,customer_response_status,text,YES,
COLUMN,read_models,operations_incident_handbook_detail,customer_intent,text,YES,
COLUMN,read_models,operations_incident_handbook_detail,proposed_resolution,text,YES,
COLUMN,read_models,operations_incident_handbook_detail,decision_id,text,YES,
COLUMN,read_models,operations_incident_handbook_detail,policy_id,text,YES,
COLUMN,read_models,operations_incident_handbook_detail,confidence,numeric,YES,
COLUMN,read_models,operations_incident_handbook_detail,risk,text,YES,
COLUMN,read_models,operations_incident_handbook_detail,priority,text,YES,
COLUMN,read_models,operations_incident_handbook_detail,qa_result,text,YES,
COLUMN,read_models,operations_incident_handbook_detail,blocking_reasons,ARRAY,YES,
COLUMN,read_models,operations_incident_handbook_detail,due_at,timestamp with time zone,YES,
COLUMN,read_models,operations_incident_handbook_detail,discount_status,text,YES,
COLUMN,read_models,operations_incident_handbook_detail,freshness,text,YES,
COLUMN,read_models,operations_incident_handbook_detail,created_at,timestamp with time zone,YES,
COLUMN,read_models,operations_incident_handbook_detail,updated_at,timestamp with time zone,YES,
COLUMN,read_models,operations_incident_handbook_detail,actions_executed,integer,YES,
COLUMN,read_models,operations_incident_handbook_detail,production_writes,integer,YES,
COLUMN,read_models,operations_incident_handbook_detail,run_mode,text,YES,
COLUMN,read_models,operations_incident_handbook_detail,raw_type,text,YES,
COLUMN,read_models,operations_incident_handbook_detail,mapping_status,text,YES,
COLUMN,read_models,operations_incident_handbook_detail,schema_drift_alert,boolean,YES,
COLUMN,read_models,operations_incident_handbook_detail,resolution_status,text,YES,
COLUMN,read_models,operations_incident_handbook_detail,resolution_data_present,boolean,YES,
COLUMN,read_models,operations_incident_handbook_detail,resolution_changed_at,timestamp with time zone,YES,
COLUMN,read_models,operations_incident_handbook_detail,resolved_at,timestamp with time zone,YES,
COLUMN,read_models,operations_incident_handbook_detail,source_event_id,text,YES,
COLUMN,read_models,operations_incident_handbook_detail,observed_at,timestamp with time zone,YES,
COLUMN,read_models,operations_incident_handbook_detail,has_customer_replied,boolean,YES,
COLUMN,read_models,operations_incident_handbook_detail,latest_inbound_message_at,timestamp with time zone,YES,
COLUMN,read_models,operations_incident_handbook_detail,latest_relevant_message_hash,text,YES,
COLUMN,read_models,operations_incident_handbook_detail,detected_intent,text,YES,
COLUMN,read_models,operations_incident_handbook_detail,previous_intents,ARRAY,YES,
COLUMN,read_models,operations_incident_handbook_detail,intent_changed,boolean,YES,
COLUMN,read_models,operations_incident_handbook_detail,contradiction,boolean,YES,
COLUMN,read_models,operations_incident_handbook_detail,requested_date,date,YES,
COLUMN,read_models,operations_incident_handbook_detail,requested_time_window,text,YES,
COLUMN,read_models,operations_incident_handbook_detail,requested_detail_masked,text,YES,
COLUMN,read_models,operations_incident_handbook_detail,requested_address_present,boolean,YES,
COLUMN,read_models,operations_incident_handbook_detail,pickup_requested,boolean,YES,
COLUMN,read_models,operations_incident_handbook_detail,return_requested,boolean,YES,
COLUMN,read_models,operations_incident_handbook_detail,discount_accepted,boolean,YES,
COLUMN,read_models,operations_incident_handbook_detail,discount_rejected,boolean,YES,
COLUMN,read_models,operations_incident_handbook_detail,conversation_quality,text,YES,
COLUMN,read_models,operations_incident_handbook_detail,conversation_confidence,numeric,YES,
COLUMN,read_models,operations_incident_handbook_detail,interpretation_summary,text,YES,
COLUMN,read_models,operations_incident_handbook_detail,messages_used,integer,YES,
COLUMN,read_models,operations_incident_handbook_detail,messages_ignored,integer,YES,
COLUMN,read_models,operations_incident_handbook_detail,missing_information,ARRAY,YES,
COLUMN,read_models,operations_incident_handbook_detail,decision_payload_masked,jsonb,YES,
COLUMN,read_models,operations_incident_handbook_detail,decision_policy_version,text,YES,
COLUMN,read_models,operations_incident_handbook_detail,reason_codes,ARRAY,YES,
COLUMN,read_models,operations_incident_handbook_detail,dropea_validation,text,YES,
COLUMN,read_models,operations_incident_handbook_detail,gls_feasibility,text,YES,
COLUMN,read_models,operations_incident_handbook_detail,decision_confidence,numeric,YES,
COLUMN,read_models,operations_incident_handbook_detail,requires_human_review,boolean,YES,
COLUMN,read_models,operations_incident_handbook_detail,original_amount,numeric,YES,
COLUMN,read_models,operations_incident_handbook_detail,discount_amount,numeric,YES,
COLUMN,read_models,operations_incident_handbook_detail,new_amount,numeric,YES,
COLUMN,read_models,operations_incident_handbook_detail,offer_created_at,timestamp with time zone,YES,
COLUMN,read_models,operations_incident_handbook_detail,discount_response_status,text,YES,
COLUMN,read_models,operations_incident_handbook_detail,discount_accepted_at,timestamp with time zone,YES,
COLUMN,read_models,operations_incident_handbook_detail,email_prepared,boolean,YES,
COLUMN,read_models,operations_incident_handbook_detail,email_sent,boolean,YES,
COLUMN,read_models,operations_incident_handbook_detail,discount_dropea_status,text,YES,
COLUMN,read_models,operations_incident_handbook_detail,cod_change_verified,boolean,YES,
COLUMN,read_models,operations_incident_handbook_detail,ready_for_retry,boolean,YES,
COLUMN,read_models,operations_incident_handbook_detail,conversation_status,text,YES,
COLUMN,read_models,operations_incident_handbook_detail,conversation_reason,text,YES,
COLUMN,read_models,operations_incident_handbook_detail,conversation_identity_method,text,YES,
COLUMN,read_models,operations_incident_handbook_detail,last_customer_message_at,timestamp with time zone,YES,
COLUMN,read_models,operations_incident_handbook_detail,last_suleia_message_at,timestamp with time zone,YES,
COLUMN,read_models,operations_incident_handbook_detail,last_button,text,YES,
COLUMN,read_models,operations_incident_handbook_detail,latest_template_hash,text,YES,
COLUMN,read_models,operations_incident_handbook_detail,customer_replied,boolean,YES,
COLUMN,read_models,operations_incident_handbook_detail,conversation_age_seconds,bigint,YES,
COLUMN,read_models,operations_incident_handbook_detail,conversation_freshness,text,YES,
COLUMN,read_models,operations_incident_handbook_detail,conversation_message_count,integer,YES,
COLUMN,read_models,operations_incident_handbook_detail,conversation_observed_at,timestamp with time zone,YES,
COLUMN,read_models,operations_incident_interpretations,canonical_issue_id,text,NO,
COLUMN,read_models,operations_incident_interpretations,canonical_order_id,text,NO,
COLUMN,read_models,operations_incident_interpretations,issue_version,text,NO,
COLUMN,read_models,operations_incident_interpretations,has_customer_replied,boolean,NO,false
COLUMN,read_models,operations_incident_interpretations,latest_inbound_message_at,timestamp with time zone,YES,
COLUMN,read_models,operations_incident_interpretations,latest_relevant_message_hash,text,YES,
COLUMN,read_models,operations_incident_interpretations,customer_intent,text,NO,'NO_RESPONSE'::text
COLUMN,read_models,operations_incident_interpretations,previous_intents,ARRAY,NO,'{}'::text[]
COLUMN,read_models,operations_incident_interpretations,intent_changed,boolean,NO,false
COLUMN,read_models,operations_incident_interpretations,contradiction,boolean,NO,false
COLUMN,read_models,operations_incident_interpretations,requested_date,date,YES,
COLUMN,read_models,operations_incident_interpretations,requested_time_window,text,YES,
COLUMN,read_models,operations_incident_interpretations,requested_detail_masked,text,YES,
COLUMN,read_models,operations_incident_interpretations,requested_address_present,boolean,NO,false
COLUMN,read_models,operations_incident_interpretations,pickup_requested,boolean,NO,false
COLUMN,read_models,operations_incident_interpretations,return_requested,boolean,NO,false
COLUMN,read_models,operations_incident_interpretations,discount_accepted,boolean,NO,false
COLUMN,read_models,operations_incident_interpretations,discount_rejected,boolean,NO,false
COLUMN,read_models,operations_incident_interpretations,conversation_quality,text,NO,'NO_RESPONSE'::text
COLUMN,read_models,operations_incident_interpretations,interpretation_confidence,numeric,YES,
COLUMN,read_models,operations_incident_interpretations,interpretation_summary,text,NO,
COLUMN,read_models,operations_incident_interpretations,messages_used,integer,NO,0
COLUMN,read_models,operations_incident_interpretations,messages_ignored,integer,NO,0
COLUMN,read_models,operations_incident_interpretations,missing_information,ARRAY,NO,'{}'::text[]
COLUMN,read_models,operations_incident_interpretations,freshness,text,NO,'UNKNOWN'::text
COLUMN,read_models,operations_incident_interpretations,updated_at,timestamp with time zone,NO,
COLUMN,read_models,operations_incident_interpretations,actions_executed,integer,NO,0
COLUMN,read_models,operations_incident_interpretations,production_writes,integer,NO,0
COLUMN,read_models,operations_incident_records,canonical_issue_id,text,NO,
COLUMN,read_models,operations_incident_records,dropea_issue_id,text,NO,
COLUMN,read_models,operations_incident_records,canonical_order_id,text,NO,
COLUMN,read_models,operations_incident_records,dropea_order_id,text,YES,
COLUMN,read_models,operations_incident_records,type,text,NO,
COLUMN,read_models,operations_incident_records,status,text,NO,
COLUMN,read_models,operations_incident_records,is_active,boolean,NO,
COLUMN,read_models,operations_incident_records,actionable,boolean,NO,
COLUMN,read_models,operations_incident_records,carrier,text,NO,
COLUMN,read_models,operations_incident_records,tracking_reference_masked,text,YES,
COLUMN,read_models,operations_incident_records,initial_carrier_code,text,YES,
COLUMN,read_models,operations_incident_records,initial_carrier_description_sanitized,text,YES,
COLUMN,read_models,operations_incident_records,initial_carrier_substatus_code,text,YES,
COLUMN,read_models,operations_incident_records,allowed_resolution_options,ARRAY,NO,'{}'::text[]
COLUMN,read_models,operations_incident_records,pickup_point_masked,jsonb,YES,
COLUMN,read_models,operations_incident_records,delivery_attempt_number,text,NO,'UNKNOWN'::text
COLUMN,read_models,operations_incident_records,carrier_retention_deadline,timestamp with time zone,YES,
COLUMN,read_models,operations_incident_records,customer_response_status,text,NO,'UNKNOWN'::text
COLUMN,read_models,operations_incident_records,customer_intent,text,NO,'UNKNOWN'::text
COLUMN,read_models,operations_incident_records,proposed_resolution,text,YES,
COLUMN,read_models,operations_incident_records,decision_id,text,YES,
COLUMN,read_models,operations_incident_records,policy_id,text,YES,
COLUMN,read_models,operations_incident_records,confidence,numeric,YES,
COLUMN,read_models,operations_incident_records,risk,text,NO,'NOT_ASSESSED'::text
COLUMN,read_models,operations_incident_records,priority,text,NO,'NORMAL'::text
COLUMN,read_models,operations_incident_records,qa_result,text,NO,'PENDING'::text
COLUMN,read_models,operations_incident_records,blocking_reasons,ARRAY,NO,'{}'::text[]
COLUMN,read_models,operations_incident_records,due_at,timestamp with time zone,YES,
COLUMN,read_models,operations_incident_records,discount_status,text,NO,'NOT_OFFERED'::text
COLUMN,read_models,operations_incident_records,freshness,text,NO,'UNKNOWN'::text
COLUMN,read_models,operations_incident_records,created_at,timestamp with time zone,NO,
COLUMN,read_models,operations_incident_records,updated_at,timestamp with time zone,NO,
COLUMN,read_models,operations_incident_records,actions_executed,integer,NO,0
COLUMN,read_models,operations_incident_records,production_writes,integer,NO,0
COLUMN,read_models,operations_incident_records,run_mode,text,NO,'SHADOW_READ_ONLY'::text
COLUMN,read_models,operations_incident_records,raw_type,text,YES,
COLUMN,read_models,operations_incident_records,mapping_status,text,NO,'MAPPED'::text
COLUMN,read_models,operations_incident_records,schema_drift_alert,boolean,NO,false
COLUMN,read_models,operations_incident_records,resolution_status,text,YES,
COLUMN,read_models,operations_incident_records,resolution_data_present,boolean,NO,false
COLUMN,read_models,operations_incident_records,resolution_changed_at,timestamp with time zone,YES,
COLUMN,read_models,operations_incident_records,resolved_at,timestamp with time zone,YES,
COLUMN,read_models,operations_incident_records,source_event_id,text,YES,
COLUMN,read_models,operations_incident_records,observed_at,timestamp with time zone,YES,
COLUMN,read_models,operations_incident_records,market,text,YES,
COLUMN,read_models,operations_incident_records,store_id,text,YES,
COLUMN,read_models,operations_incident_records,secondary_type,text,YES,
COLUMN,read_models,operations_incident_records,capability_status,text,NO,'NOT_DECLARED'::text
COLUMN,read_models,operations_incident_records,human_review,boolean,NO,true
COLUMN,read_models,operations_incident_records,automation_allowed,boolean,NO,false
COLUMN,read_models,operations_incident_records,payload_hash,text,YES,
COLUMN,read_models,operations_incident_records,conversation_source,text,NO,'UNAVAILABLE'::text
COLUMN,read_models,operations_incident_records,interpretation_status,text,NO,'WAITING_CHATBY_SOURCE'::text
COLUMN,read_models,operations_incidents_queue,canonical_issue_id,text,YES,
COLUMN,read_models,operations_incidents_queue,dropea_issue_id,text,YES,
COLUMN,read_models,operations_incidents_queue,canonical_order_id,text,YES,
COLUMN,read_models,operations_incidents_queue,dropea_order_id,text,YES,
COLUMN,read_models,operations_incidents_queue,type,text,YES,
COLUMN,read_models,operations_incidents_queue,status,text,YES,
COLUMN,read_models,operations_incidents_queue,is_active,boolean,YES,
COLUMN,read_models,operations_incidents_queue,actionable,boolean,YES,
COLUMN,read_models,operations_incidents_queue,carrier,text,YES,
COLUMN,read_models,operations_incidents_queue,tracking_reference_masked,text,YES,
COLUMN,read_models,operations_incidents_queue,allowed_resolution_options,ARRAY,YES,
COLUMN,read_models,operations_incidents_queue,delivery_attempt_number,text,YES,
COLUMN,read_models,operations_incidents_queue,carrier_retention_deadline,timestamp with time zone,YES,
COLUMN,read_models,operations_incidents_queue,customer_response_status,text,YES,
COLUMN,read_models,operations_incidents_queue,customer_intent,text,YES,
COLUMN,read_models,operations_incidents_queue,proposed_resolution,text,YES,
COLUMN,read_models,operations_incidents_queue,decision_id,text,YES,
COLUMN,read_models,operations_incidents_queue,risk,text,YES,
COLUMN,read_models,operations_incidents_queue,priority,text,YES,
COLUMN,read_models,operations_incidents_queue,qa_result,text,YES,
COLUMN,read_models,operations_incidents_queue,blocking_reasons,ARRAY,YES,
COLUMN,read_models,operations_incidents_queue,due_at,timestamp with time zone,YES,
COLUMN,read_models,operations_incidents_queue,discount_status,text,YES,
COLUMN,read_models,operations_incidents_queue,freshness,text,YES,
COLUMN,read_models,operations_incidents_queue,created_at,timestamp with time zone,YES,
COLUMN,read_models,operations_incidents_queue,updated_at,timestamp with time zone,YES,
COLUMN,read_models,operations_incidents_queue,actions_executed,integer,YES,
COLUMN,read_models,operations_incidents_queue,production_writes,integer,YES,
COLUMN,read_models,operations_incidents_queue,run_mode,text,YES,
COLUMN,read_models,operations_incidents_queue,conversation_status,text,YES,
COLUMN,read_models,operations_incidents_queue,conversation_reason,text,YES,
COLUMN,read_models,operations_incidents_queue,conversation_freshness,text,YES,
COLUMN,read_models,operations_incidents_summary,pending,integer,YES,
COLUMN,read_models,operations_incidents_summary,responded,integer,YES,
COLUMN,read_models,operations_incidents_summary,awaiting_customer,integer,YES,
COLUMN,read_models,operations_incidents_summary,high_risk,integer,YES,
COLUMN,read_models,operations_incidents_summary,blocked,integer,YES,
COLUMN,read_models,operations_incidents_summary,stale,integer,YES,
COLUMN,read_models,operations_incidents_summary,last_sync_at,timestamp with time zone,YES,
COLUMN,read_models,operations_incidents_summary,actions_executed,integer,YES,
COLUMN,read_models,operations_incidents_summary,production_writes,integer,YES,
COLUMN,read_models,operations_order_context,canonical_order_id,text,YES,
COLUMN,read_models,operations_order_context,market,text,YES,
COLUMN,read_models,operations_order_context,store_id,text,YES,
COLUMN,read_models,operations_order_context,dropea_order_id,text,YES,
COLUMN,read_models,operations_order_context,external_order_id_hash,text,YES,
COLUMN,read_models,operations_order_context,status,text,YES,
COLUMN,read_models,operations_order_context,sub_status,text,YES,
COLUMN,read_models,operations_order_context,lifecycle_status,text,YES,
COLUMN,read_models,operations_order_context,product_display_names,jsonb,YES,
COLUMN,read_models,operations_order_context,product_summary,jsonb,YES,
COLUMN,read_models,operations_order_context,total_amount,numeric,YES,
COLUMN,read_models,operations_order_context,currency,text,YES,
COLUMN,read_models,operations_order_context,payment_method,text,YES,
COLUMN,read_models,operations_order_context,carrier,text,YES,
COLUMN,read_models,operations_order_context,service_type,text,YES,
COLUMN,read_models,operations_order_context,created_at_utc,timestamp with time zone,YES,
COLUMN,read_models,operations_order_context,updated_at_utc,timestamp with time zone,YES,
COLUMN,read_models,operations_order_context,updated_at,timestamp with time zone,YES,
COLUMN,read_models,operations_order_context,confirmed_at_utc,timestamp with time zone,YES,
COLUMN,read_models,operations_order_context,processing_at_utc,timestamp with time zone,YES,
COLUMN,read_models,operations_order_context,delivered_at_utc,timestamp with time zone,YES,
COLUMN,read_models,operations_order_context,cancelled_at_utc,timestamp with time zone,YES,
COLUMN,read_models,operations_order_context,returned_at_utc,timestamp with time zone,YES,
COLUMN,read_models,operations_order_context,active_issue_id,text,YES,
COLUMN,read_models,operations_order_context,active_issue_status,text,YES,
COLUMN,read_models,operations_order_context,active_issue_type,text,YES,
COLUMN,read_models,operations_order_context,active_issue_carrier_code,text,YES,
COLUMN,read_models,operations_order_context,incident_count,integer,YES,
COLUMN,read_models,operations_order_context,conversation_status,text,YES,
COLUMN,read_models,operations_order_context,customer_replied_after_issue,boolean,YES,
COLUMN,read_models,operations_order_context,latest_customer_activity_at,timestamp with time zone,YES,
COLUMN,read_models,operations_order_context,latest_customer_intent,text,YES,
COLUMN,read_models,operations_order_context,contradiction,boolean,YES,
COLUMN,read_models,operations_order_context,timer_type,text,YES,
COLUMN,read_models,operations_order_context,timer_started_at,timestamp with time zone,YES,
COLUMN,read_models,operations_order_context,timer_due_at,timestamp with time zone,YES,
COLUMN,read_models,operations_order_context,timer_status,text,YES,
COLUMN,read_models,operations_order_context,policy_id,text,YES,
COLUMN,read_models,operations_order_context,policy_version,text,YES,
COLUMN,read_models,operations_order_context,simulated_decision,text,YES,
COLUMN,read_models,operations_order_context,simulated_action_type,jsonb,YES,
COLUMN,read_models,operations_order_context,blocking_reasons,ARRAY,YES,
COLUMN,read_models,operations_order_context,duplicate_status,text,YES,
COLUMN,read_models,operations_order_context,return_history_count,integer,YES,
COLUMN,read_models,operations_order_context,risk,text,YES,
COLUMN,read_models,operations_order_context,human_review,boolean,YES,
COLUMN,read_models,operations_order_context,identity_status,text,YES,
COLUMN,read_models,operations_order_context,freshness,text,YES,
COLUMN,read_models,operations_order_context,data_quality_status,text,YES,
COLUMN,read_models,operations_order_context,source_system,text,YES,
COLUMN,read_models,operations_order_context,source_version,text,YES,
COLUMN,read_models,operations_order_context,source_updated_at,timestamp with time zone,YES,
COLUMN,read_models,operations_order_context,observed_at,timestamp with time zone,YES,
COLUMN,read_models,operations_order_context,actions_executed,integer,YES,
COLUMN,read_models,operations_order_context,production_writes,integer,YES,
COLUMN,read_models,operations_order_context,run_mode,text,YES,
COLUMN,read_models,operations_order_detail,canonical_order_id,text,YES,
COLUMN,read_models,operations_order_detail,dropea_order_id,text,YES,
COLUMN,read_models,operations_order_detail,external_order_id_hash,text,YES,
COLUMN,read_models,operations_order_detail,status,text,YES,
COLUMN,read_models,operations_order_detail,sub_status,text,YES,
COLUMN,read_models,operations_order_detail,canonical_state,text,YES,
COLUMN,read_models,operations_order_detail,product_summary,jsonb,YES,
COLUMN,read_models,operations_order_detail,total_amount,numeric,YES,
COLUMN,read_models,operations_order_detail,currency,text,YES,
COLUMN,read_models,operations_order_detail,carrier,text,YES,
COLUMN,read_models,operations_order_detail,service_type,text,YES,
COLUMN,read_models,operations_order_detail,tracking_reference_masked,text,YES,
COLUMN,read_models,operations_order_detail,identity_status,text,YES,
COLUMN,read_models,operations_order_detail,decision_status,text,YES,
COLUMN,read_models,operations_order_detail,risk,text,YES,
COLUMN,read_models,operations_order_detail,priority,text,YES,
COLUMN,read_models,operations_order_detail,freshness,text,YES,
COLUMN,read_models,operations_order_detail,latest_message_at,timestamp with time zone,YES,
COLUMN,read_models,operations_order_detail,updated_at,timestamp with time zone,YES,
COLUMN,read_models,operations_order_detail,source_version,text,YES,
COLUMN,read_models,operations_order_detail,schema_version,text,YES,
COLUMN,read_models,operations_order_detail,actions_executed,integer,YES,
COLUMN,read_models,operations_order_detail,production_writes,integer,YES,
COLUMN,read_models,operations_order_detail,run_mode,text,YES,
COLUMN,read_models,operations_order_detail,lifecycle_classification,text,YES,
COLUMN,read_models,operations_order_detail,phone_last4,text,YES,
COLUMN,read_models,operations_order_detail,canonical_product_key,text,YES,
COLUMN,read_models,operations_order_detail,duplicate_status,text,YES,
COLUMN,read_models,operations_order_detail,conflicting_order_id,text,YES,
COLUMN,read_models,operations_order_detail,automatic_confirmation_allowed,boolean,YES,
COLUMN,read_models,operations_order_detail,test_order,boolean,YES,
COLUMN,read_models,operations_order_detail,chatby_cleanup_status,text,YES,
COLUMN,read_models,operations_order_detail,chatby_cleanup_blockers,ARRAY,YES,
COLUMN,read_models,operations_order_detail,return_block_status,text,YES,
COLUMN,read_models,operations_order_detail,return_block_reason,text,YES,
COLUMN,read_models,operations_order_detail,protection_review,boolean,YES,
COLUMN,read_models,operations_order_detail,protection_last_reconciled_at,timestamp with time zone,YES,
COLUMN,read_models,operations_order_detail,has_customer_replied,boolean,YES,
COLUMN,read_models,operations_order_detail,latest_inbound_message_at,timestamp with time zone,YES,
COLUMN,read_models,operations_order_detail,latest_relevant_message_hash,text,YES,
COLUMN,read_models,operations_order_detail,detected_intent,text,YES,
COLUMN,read_models,operations_order_detail,requested_date,date,YES,
COLUMN,read_models,operations_order_detail,requested_time_window,text,YES,
COLUMN,read_models,operations_order_detail,address_change_detected,boolean,YES,
COLUMN,read_models,operations_order_detail,refusal_detected,boolean,YES,
COLUMN,read_models,operations_order_detail,acceptance_detected,boolean,YES,
COLUMN,read_models,operations_order_detail,discount_accepted,boolean,YES,
COLUMN,read_models,operations_order_detail,change_of_intent,boolean,YES,
COLUMN,read_models,operations_order_detail,contradiction,text,YES,
COLUMN,read_models,operations_order_detail,conversation_confidence,numeric,YES,
COLUMN,read_models,operations_order_detail,messages_used,integer,YES,
COLUMN,read_models,operations_order_detail,messages_ignored,integer,YES,
COLUMN,read_models,operations_order_detail,explanation_masked,jsonb,YES,
COLUMN,read_models,operations_order_detail,conversation_status,text,YES,
COLUMN,read_models,operations_order_detail,conversation_reason,text,YES,
COLUMN,read_models,operations_order_detail,conversation_identity_method,text,YES,
COLUMN,read_models,operations_order_detail,last_customer_message_at,timestamp with time zone,YES,
COLUMN,read_models,operations_order_detail,last_suleia_message_at,timestamp with time zone,YES,
COLUMN,read_models,operations_order_detail,last_button,text,YES,
COLUMN,read_models,operations_order_detail,latest_template_hash,text,YES,
COLUMN,read_models,operations_order_detail,customer_replied,boolean,YES,
COLUMN,read_models,operations_order_detail,conversation_age_seconds,bigint,YES,
COLUMN,read_models,operations_order_detail,conversation_freshness,text,YES,
COLUMN,read_models,operations_order_detail,conversation_message_count,integer,YES,
COLUMN,read_models,operations_order_detail,conversation_observed_at,timestamp with time zone,YES,
COLUMN,read_models,operations_order_records,canonical_order_id,text,NO,
COLUMN,read_models,operations_order_records,dropea_order_id,text,NO,
COLUMN,read_models,operations_order_records,external_order_id_hash,text,YES,
COLUMN,read_models,operations_order_records,status,text,NO,
COLUMN,read_models,operations_order_records,sub_status,text,YES,
COLUMN,read_models,operations_order_records,canonical_state,text,NO,
COLUMN,read_models,operations_order_records,product_summary,jsonb,NO,'{}'::jsonb
COLUMN,read_models,operations_order_records,total_amount,numeric,YES,
COLUMN,read_models,operations_order_records,currency,text,YES,
COLUMN,read_models,operations_order_records,carrier,text,YES,
COLUMN,read_models,operations_order_records,service_type,text,YES,
COLUMN,read_models,operations_order_records,tracking_reference_masked,text,YES,
COLUMN,read_models,operations_order_records,identity_status,text,NO,
COLUMN,read_models,operations_order_records,decision_status,text,NO,'NOT_ASSESSED'::text
COLUMN,read_models,operations_order_records,risk,text,NO,'NOT_ASSESSED'::text
COLUMN,read_models,operations_order_records,priority,text,NO,'NORMAL'::text
COLUMN,read_models,operations_order_records,freshness,text,NO,'UNKNOWN'::text
COLUMN,read_models,operations_order_records,latest_message_at,timestamp with time zone,YES,
COLUMN,read_models,operations_order_records,updated_at,timestamp with time zone,NO,
COLUMN,read_models,operations_order_records,source_version,text,NO,
COLUMN,read_models,operations_order_records,schema_version,text,NO,
COLUMN,read_models,operations_order_records,actions_executed,integer,NO,0
COLUMN,read_models,operations_order_records,production_writes,integer,NO,0
COLUMN,read_models,operations_order_records,run_mode,text,NO,'SHADOW_READ_ONLY'::text
COLUMN,read_models,operations_order_records,lifecycle_classification,text,NO,'UNKNOWN'::text
COLUMN,read_models,operations_order_records,phone_last4,text,YES,
COLUMN,read_models,operations_order_records,canonical_product_key,text,YES,
COLUMN,read_models,operations_order_records,duplicate_status,text,NO,'NOT_ASSESSED'::text
COLUMN,read_models,operations_order_records,conflicting_order_id,text,YES,
COLUMN,read_models,operations_order_records,automatic_confirmation_allowed,boolean,NO,false
COLUMN,read_models,operations_order_records,test_order,boolean,NO,false
COLUMN,read_models,operations_order_records,chatby_cleanup_status,text,NO,'NOT_ASSESSED'::text
COLUMN,read_models,operations_order_records,chatby_cleanup_blockers,ARRAY,NO,'{}'::text[]
COLUMN,read_models,operations_order_records,return_block_status,text,NO,'NOT_ELIGIBLE'::text
COLUMN,read_models,operations_order_records,return_block_reason,text,YES,
COLUMN,read_models,operations_order_records,protection_review,boolean,NO,false
COLUMN,read_models,operations_order_records,protection_last_reconciled_at,timestamp with time zone,YES,
COLUMN,read_models,operations_order_records,market,text,YES,
COLUMN,read_models,operations_order_records,store_id,text,YES,
COLUMN,read_models,operations_order_records,product_display_names,jsonb,NO,'[]'::jsonb
COLUMN,read_models,operations_order_records,normalized_address_hash,text,YES,
COLUMN,read_models,operations_order_records,address_line_2_present,boolean,NO,false
COLUMN,read_models,operations_order_records,source_system,text,NO,'UNKNOWN'::text
COLUMN,read_models,operations_order_records,payload_hash,text,YES,
COLUMN,read_models,operations_order_records,conversation_source,text,NO,'UNAVAILABLE'::text
COLUMN,read_models,operations_order_records,interpretation_status,text,NO,'WAITING_CHATBY_SOURCE'::text
COLUMN,read_models,operations_order_records,customer_identity_hash,text,YES,
COLUMN,read_models,operations_order_timeline,timeline_event_id,text,YES,
COLUMN,read_models,operations_order_timeline,canonical_order_id,text,YES,
COLUMN,read_models,operations_order_timeline,canonical_issue_id,text,YES,
COLUMN,read_models,operations_order_timeline,event_type,text,YES,
COLUMN,read_models,operations_order_timeline,event_source,text,YES,
COLUMN,read_models,operations_order_timeline,occurred_at,timestamp with time zone,YES,
COLUMN,read_models,operations_order_timeline,summary_sanitized,jsonb,YES,
COLUMN,read_models,operations_order_timeline,source_reference_hash,text,YES,
COLUMN,read_models,operations_order_timeline,event_version,text,YES,
COLUMN,read_models,operations_order_timeline,freshness,text,YES,
COLUMN,read_models,operations_orders_queue,canonical_order_id,text,YES,
COLUMN,read_models,operations_orders_queue,dropea_order_id,text,YES,
COLUMN,read_models,operations_orders_queue,status,text,YES,
COLUMN,read_models,operations_orders_queue,sub_status,text,YES,
COLUMN,read_models,operations_orders_queue,canonical_state,text,YES,
COLUMN,read_models,operations_orders_queue,product_summary,jsonb,YES,
COLUMN,read_models,operations_orders_queue,total_amount,numeric,YES,
COLUMN,read_models,operations_orders_queue,currency,text,YES,
COLUMN,read_models,operations_orders_queue,carrier,text,YES,
COLUMN,read_models,operations_orders_queue,tracking_reference_masked,text,YES,
COLUMN,read_models,operations_orders_queue,identity_status,text,YES,
COLUMN,read_models,operations_orders_queue,decision_status,text,YES,
COLUMN,read_models,operations_orders_queue,risk,text,YES,
COLUMN,read_models,operations_orders_queue,priority,text,YES,
COLUMN,read_models,operations_orders_queue,freshness,text,YES,
COLUMN,read_models,operations_orders_queue,latest_message_at,timestamp with time zone,YES,
COLUMN,read_models,operations_orders_queue,updated_at,timestamp with time zone,YES,
COLUMN,read_models,operations_orders_queue,actions_executed,integer,YES,
COLUMN,read_models,operations_orders_queue,production_writes,integer,YES,
COLUMN,read_models,operations_orders_queue,run_mode,text,YES,
COLUMN,read_models,operations_orders_queue,lifecycle_classification,text,YES,
COLUMN,read_models,operations_orders_queue,phone_last4,text,YES,
COLUMN,read_models,operations_orders_queue,canonical_product_key,text,YES,
COLUMN,read_models,operations_orders_queue,duplicate_status,text,YES,
COLUMN,read_models,operations_orders_queue,conflicting_order_id,text,YES,
COLUMN,read_models,operations_orders_queue,automatic_confirmation_allowed,boolean,YES,
COLUMN,read_models,operations_orders_queue,test_order,boolean,YES,
COLUMN,read_models,operations_orders_queue,chatby_cleanup_status,text,YES,
COLUMN,read_models,operations_orders_queue,chatby_cleanup_blockers,ARRAY,YES,
COLUMN,read_models,operations_orders_queue,return_block_status,text,YES,
COLUMN,read_models,operations_orders_queue,return_block_reason,text,YES,
COLUMN,read_models,operations_orders_queue,protection_review,boolean,YES,
COLUMN,read_models,operations_orders_queue,protection_last_reconciled_at,timestamp with time zone,YES,
COLUMN,read_models,operations_orders_queue,conversation_status,text,YES,
COLUMN,read_models,operations_orders_queue,conversation_freshness,text,YES,
COLUMN,read_models,operations_orders_summary,total,integer,YES,
COLUMN,read_models,operations_orders_summary,high_risk,integer,YES,
COLUMN,read_models,operations_orders_summary,human_review,integer,YES,
COLUMN,read_models,operations_orders_summary,stale,integer,YES,
COLUMN,read_models,operations_orders_summary,last_sync_at,timestamp with time zone,YES,
COLUMN,read_models,operations_orders_summary,actions_executed,integer,YES,
COLUMN,read_models,operations_orders_summary,production_writes,integer,YES,
COLUMN,read_models,operations_protection_events,canonical_order_id,text,YES,
COLUMN,read_models,operations_protection_events,dropea_order_id,text,YES,
COLUMN,read_models,operations_protection_events,phone_last4,text,YES,
COLUMN,read_models,operations_protection_events,reason,text,YES,
COLUMN,read_models,operations_protection_events,source_final_state,text,YES,
COLUMN,read_models,operations_protection_events,status,text,YES,
COLUMN,read_models,operations_protection_events,attempts,integer,YES,
COLUMN,read_models,operations_protection_events,last_error_code,text,YES,
COLUMN,read_models,operations_protection_events,requested_at,timestamp with time zone,YES,
COLUMN,read_models,operations_protection_events,verified_at,timestamp with time zone,YES,
COLUMN,read_models,operations_protection_events,policy_version,text,YES,
COLUMN,read_models,operations_protection_events,created_at,timestamp with time zone,YES,
COLUMN,read_models,operations_protection_events,updated_at,timestamp with time zone,YES,
COLUMN,read_models,operations_protection_summary,duplicate_orders,integer,YES,
COLUMN,read_models,operations_protection_summary,test_orders,integer,YES,
COLUMN,read_models,operations_protection_summary,chatby_delete_eligible,integer,YES,
COLUMN,read_models,operations_protection_summary,chatby_delete_failed,integer,YES,
COLUMN,read_models,operations_protection_summary,releasit_pending,integer,YES,
COLUMN,read_models,operations_protection_summary,releasit_blocked,integer,YES,
COLUMN,read_models,operations_protection_summary,releasit_errors,integer,YES,
COLUMN,read_models,operations_protection_summary,human_review,integer,YES,
COLUMN,read_models,operations_protection_summary,last_reconciled_at,timestamp with time zone,YES,
COLUMN,read_models,operations_protection_summary,actions_executed,integer,YES,
COLUMN,read_models,operations_review_queue,resource_type,text,YES,
COLUMN,read_models,operations_review_queue,canonical_order_id,text,YES,
COLUMN,read_models,operations_review_queue,canonical_issue_id,text,YES,
COLUMN,read_models,operations_review_queue,risk,text,YES,
COLUMN,read_models,operations_review_queue,priority,text,YES,
COLUMN,read_models,operations_review_queue,updated_at,timestamp with time zone,YES,
COLUMN,read_models,operations_review_queue,review_reasons,ARRAY,YES,
COLUMN,read_models,operations_review_queue,actions_executed,integer,YES,
COLUMN,read_models,operations_review_queue,production_writes,integer,YES,
COLUMN,read_models,operations_timeline_records,timeline_id,text,NO,
COLUMN,read_models,operations_timeline_records,canonical_order_id,text,NO,
COLUMN,read_models,operations_timeline_records,canonical_issue_id,text,YES,
COLUMN,read_models,operations_timeline_records,event_type,text,NO,
COLUMN,read_models,operations_timeline_records,source,text,NO,
COLUMN,read_models,operations_timeline_records,occurred_at,timestamp with time zone,NO,
COLUMN,read_models,operations_timeline_records,summary_masked,jsonb,NO,'{}'::jsonb
COLUMN,read_models,operations_timeline_records,freshness,text,NO,'UNKNOWN'::text
COLUMN,read_models,order_identity_map,canonical_order_id,text,YES,
COLUMN,read_models,order_identity_map,market,text,YES,
COLUMN,read_models,order_identity_map,store_id,text,YES,
COLUMN,read_models,order_identity_map,dropea_order_id,text,YES,
COLUMN,read_models,order_identity_map,source_system,text,YES,
COLUMN,read_models,order_identity_map,source_version,text,YES,
COLUMN,read_models,order_identity_map,shopify_external_order_id_hash,text,YES,
COLUMN,read_models,order_identity_map,chatby_order_reference_hash,text,YES,
COLUMN,read_models,order_identity_map,chatby_contact_hash,text,YES,
COLUMN,read_models,order_identity_map,chatby_conversation_hash,text,YES,
COLUMN,read_models,order_identity_map,identity_method,text,YES,
COLUMN,read_models,order_identity_map,identity_status,text,YES,
COLUMN,read_models,order_identity_map,identity_confidence,numeric,YES,
COLUMN,read_models,order_identity_map,first_seen_at,timestamp with time zone,YES,
COLUMN,read_models,order_identity_map,last_seen_at,timestamp with time zone,YES,
COLUMN,read_models,order_identity_map,last_verified_at,timestamp with time zone,YES,
COLUMN,read_models,order_identity_map,observed_at,timestamp with time zone,YES,
COLUMN,read_models,order_identity_map,freshness,text,YES,
COLUMN,read_models,order_identity_map,actions_executed,integer,YES,
COLUMN,read_models,order_identity_map,production_writes,integer,YES,
COLUMN,read_models,order_state_history,history_id,text,YES,
COLUMN,read_models,order_state_history,canonical_order_id,text,YES,
COLUMN,read_models,order_state_history,status,text,YES,
COLUMN,read_models,order_state_history,sub_status,text,YES,
COLUMN,read_models,order_state_history,lifecycle_status,text,YES,
COLUMN,read_models,order_state_history,event_source,text,YES,
COLUMN,read_models,order_state_history,source_event_id,text,YES,
COLUMN,read_models,order_state_history,observed_at,timestamp with time zone,YES,
COLUMN,read_models,order_state_history,effective_at,timestamp with time zone,YES,
COLUMN,read_models,order_state_history,payload_hash,text,YES,
COLUMN,read_models,order_state_history,freshness,text,YES,
COLUMN,read_models,order_state_history,actions_executed,integer,YES,
COLUMN,read_models,order_state_history,production_writes,integer,YES,
COLUMN,read_models,reconciliation_findings,finding_id,text,YES,
COLUMN,read_models,reconciliation_findings,canonical_order_id,text,YES,
COLUMN,read_models,reconciliation_findings,canonical_issue_id,text,YES,
COLUMN,read_models,reconciliation_findings,finding_type,text,YES,
COLUMN,read_models,reconciliation_findings,severity,text,YES,
COLUMN,read_models,reconciliation_findings,source_a,text,YES,
COLUMN,read_models,reconciliation_findings,source_b,text,YES,
COLUMN,read_models,reconciliation_findings,detected_at,timestamp with time zone,YES,
COLUMN,read_models,reconciliation_findings,resolved_at,timestamp with time zone,YES,
COLUMN,read_models,reconciliation_findings,status,text,YES,
COLUMN,read_models,reconciliation_findings,evidence_sanitized,jsonb,YES,
COLUMN,reconciliation,ledger,fingerprint,text,NO,
COLUMN,reconciliation,ledger,canonical_order_hash,text,YES,
COLUMN,reconciliation,ledger,source_a,text,NO,
COLUMN,reconciliation,ledger,source_b,text,NO,
COLUMN,reconciliation,ledger,comparison_result,text,NO,
COLUMN,reconciliation,ledger,difference_classification,text,NO,
COLUMN,reconciliation,ledger,occurrence_count,bigint,NO,1
COLUMN,reconciliation,ledger,first_seen_at,timestamp with time zone,NO,
COLUMN,reconciliation,ledger,last_seen_at,timestamp with time zone,NO,
COLUMN,reconciliation,ledger,evidence_masked,jsonb,NO,'{}'::jsonb
COLUMN,reconciliation,ledger,resolved_at,timestamp with time zone,YES,
COLUMN,reconciliation,ledger,resolution,text,YES,
COLUMN,truth,snapshots,truth_snapshot_id,text,NO,
COLUMN,truth,snapshots,canonical_order_hash,text,NO,
COLUMN,truth,snapshots,snapshot,jsonb,NO,
COLUMN,truth,snapshots,quality_score,integer,NO,
COLUMN,truth,snapshots,identity_status,text,NO,
COLUMN,truth,snapshots,shadow_eligible,boolean,NO,false
COLUMN,truth,snapshots,blocking_reasons,ARRAY,NO,'{}'::text[]
COLUMN,truth,snapshots,generated_at,timestamp with time zone,NO,
COLUMN,truth,snapshots,schema_version,text,NO,
CONSTRAINT,audit,action_log,action_log_actions_executed_check,c,,CHECK (actions_executed = 0)
CONSTRAINT,audit,action_log,action_log_order_id_fkey,f,,FOREIGN KEY (order_id) REFERENCES core.orders(id) ON DELETE SET NULL
CONSTRAINT,audit,action_log,action_log_pkey,p,,PRIMARY KEY (id)
CONSTRAINT,audit,action_log,action_log_run_mode_check,c,,CHECK (run_mode = 'SIMULATION'::text)
CONSTRAINT,audit,application_events,application_events_pkey,p,,PRIMARY KEY (id)
CONSTRAINT,audit,data_access_log,data_access_log_pkey,p,,PRIMARY KEY (id)
CONSTRAINT,audit,masking_log,masking_log_pkey,p,,PRIMARY KEY (id)
CONSTRAINT,audit,security_events,security_events_pkey,p,,PRIMARY KEY (id)
CONSTRAINT,audit,sync_runs,sync_runs_pkey,p,,PRIMARY KEY (id)
CONSTRAINT,configuration,feature_flags,feature_flags_pkey,p,,PRIMARY KEY (flag_name)
CONSTRAINT,configuration,freshness_thresholds,freshness_thresholds_check,c,,CHECK (warning_seconds > 0 AND stale_seconds > warning_seconds)
CONSTRAINT,configuration,freshness_thresholds,freshness_thresholds_pkey,p,,PRIMARY KEY (source)
CONSTRAINT,configuration,policies,policies_pkey,p,,PRIMARY KEY (id)
CONSTRAINT,configuration,policies,policies_policy_name_key,u,,UNIQUE (policy_name)
CONSTRAINT,configuration,policy_assignments,policy_assignments_pkey,p,,PRIMARY KEY (id)
CONSTRAINT,configuration,policy_assignments,policy_assignments_policy_id_fkey,f,,FOREIGN KEY (policy_id) REFERENCES configuration.policies(id) ON DELETE CASCADE
CONSTRAINT,configuration,policy_assignments,policy_assignments_version_id_fkey,f,,FOREIGN KEY (version_id) REFERENCES configuration.policy_versions(id) ON DELETE CASCADE
CONSTRAINT,configuration,policy_assignments,policy_assignments_workflow_status_key,u,,"UNIQUE (workflow, status)"
CONSTRAINT,configuration,policy_versions,policy_versions_pkey,p,,PRIMARY KEY (id)
CONSTRAINT,configuration,policy_versions,policy_versions_policy_name_version_key,u,,"UNIQUE (policy_name, version)"
CONSTRAINT,configuration,system_settings,system_settings_pkey,p,,PRIMARY KEY (setting_name)
CONSTRAINT,core,conversations,conversations_order_id_fkey,f,,FOREIGN KEY (order_id) REFERENCES core.orders(id) ON DELETE CASCADE
CONSTRAINT,core,conversations,conversations_pkey,p,,PRIMARY KEY (id)
CONSTRAINT,core,conversations,conversations_source_external_conversation_id_hash_key,u,,"UNIQUE (source, external_conversation_id_hash)"
CONSTRAINT,core,customer_aliases,customer_aliases_confidence_check,c,,CHECK (confidence >= 0::numeric AND confidence <= 1::numeric)
CONSTRAINT,core,customer_aliases,customer_aliases_customer_id_fkey,f,,FOREIGN KEY (customer_id) REFERENCES core.customers_masked(id) ON DELETE CASCADE
CONSTRAINT,core,customer_aliases,customer_aliases_pkey,p,,PRIMARY KEY (id)
CONSTRAINT,core,customer_aliases,customer_aliases_source_alias_type_alias_hash_key,u,,"UNIQUE (source, alias_type, alias_hash)"
CONSTRAINT,core,customers_masked,customers_masked_external_reference_hash_key,u,,UNIQUE (external_reference_hash)
CONSTRAINT,core,customers_masked,customers_masked_pkey,p,,PRIMARY KEY (id)
CONSTRAINT,core,incident_history,incident_history_incident_id_external_history_id_hash_key,u,,"UNIQUE (incident_id, external_history_id_hash)"
CONSTRAINT,core,incident_history,incident_history_incident_id_fkey,f,,FOREIGN KEY (incident_id) REFERENCES core.incidents(id) ON DELETE CASCADE
CONSTRAINT,core,incident_history,incident_history_pkey,p,,PRIMARY KEY (id)
CONSTRAINT,core,incidents,incidents_external_incident_id_key,u,,UNIQUE (external_incident_id)
CONSTRAINT,core,incidents,incidents_order_id_fkey,f,,FOREIGN KEY (order_id) REFERENCES core.orders(id) ON DELETE CASCADE
CONSTRAINT,core,incidents,incidents_pkey,p,,PRIMARY KEY (id)
CONSTRAINT,core,messages,messages_conversation_id_external_message_id_hash_key,u,,"UNIQUE (conversation_id, external_message_id_hash)"
CONSTRAINT,core,messages,messages_conversation_id_fkey,f,,FOREIGN KEY (conversation_id) REFERENCES core.conversations(id) ON DELETE CASCADE
CONSTRAINT,core,messages,messages_direction_check,c,,"CHECK (direction = ANY (ARRAY['INBOUND'::text, 'OUTBOUND'::text, 'SYSTEM'::text]))"
CONSTRAINT,core,messages,messages_pkey,p,,PRIMARY KEY (id)
CONSTRAINT,core,order_digital_twins,order_digital_twins_completeness_check,c,,CHECK (completeness >= 0::numeric AND completeness <= 1::numeric)
CONSTRAINT,core,order_digital_twins,order_digital_twins_order_id_fkey,f,,FOREIGN KEY (order_id) REFERENCES core.orders(id) ON DELETE CASCADE
CONSTRAINT,core,order_digital_twins,order_digital_twins_pkey,p,,PRIMARY KEY (order_id)
CONSTRAINT,core,order_digital_twins,order_digital_twins_run_mode_check,c,,CHECK (run_mode = 'SIMULATION'::text)
CONSTRAINT,core,order_snapshots,order_snapshots_order_id_fkey,f,,FOREIGN KEY (order_id) REFERENCES core.orders(id) ON DELETE CASCADE
CONSTRAINT,core,order_snapshots,order_snapshots_order_id_snapshot_version_key,u,,"UNIQUE (order_id, snapshot_version)"
CONSTRAINT,core,order_snapshots,order_snapshots_pkey,p,,PRIMARY KEY (id)
CONSTRAINT,core,order_source_links,order_source_links_confidence_check,c,,CHECK (confidence >= 0::numeric AND confidence <= 1::numeric)
CONSTRAINT,core,order_source_links,order_source_links_order_id_fkey,f,,FOREIGN KEY (order_id) REFERENCES core.orders(id) ON DELETE CASCADE
CONSTRAINT,core,order_source_links,order_source_links_pkey,p,,PRIMARY KEY (id)
CONSTRAINT,core,order_source_links,order_source_links_source_source_order_id_hash_key,u,,"UNIQUE (source, source_order_id_hash)"
CONSTRAINT,core,orders,orders_customer_id_fkey,f,,FOREIGN KEY (customer_id) REFERENCES core.customers_masked(id)
CONSTRAINT,core,orders,orders_external_order_id_key,u,,UNIQUE (external_order_id)
CONSTRAINT,core,orders,orders_pkey,p,,PRIMARY KEY (id)
CONSTRAINT,core,source_freshness,source_freshness_pkey,p,,PRIMARY KEY (source)
CONSTRAINT,core,timers,timers_deduplication_key_key,u,,UNIQUE (deduplication_key)
CONSTRAINT,core,timers,timers_incident_id_fkey,f,,FOREIGN KEY (incident_id) REFERENCES core.incidents(id) ON DELETE CASCADE
CONSTRAINT,core,timers,timers_order_id_fkey,f,,FOREIGN KEY (order_id) REFERENCES core.orders(id) ON DELETE CASCADE
CONSTRAINT,core,timers,timers_pkey,p,,PRIMARY KEY (id)
CONSTRAINT,core,timers,timers_run_mode_check,c,,CHECK (run_mode = 'SIMULATION'::text)
CONSTRAINT,core,timers,timers_source_event_id_fkey,f,,FOREIGN KEY (source_event_id) REFERENCES events.order_events(event_id) ON DELETE RESTRICT
CONSTRAINT,core,timers,timers_status_check,c,,"CHECK (status = ANY (ARRAY['PENDING'::text, 'ACTIVE'::text, 'PAUSED'::text, 'EXPIRED'::text, 'CANCELLED'::text, 'COMPLETED'::text]))"
CONSTRAINT,decision_memory,records,records_pkey,p,,PRIMARY KEY (memory_id)
CONSTRAINT,decisions,agent_proposals,agent_proposals_confidence_check,c,,CHECK (confidence >= 0::numeric AND confidence <= 1::numeric)
CONSTRAINT,decisions,agent_proposals,agent_proposals_pkey,p,,PRIMARY KEY (id)
CONSTRAINT,decisions,agent_proposals,agent_proposals_simulation_run_id_fkey,f,,FOREIGN KEY (simulation_run_id) REFERENCES decisions.simulation_runs(id) ON DELETE CASCADE
CONSTRAINT,decisions,ai_review_queue,ai_review_queue_actions_executed_check,c,,CHECK (actions_executed = 0)
CONSTRAINT,decisions,ai_review_queue,ai_review_queue_confidence_check,c,,CHECK (confidence >= 0::numeric AND confidence <= 1::numeric)
CONSTRAINT,decisions,ai_review_queue,ai_review_queue_decision_id_fkey,f,,FOREIGN KEY (decision_id) REFERENCES decisions.decision_records(decision_id) ON DELETE CASCADE
CONSTRAINT,decisions,ai_review_queue,ai_review_queue_decision_id_key,u,,UNIQUE (decision_id)
CONSTRAINT,decisions,ai_review_queue,ai_review_queue_order_id_fkey,f,,FOREIGN KEY (order_id) REFERENCES core.orders(id) ON DELETE CASCADE
CONSTRAINT,decisions,ai_review_queue,ai_review_queue_pkey,p,,PRIMARY KEY (id)
CONSTRAINT,decisions,ai_review_queue,ai_review_queue_run_mode_check,c,,CHECK (run_mode = 'SIMULATION'::text)
CONSTRAINT,decisions,ai_review_queue,ai_review_queue_status_check,c,,"CHECK (status = ANY (ARRAY['PENDING'::text, 'CLAIMED'::text, 'IN_REVIEW'::text, 'COMPLETED'::text, 'DISMISSED'::text, 'BLOCKED'::text]))"
CONSTRAINT,decisions,alternatives,alternatives_decision_id_fkey,f,,FOREIGN KEY (decision_id) REFERENCES decisions.decision_records(decision_id) ON DELETE CASCADE
CONSTRAINT,decisions,alternatives,alternatives_decision_id_rank_key,u,,"UNIQUE (decision_id, rank)"
CONSTRAINT,decisions,alternatives,alternatives_pkey,p,,PRIMARY KEY (id)
CONSTRAINT,decisions,confidence_breakdowns,confidence_breakdowns_decision_id_factor_key,u,,"UNIQUE (decision_id, factor)"
CONSTRAINT,decisions,confidence_breakdowns,confidence_breakdowns_decision_id_fkey,f,,FOREIGN KEY (decision_id) REFERENCES decisions.decision_records(decision_id) ON DELETE CASCADE
CONSTRAINT,decisions,confidence_breakdowns,confidence_breakdowns_pkey,p,,PRIMARY KEY (id)
CONSTRAINT,decisions,confidence_breakdowns,confidence_breakdowns_score_check,c,,CHECK (score >= 0::numeric AND score <= 1::numeric)
CONSTRAINT,decisions,decision_alternatives,decision_alternatives_decision_id_fkey,f,,FOREIGN KEY (decision_id) REFERENCES decisions.decisions(id) ON DELETE CASCADE
CONSTRAINT,decisions,decision_alternatives,decision_alternatives_decision_id_rank_key,u,,"UNIQUE (decision_id, rank)"
CONSTRAINT,decisions,decision_alternatives,decision_alternatives_pkey,p,,PRIMARY KEY (id)
CONSTRAINT,decisions,decision_evidence,decision_evidence_decision_id_event_id_key,u,,"UNIQUE (decision_id, event_id)"
CONSTRAINT,decisions,decision_evidence,decision_evidence_decision_id_fkey,f,,FOREIGN KEY (decision_id) REFERENCES decisions.decisions(id) ON DELETE CASCADE
CONSTRAINT,decisions,decision_evidence,decision_evidence_event_id_fkey,f,,FOREIGN KEY (event_id) REFERENCES events.order_events(event_id) ON DELETE RESTRICT
CONSTRAINT,decisions,decision_evidence,decision_evidence_pkey,p,,PRIMARY KEY (id)
CONSTRAINT,decisions,decision_records,decision_records_actions_executed_check,c,,CHECK (actions_executed = 0)
CONSTRAINT,decisions,decision_records,decision_records_final_confidence_check,c,,CHECK (final_confidence >= 0::numeric AND final_confidence <= 1::numeric)
CONSTRAINT,decisions,decision_records,decision_records_order_id_fkey,f,,FOREIGN KEY (order_id) REFERENCES core.orders(id) ON DELETE CASCADE
CONSTRAINT,decisions,decision_records,decision_records_pkey,p,,PRIMARY KEY (decision_id)
CONSTRAINT,decisions,decision_records,decision_records_route_check,c,,"CHECK (route = ANY (ARRAY['DETERMINISTIC'::text, 'AI_REVIEW'::text, 'HUMAN_REVIEW'::text, 'BLOCKED'::text]))"
CONSTRAINT,decisions,decision_records,decision_records_run_mode_check,c,,CHECK (run_mode = 'SIMULATION'::text)
CONSTRAINT,decisions,decisions,decisions_actions_executed_check,c,,CHECK (actions_executed = 0)
CONSTRAINT,decisions,decisions,decisions_decision_record_id_fkey,f,,FOREIGN KEY (decision_record_id) REFERENCES decisions.decision_records(decision_id) ON DELETE SET NULL
CONSTRAINT,decisions,decisions,decisions_pkey,p,,PRIMARY KEY (id)
CONSTRAINT,decisions,decisions,decisions_run_mode_check,c,,CHECK (run_mode = 'SIMULATION'::text)
CONSTRAINT,decisions,decisions,decisions_simulation_run_id_fkey,f,,FOREIGN KEY (simulation_run_id) REFERENCES decisions.simulation_runs(id) ON DELETE CASCADE
CONSTRAINT,decisions,evidence,evidence_decision_id_event_id_key,u,,"UNIQUE (decision_id, event_id)"
CONSTRAINT,decisions,evidence,evidence_decision_id_fkey,f,,FOREIGN KEY (decision_id) REFERENCES decisions.decision_records(decision_id) ON DELETE CASCADE
CONSTRAINT,decisions,evidence,evidence_event_id_fkey,f,,FOREIGN KEY (event_id) REFERENCES events.order_events(event_id) ON DELETE RESTRICT
CONSTRAINT,decisions,evidence,evidence_pkey,p,,PRIMARY KEY (id)
CONSTRAINT,decisions,human_review_queue,human_review_queue_actions_executed_check,c,,CHECK (actions_executed = 0)
CONSTRAINT,decisions,human_review_queue,human_review_queue_confidence_check,c,,CHECK (confidence >= 0::numeric AND confidence <= 1::numeric)
CONSTRAINT,decisions,human_review_queue,human_review_queue_decision_id_fkey,f,,FOREIGN KEY (decision_id) REFERENCES decisions.decision_records(decision_id) ON DELETE CASCADE
CONSTRAINT,decisions,human_review_queue,human_review_queue_decision_id_key,u,,UNIQUE (decision_id)
CONSTRAINT,decisions,human_review_queue,human_review_queue_order_id_fkey,f,,FOREIGN KEY (order_id) REFERENCES core.orders(id) ON DELETE CASCADE
CONSTRAINT,decisions,human_review_queue,human_review_queue_pkey,p,,PRIMARY KEY (id)
CONSTRAINT,decisions,human_review_queue,human_review_queue_priority_check,c,,CHECK (priority >= 0 AND priority <= 100)
CONSTRAINT,decisions,human_review_queue,human_review_queue_run_mode_check,c,,CHECK (run_mode = 'SIMULATION'::text)
CONSTRAINT,decisions,human_review_queue,human_review_queue_status_check,c,,"CHECK (status = ANY (ARRAY['PENDING'::text, 'CLAIMED'::text, 'IN_REVIEW'::text, 'COMPLETED'::text, 'DISMISSED'::text, 'BLOCKED'::text]))"
CONSTRAINT,decisions,qa_results,qa_results_decision_id_fkey,f,,FOREIGN KEY (decision_id) REFERENCES decisions.decision_records(decision_id) ON DELETE CASCADE
CONSTRAINT,decisions,qa_results,qa_results_decision_id_gate_name_key,u,,"UNIQUE (decision_id, gate_name)"
CONSTRAINT,decisions,qa_results,qa_results_pkey,p,,PRIMARY KEY (id)
CONSTRAINT,decisions,qa_results,qa_results_status_check,c,,"CHECK (status = ANY (ARRAY['PASS'::text, 'FAIL'::text, 'REVIEW'::text]))"
CONSTRAINT,decisions,review_records,review_records_actions_executed_check,c,,CHECK (actions_executed = 0)
CONSTRAINT,decisions,review_records,review_records_decision_id_fkey,f,,FOREIGN KEY (decision_id) REFERENCES decisions.decisions(id) ON DELETE CASCADE
CONSTRAINT,decisions,review_records,review_records_pkey,p,,PRIMARY KEY (id)
CONSTRAINT,decisions,review_records,review_records_review_type_check,c,,"CHECK (review_type = ANY (ARRAY['AI_REVIEW'::text, 'HUMAN_REVIEW'::text]))"
CONSTRAINT,decisions,review_records,review_records_run_mode_check,c,,CHECK (run_mode = 'SIMULATION'::text)
CONSTRAINT,decisions,simulation_comparisons,simulation_comparisons_order_id_fkey,f,,FOREIGN KEY (order_id) REFERENCES core.orders(id) ON DELETE CASCADE
CONSTRAINT,decisions,simulation_comparisons,simulation_comparisons_pkey,p,,PRIMARY KEY (id)
CONSTRAINT,decisions,simulation_comparisons,simulation_comparisons_simulation_run_id_fkey,f,,FOREIGN KEY (simulation_run_id) REFERENCES decisions.simulation_runs(id) ON DELETE CASCADE
CONSTRAINT,decisions,simulation_runs,simulation_runs_actions_executed_check,c,,CHECK (actions_executed = 0)
CONSTRAINT,decisions,simulation_runs,simulation_runs_order_id_fkey,f,,FOREIGN KEY (order_id) REFERENCES core.orders(id) ON DELETE CASCADE
CONSTRAINT,decisions,simulation_runs,simulation_runs_pkey,p,,PRIMARY KEY (id)
CONSTRAINT,decisions,simulation_runs,simulation_runs_run_mode_check,c,,CHECK (run_mode = 'SIMULATION'::text)
CONSTRAINT,economics,observations,observations_pkey,p,,PRIMARY KEY (observation_id)
CONSTRAINT,economics,observations,observations_value_status_check,c,,"CHECK (value_status = ANY (ARRAY['OBSERVED'::text, 'CALCULATED'::text, 'ESTIMATED'::text, 'UNKNOWN'::text]))"
CONSTRAINT,enterprise_graph,entities,entities_pkey,p,,PRIMARY KEY (entity_id)
CONSTRAINT,enterprise_graph,relationships,relationships_from_entity_id_fkey,f,,FOREIGN KEY (from_entity_id) REFERENCES enterprise_graph.entities(entity_id)
CONSTRAINT,enterprise_graph,relationships,relationships_pkey,p,,PRIMARY KEY (relationship_id)
CONSTRAINT,enterprise_graph,relationships,relationships_to_entity_id_fkey,f,,FOREIGN KEY (to_entity_id) REFERENCES enterprise_graph.entities(entity_id)
CONSTRAINT,enterprise_twins,snapshots,snapshots_pkey,p,,PRIMARY KEY (twin_id)
CONSTRAINT,enterprise_twins,snapshots,snapshots_run_mode_check,c,,CHECK (run_mode = 'SHADOW_READ_ONLY'::text)
CONSTRAINT,events,event_corrections,event_corrections_correction_event_id_fkey,f,,FOREIGN KEY (correction_event_id) REFERENCES events.order_events(event_id) ON DELETE RESTRICT
CONSTRAINT,events,event_corrections,event_corrections_correction_event_id_key,u,,UNIQUE (correction_event_id)
CONSTRAINT,events,event_corrections,event_corrections_original_event_id_fkey,f,,FOREIGN KEY (original_event_id) REFERENCES events.order_events(event_id) ON DELETE RESTRICT
CONSTRAINT,events,event_corrections,event_corrections_pkey,p,,PRIMARY KEY (id)
CONSTRAINT,events,event_deduplication,event_deduplication_event_id_fkey,f,,FOREIGN KEY (event_id) REFERENCES events.order_events(event_id) ON DELETE RESTRICT
CONSTRAINT,events,event_deduplication,event_deduplication_pkey,p,,PRIMARY KEY (deduplication_key)
CONSTRAINT,events,event_snapshots,event_snapshots_order_id_fkey,f,,FOREIGN KEY (order_id) REFERENCES core.orders(id) ON DELETE CASCADE
CONSTRAINT,events,event_snapshots,event_snapshots_order_id_through_event_id_key,u,,"UNIQUE (order_id, through_event_id)"
CONSTRAINT,events,event_snapshots,event_snapshots_pkey,p,,PRIMARY KEY (id)
CONSTRAINT,events,event_snapshots,event_snapshots_through_event_id_fkey,f,,FOREIGN KEY (through_event_id) REFERENCES events.order_events(event_id) ON DELETE RESTRICT
CONSTRAINT,events,order_events,order_events_deduplication_key_key,u,,UNIQUE (deduplication_key)
CONSTRAINT,events,order_events,order_events_order_id_fkey,f,,FOREIGN KEY (order_id) REFERENCES core.orders(id) ON DELETE RESTRICT
CONSTRAINT,events,order_events,order_events_pkey,p,,PRIMARY KEY (event_id)
CONSTRAINT,events,order_events,order_events_run_mode_check,c,,CHECK (run_mode = 'SIMULATION'::text)
CONSTRAINT,events,order_events,order_events_supersedes_event_id_fkey,f,,FOREIGN KEY (supersedes_event_id) REFERENCES events.order_events(event_id)
CONSTRAINT,events,replay_runs,replay_runs_order_id_fkey,f,,FOREIGN KEY (order_id) REFERENCES core.orders(id) ON DELETE CASCADE
CONSTRAINT,events,replay_runs,replay_runs_pkey,p,,PRIMARY KEY (id)
CONSTRAINT,events,replay_runs,replay_runs_run_mode_check,c,,CHECK (run_mode = 'SIMULATION'::text)
CONSTRAINT,integration,carrier_issue_code_registry,carrier_issue_code_registry_actions_executed_check,c,,CHECK (actions_executed = 0)
CONSTRAINT,integration,carrier_issue_code_registry,carrier_issue_code_registry_automation_allowed_check,c,,CHECK (automation_allowed = false)
CONSTRAINT,integration,carrier_issue_code_registry,carrier_issue_code_registry_occurrences_check,c,,CHECK (occurrences >= 0)
CONSTRAINT,integration,carrier_issue_code_registry,carrier_issue_code_registry_pkey,p,,"PRIMARY KEY (carrier, market, code)"
CONSTRAINT,integration,carrier_issue_code_registry,carrier_issue_code_registry_production_writes_check,c,,CHECK (production_writes = 0)
CONSTRAINT,integration,dropea_issues,dropea_issues_actions_executed_check,c,,CHECK (actions_executed = 0)
CONSTRAINT,integration,dropea_issues,dropea_issues_automation_allowed_check,c,,CHECK (automation_allowed = false)
CONSTRAINT,integration,dropea_issues,dropea_issues_canonical_issue_id_key,u,,UNIQUE (canonical_issue_id)
CONSTRAINT,integration,dropea_issues,dropea_issues_pkey,p,,"PRIMARY KEY (market, store_id, dropea_issue_id)"
CONSTRAINT,integration,dropea_issues,dropea_issues_production_writes_check,c,,CHECK (production_writes = 0)
CONSTRAINT,integration,dropea_orders,dropea_orders_actions_executed_check,c,,CHECK (actions_executed = 0)
CONSTRAINT,integration,dropea_orders,dropea_orders_canonical_order_id_key,u,,UNIQUE (canonical_order_id)
CONSTRAINT,integration,dropea_orders,dropea_orders_customer_identity_hash_check,c,,CHECK (customer_identity_hash IS NULL OR customer_identity_hash ~ '^[a-f0-9]{64}$'::text)
CONSTRAINT,integration,dropea_orders,dropea_orders_pkey,p,,"PRIMARY KEY (market, store_id, dropea_order_id)"
CONSTRAINT,integration,dropea_orders,dropea_orders_production_writes_check,c,,CHECK (production_writes = 0)
CONSTRAINT,integration,dropea_store_config,dropea_store_config_check,c,,CHECK (base_url = (('https://'::text || lower(market)) || '.public-api.dropea.com'::text))
CONSTRAINT,integration,dropea_store_config,dropea_store_config_market_check,c,,"CHECK (market = ANY (ARRAY['ES'::text, 'IT'::text, 'PT'::text]))"
CONSTRAINT,integration,dropea_store_config,dropea_store_config_pkey,p,,"PRIMARY KEY (market, store_id)"
CONSTRAINT,integration,dropea_sync_checkpoints,dropea_sync_checkpoints_actions_executed_check,c,,CHECK (actions_executed = 0)
CONSTRAINT,integration,dropea_sync_checkpoints,dropea_sync_checkpoints_pkey,p,,"PRIMARY KEY (market, store_id, resource_type, phase)"
CONSTRAINT,integration,dropea_sync_checkpoints,dropea_sync_checkpoints_production_writes_check,c,,CHECK (production_writes = 0)
CONSTRAINT,integration,dropea_webhook_events,dropea_webhook_events_actions_executed_check,c,,CHECK (actions_executed = 0)
CONSTRAINT,integration,dropea_webhook_events,dropea_webhook_events_auth_status_check,c,,"CHECK (auth_status = ANY (ARRAY['HMAC_VALID'::text, 'PATH_TOKEN_VALID'::text, 'AUTH_FAILED'::text]))"
CONSTRAINT,integration,dropea_webhook_events,dropea_webhook_events_market_store_id_event_id_payload_hash_key,u,,"UNIQUE (market, store_id, event_id, payload_hash)"
CONSTRAINT,integration,dropea_webhook_events,dropea_webhook_events_pkey,p,,PRIMARY KEY (event_id)
CONSTRAINT,integration,dropea_webhook_events,dropea_webhook_events_production_writes_check,c,,CHECK (production_writes = 0)
CONSTRAINT,knowledge,facts,facts_pkey,p,,PRIMARY KEY (fact_id)
CONSTRAINT,mcp,call_audit,call_audit_actions_executed_check,c,,CHECK (actions_executed = 0)
CONSTRAINT,mcp,call_audit,call_audit_pkey,p,,PRIMARY KEY (id)
CONSTRAINT,mcp,call_audit,call_audit_run_mode_check,c,,CHECK (run_mode = 'SIMULATION'::text)
CONSTRAINT,mcp,clients,clients_client_name_key,u,,UNIQUE (client_name)
CONSTRAINT,mcp,clients,clients_pkey,p,,PRIMARY KEY (id)
CONSTRAINT,mcp,clients,clients_principal_hash_key,u,,UNIQUE (principal_hash)
CONSTRAINT,mcp,scopes,scopes_client_id_fkey,f,,FOREIGN KEY (client_id) REFERENCES mcp.clients(id) ON DELETE CASCADE
CONSTRAINT,mcp,scopes,scopes_client_id_scope_key,u,,"UNIQUE (client_id, scope)"
CONSTRAINT,mcp,scopes,scopes_pkey,p,,PRIMARY KEY (id)
CONSTRAINT,mcp,scopes,scopes_scope_check,c,,"CHECK (scope = ANY (ARRAY['orders:read'::text, 'orders:simulate'::text]))"
CONSTRAINT,mcp,security_events,security_events_pkey,p,,PRIMARY KEY (id)
CONSTRAINT,mcp,tool_executions,tool_executions_actions_executed_check,c,,CHECK (actions_executed = 0)
CONSTRAINT,mcp,tool_executions,tool_executions_client_fk,f,,FOREIGN KEY (client_id) REFERENCES mcp.clients(id) ON DELETE SET NULL
CONSTRAINT,mcp,tool_executions,tool_executions_pkey,p,,PRIMARY KEY (id)
CONSTRAINT,mcp,tool_executions,tool_executions_run_mode_check,c,,CHECK (run_mode = 'SIMULATION'::text)
CONSTRAINT,migration,batches,batches_actions_executed_check,c,,CHECK (actions_executed = 0)
CONSTRAINT,migration,batches,batches_pkey,p,,PRIMARY KEY (batch_id)
CONSTRAINT,migration,batches,batches_production_writes_check,c,,CHECK (production_writes = 0)
CONSTRAINT,migration,batches,batches_run_mode_check,c,,CHECK (run_mode = 'SHADOW_READ_ONLY'::text)
CONSTRAINT,migration,checkpoints,checkpoints_pkey,p,,"PRIMARY KEY (source, source_object)"
CONSTRAINT,migration,rejections,rejections_batch_id_fkey,f,,FOREIGN KEY (batch_id) REFERENCES migration.batches(batch_id)
CONSTRAINT,migration,rejections,rejections_pkey,p,,PRIMARY KEY (id)
CONSTRAINT,migration,source_inventory,source_inventory_pkey,p,,"PRIMARY KEY (source, source_object)"
CONSTRAINT,operations,active_customer_product_guard,active_customer_product_guard_check,c,,CHECK (status = 'ACTIVE'::text AND released_at IS NULL OR status <> 'ACTIVE'::text)
CONSTRAINT,operations,active_customer_product_guard,active_customer_product_guard_idempotency_key_key,u,,UNIQUE (idempotency_key)
CONSTRAINT,operations,active_customer_product_guard,active_customer_product_guard_pkey,p,,PRIMARY KEY (guard_id)
CONSTRAINT,operations,active_customer_product_guard,active_customer_product_guard_status_check,c,,"CHECK (status = ANY (ARRAY['ACTIVE'::text, 'RELEASED'::text, 'RECONCILIATION_REQUIRED'::text]))"
CONSTRAINT,operations,chatby_contact_lifecycle,chatby_contact_lifecycle_idempotency_key_key,u,,UNIQUE (idempotency_key)
CONSTRAINT,operations,chatby_contact_lifecycle,chatby_contact_lifecycle_pkey,p,,PRIMARY KEY (lifecycle_id)
CONSTRAINT,operations,chatby_conversation_events,chatby_conversation_events_actions_executed_check,c,,CHECK (actions_executed = 0)
CONSTRAINT,operations,chatby_conversation_events,chatby_conversation_events_chatby_message_id_hash_payload_h_key,u,,"UNIQUE (chatby_message_id_hash, payload_hash)"
CONSTRAINT,operations,chatby_conversation_events,chatby_conversation_events_direction_check,c,,"CHECK (direction = ANY (ARRAY['INBOUND'::text, 'OUTBOUND'::text, 'SYSTEM'::text]))"
CONSTRAINT,operations,chatby_conversation_events,chatby_conversation_events_pkey,p,,PRIMARY KEY (event_id)
CONSTRAINT,operations,chatby_conversation_events,chatby_conversation_events_production_writes_check,c,,CHECK (production_writes = 0)
CONSTRAINT,operations,chatby_conversation_links,chatby_conversation_links_actions_executed_check,c,,CHECK (actions_executed = 0)
CONSTRAINT,operations,chatby_conversation_links,chatby_conversation_links_check,c,,CHECK (conversation_status <> 'FOUND'::text OR chatby_conversation_id_hash IS NOT NULL)
CONSTRAINT,operations,chatby_conversation_links,chatby_conversation_links_check1,c,,CHECK (conversation_status <> 'FOUND'::text OR evidence_hash IS NOT NULL)
CONSTRAINT,operations,chatby_conversation_links,chatby_conversation_links_conversation_freshness_check,c,,"CHECK (conversation_freshness = ANY (ARRAY['FRESH'::text, 'STALE'::text, 'UNKNOWN'::text]))"
CONSTRAINT,operations,chatby_conversation_links,chatby_conversation_links_conversation_status_check,c,,"CHECK (conversation_status = ANY (ARRAY['NONE'::text, 'FOUND'::text, 'MULTIPLE'::text, 'STALE'::text, 'BROKEN'::text, 'UNKNOWN'::text]))"
CONSTRAINT,operations,chatby_conversation_links,chatby_conversation_links_message_count_check,c,,CHECK (message_count >= 0)
CONSTRAINT,operations,chatby_conversation_links,chatby_conversation_links_pkey,p,,PRIMARY KEY (canonical_issue_id)
CONSTRAINT,operations,chatby_conversation_links,chatby_conversation_links_production_writes_check,c,,CHECK (production_writes = 0)
CONSTRAINT,operations,dead_letter_queue,dead_letter_queue_job_id_fkey,f,,FOREIGN KEY (job_id) REFERENCES operations.jobs(id) ON DELETE SET NULL
CONSTRAINT,operations,dead_letter_queue,dead_letter_queue_pkey,p,,PRIMARY KEY (id)
CONSTRAINT,operations,idempotency_keys,idempotency_keys_pkey,p,,PRIMARY KEY (key)
CONSTRAINT,operations,incident_discount_workflow,incident_discount_workflow_actions_executed_check,c,,CHECK (actions_executed = 0)
CONSTRAINT,operations,incident_discount_workflow,incident_discount_workflow_canonical_issue_id_key,u,,UNIQUE (canonical_issue_id)
CONSTRAINT,operations,incident_discount_workflow,incident_discount_workflow_discount_amount_check,c,,"CHECK (discount_amount = ANY (ARRAY[0::numeric, 5::numeric]))"
CONSTRAINT,operations,incident_discount_workflow,incident_discount_workflow_pkey,p,,PRIMARY KEY (workflow_id)
CONSTRAINT,operations,incident_discount_workflow,incident_discount_workflow_production_writes_check,c,,CHECK (production_writes = 0)
CONSTRAINT,operations,incident_intent_timeline,incident_intent_timeline_actions_executed_check,c,,CHECK (actions_executed = 0)
CONSTRAINT,operations,incident_intent_timeline,incident_intent_timeline_canonical_issue_id_relevant_to_iss_key,u,,"UNIQUE (canonical_issue_id, relevant_to_issue_version, message_id_hash)"
CONSTRAINT,operations,incident_intent_timeline,incident_intent_timeline_pkey,p,,PRIMARY KEY (intent_id)
CONSTRAINT,operations,incident_simulation_decisions,incident_simulation_decisions_actions_executed_check,c,,CHECK (actions_executed = 0)
CONSTRAINT,operations,incident_simulation_decisions,incident_simulation_decisions_canonical_issue_id_issue_vers_key,u,,"UNIQUE (canonical_issue_id, issue_version, source_event_id, policy_version)"
CONSTRAINT,operations,incident_simulation_decisions,incident_simulation_decisions_execution_available_check,c,,CHECK (execution_available = false)
CONSTRAINT,operations,incident_simulation_decisions,incident_simulation_decisions_external_write_attempted_check,c,,CHECK (external_write_attempted = false)
CONSTRAINT,operations,incident_simulation_decisions,incident_simulation_decisions_pkey,p,,PRIMARY KEY (simulation_id)
CONSTRAINT,operations,incident_simulation_decisions,incident_simulation_decisions_production_writes_check,c,,CHECK (production_writes = 0)
CONSTRAINT,operations,incident_timers,incident_timers_actions_executed_check,c,,CHECK (actions_executed = 0)
CONSTRAINT,operations,incident_timers,incident_timers_canonical_issue_id_issue_version_timer_type_key,u,,"UNIQUE (canonical_issue_id, issue_version, timer_type, source_event_id)"
CONSTRAINT,operations,incident_timers,incident_timers_pkey,p,,PRIMARY KEY (timer_id)
CONSTRAINT,operations,incident_timers,incident_timers_production_writes_check,c,,CHECK (production_writes = 0)
CONSTRAINT,operations,incident_timers,incident_timers_status_check,c,,"CHECK (status = ANY (ARRAY['ACTIVE'::text, 'COMPLETED'::text, 'CANCELLED'::text, 'SUPERSEDED'::text, 'EXPIRED'::text]))"
CONSTRAINT,operations,incident_timers,incident_timers_timer_type_check,c,,"CHECK (timer_type = ANY (ARRAY['CUSTOMER_INITIAL_RESPONSE_48H'::text, 'CUSTOMER_DISCOUNT_RESPONSE_48H'::text, 'DROPEA_CONFIRMATION_WAIT'::text, 'COD_CHANGE_WAIT'::text, 'RETURN_COMPLETION_WAIT'::text, 'OPERATION_VERIFICATION'::text, 'RECONCILIATION'::text, 'GLS_RETENTION_DEADLINE'::text]))"
CONSTRAINT,operations,job_runs,job_runs_job_id_attempt_key,u,,"UNIQUE (job_id, attempt)"
CONSTRAINT,operations,job_runs,job_runs_job_id_fkey,f,,FOREIGN KEY (job_id) REFERENCES operations.jobs(id) ON DELETE CASCADE
CONSTRAINT,operations,job_runs,job_runs_pkey,p,,PRIMARY KEY (id)
CONSTRAINT,operations,jobs,jobs_deduplication_key_key,u,,UNIQUE (deduplication_key)
CONSTRAINT,operations,jobs,jobs_pkey,p,,PRIMARY KEY (id)
CONSTRAINT,operations,order_duplicate_assessments,order_duplicate_assessments_pkey,p,,PRIMARY KEY (assessment_id)
CONSTRAINT,operations,reconciliation_results,reconciliation_results_pkey,p,,PRIMARY KEY (id)
CONSTRAINT,operations,releasit_configuration_snapshots,releasit_configuration_snapshots_blocked_number_count_check,c,,CHECK (blocked_number_count >= 0)
CONSTRAINT,operations,releasit_configuration_snapshots,releasit_configuration_snapshots_pkey,p,,PRIMARY KEY (snapshot_id)
CONSTRAINT,operations,releasit_phone_block_events,releasit_phone_block_events_idempotency_key_key,u,,UNIQUE (idempotency_key)
CONSTRAINT,operations,releasit_phone_block_events,releasit_phone_block_events_pkey,p,,PRIMARY KEY (event_id)
CONSTRAINT,operations,releasit_phone_block_events,releasit_phone_block_events_reason_check,c,,CHECK (reason = 'RETURN_TO_ORIGIN'::text)
CONSTRAINT,operations,system_locks,system_locks_check,c,,CHECK (expires_at > acquired_at)
CONSTRAINT,operations,system_locks,system_locks_pkey,p,,PRIMARY KEY (lock_name)
CONSTRAINT,process_intelligence,observations,observations_pkey,p,,PRIMARY KEY (observation_id)
CONSTRAINT,raw,ingestion_batches,ingestion_batches_pkey,p,,PRIMARY KEY (id)
CONSTRAINT,raw,ingestion_batches,ingestion_batches_run_mode_check,c,,CHECK (run_mode = 'SIMULATION'::text)
CONSTRAINT,raw,ingestion_errors,ingestion_errors_batch_id_fkey,f,,FOREIGN KEY (batch_id) REFERENCES raw.ingestion_batches(id) ON DELETE CASCADE
CONSTRAINT,raw,ingestion_errors,ingestion_errors_pkey,p,,PRIMARY KEY (id)
CONSTRAINT,raw,ingestion_records,ingestion_records_deduplication_key_key,u,,UNIQUE (deduplication_key)
CONSTRAINT,raw,ingestion_records,ingestion_records_pkey,p,,PRIMARY KEY (id)
CONSTRAINT,raw,ingestion_records,ingestion_records_run_mode_check,c,,CHECK (run_mode = 'SIMULATION'::text)
CONSTRAINT,raw,source_records,source_records_batch_id_fkey,f,,FOREIGN KEY (batch_id) REFERENCES raw.ingestion_batches(id) ON DELETE CASCADE
CONSTRAINT,raw,source_records,source_records_pkey,p,,PRIMARY KEY (id)
CONSTRAINT,raw,source_records,source_records_source_source_record_id_hash_checksum_key,u,,"UNIQUE (source, source_record_id_hash, checksum)"
CONSTRAINT,raw_private,source_records,source_records_batch_id_fkey,f,,FOREIGN KEY (batch_id) REFERENCES migration.batches(batch_id)
CONSTRAINT,raw_private,source_records,source_records_pkey,p,,PRIMARY KEY (id)
CONSTRAINT,raw_private,source_records,source_records_run_mode_check,c,,CHECK (run_mode = 'SHADOW_READ_ONLY'::text)
CONSTRAINT,raw_private,source_records,source_records_source_source_object_source_record_hash_payl_key,u,,"UNIQUE (source, source_object, source_record_hash, payload_checksum)"
CONSTRAINT,read_models,operations_connector_health,operations_connector_health_pkey,p,,PRIMARY KEY (connector)
CONSTRAINT,read_models,operations_conversation_summaries,operations_conversation_summaries_pkey,p,,PRIMARY KEY (canonical_order_id)
CONSTRAINT,read_models,operations_decision_cards,operations_decision_cards_actions_executed_check,c,,CHECK (actions_executed = 0)
CONSTRAINT,read_models,operations_decision_cards,operations_decision_cards_pkey,p,,PRIMARY KEY (decision_id)
CONSTRAINT,read_models,operations_decision_cards,operations_decision_cards_run_mode_check,c,,CHECK (run_mode = 'SHADOW_READ_ONLY'::text)
CONSTRAINT,read_models,operations_discount_workflows,operations_discount_workflows_actions_executed_check,c,,CHECK (actions_executed = 0)
CONSTRAINT,read_models,operations_discount_workflows,operations_discount_workflows_discount_amount_check,c,,CHECK (discount_amount <= 5::numeric)
CONSTRAINT,read_models,operations_discount_workflows,operations_discount_workflows_email_sent_check,c,,CHECK (email_sent = false)
CONSTRAINT,read_models,operations_discount_workflows,operations_discount_workflows_pkey,p,,PRIMARY KEY (canonical_order_id)
CONSTRAINT,read_models,operations_discount_workflows,operations_discount_workflows_production_writes_check,c,,CHECK (production_writes = 0)
CONSTRAINT,read_models,operations_incident_interpretations,operations_incident_interpretations_actions_executed_check,c,,CHECK (actions_executed = 0)
CONSTRAINT,read_models,operations_incident_interpretations,operations_incident_interpretations_pkey,p,,PRIMARY KEY (canonical_issue_id)
CONSTRAINT,read_models,operations_incident_interpretations,operations_incident_interpretations_production_writes_check,c,,CHECK (production_writes = 0)
CONSTRAINT,read_models,operations_incident_records,operations_incident_records_actions_executed_check,c,,CHECK (actions_executed = 0)
CONSTRAINT,read_models,operations_incident_records,operations_incident_records_automation_allowed_check,c,,CHECK (automation_allowed = false)
CONSTRAINT,read_models,operations_incident_records,operations_incident_records_pkey,p,,PRIMARY KEY (canonical_issue_id)
CONSTRAINT,read_models,operations_incident_records,operations_incident_records_production_writes_check,c,,CHECK (production_writes = 0)
CONSTRAINT,read_models,operations_incident_records,operations_incident_records_run_mode_check,c,,CHECK (run_mode = 'SHADOW_READ_ONLY'::text)
CONSTRAINT,read_models,operations_order_records,operations_order_customer_identity_hash_check,c,,CHECK (customer_identity_hash IS NULL OR customer_identity_hash ~ '^[a-f0-9]{64}$'::text)
CONSTRAINT,read_models,operations_order_records,operations_order_records_actions_executed_check,c,,CHECK (actions_executed = 0)
CONSTRAINT,read_models,operations_order_records,operations_order_records_pkey,p,,PRIMARY KEY (canonical_order_id)
CONSTRAINT,read_models,operations_order_records,operations_order_records_production_writes_check,c,,CHECK (production_writes = 0)
CONSTRAINT,read_models,operations_order_records,operations_order_records_run_mode_check,c,,CHECK (run_mode = 'SHADOW_READ_ONLY'::text)
CONSTRAINT,read_models,operations_timeline_records,operations_timeline_records_pkey,p,,PRIMARY KEY (timeline_id)
CONSTRAINT,reconciliation,ledger,ledger_pkey,p,,PRIMARY KEY (fingerprint)
CONSTRAINT,truth,snapshots,snapshots_pkey,p,,PRIMARY KEY (truth_snapshot_id)
CONSTRAINT,truth,snapshots,snapshots_quality_score_check,c,,CHECK (quality_score >= 0 AND quality_score <= 100)
FUNCTION,events,reject_event_mutation,,trigger,,FUNCTION
FUNCTION,public,armor,bytea,text,,FUNCTION
FUNCTION,public,armor,"bytea, text[], text[]",text,,FUNCTION
FUNCTION,public,crypt,"text, text",text,,FUNCTION
FUNCTION,public,dearmor,text,bytea,,FUNCTION
FUNCTION,public,decrypt,"bytea, bytea, text",bytea,,FUNCTION
FUNCTION,public,decrypt_iv,"bytea, bytea, bytea, text",bytea,,FUNCTION
FUNCTION,public,digest,"text, text",bytea,,FUNCTION
FUNCTION,public,digest,"bytea, text",bytea,,FUNCTION
FUNCTION,public,encrypt,"bytea, bytea, text",bytea,,FUNCTION
FUNCTION,public,encrypt_iv,"bytea, bytea, bytea, text",bytea,,FUNCTION
FUNCTION,public,gen_random_bytes,integer,bytea,,FUNCTION
FUNCTION,public,gen_random_uuid,,uuid,,FUNCTION
FUNCTION,public,gen_salt,text,text,,FUNCTION
FUNCTION,public,gen_salt,"text, integer",text,,FUNCTION
FUNCTION,public,hmac,"text, text, text",bytea,,FUNCTION
FUNCTION,public,hmac,"bytea, bytea, text",bytea,,FUNCTION
FUNCTION,public,pgp_armor_headers,"text, OUT key text, OUT value text",SETOF record,,FUNCTION
FUNCTION,public,pgp_key_id,bytea,text,,FUNCTION
FUNCTION,public,pgp_pub_decrypt,"bytea, bytea",text,,FUNCTION
FUNCTION,public,pgp_pub_decrypt,"bytea, bytea, text",text,,FUNCTION
FUNCTION,public,pgp_pub_decrypt,"bytea, bytea, text, text",text,,FUNCTION
FUNCTION,public,pgp_pub_decrypt_bytea,"bytea, bytea",bytea,,FUNCTION
FUNCTION,public,pgp_pub_decrypt_bytea,"bytea, bytea, text",bytea,,FUNCTION
FUNCTION,public,pgp_pub_decrypt_bytea,"bytea, bytea, text, text",bytea,,FUNCTION
FUNCTION,public,pgp_pub_encrypt,"text, bytea",bytea,,FUNCTION
FUNCTION,public,pgp_pub_encrypt,"text, bytea, text",bytea,,FUNCTION
FUNCTION,public,pgp_pub_encrypt_bytea,"bytea, bytea",bytea,,FUNCTION
FUNCTION,public,pgp_pub_encrypt_bytea,"bytea, bytea, text",bytea,,FUNCTION
FUNCTION,public,pgp_sym_decrypt,"bytea, text",text,,FUNCTION
FUNCTION,public,pgp_sym_decrypt,"bytea, text, text",text,,FUNCTION
FUNCTION,public,pgp_sym_decrypt_bytea,"bytea, text",bytea,,FUNCTION
FUNCTION,public,pgp_sym_decrypt_bytea,"bytea, text, text",bytea,,FUNCTION
FUNCTION,public,pgp_sym_encrypt,"text, text",bytea,,FUNCTION
FUNCTION,public,pgp_sym_encrypt,"text, text, text",bytea,,FUNCTION
FUNCTION,public,pgp_sym_encrypt_bytea,"bytea, text",bytea,,FUNCTION
FUNCTION,public,pgp_sym_encrypt_bytea,"bytea, text, text",bytea,,FUNCTION
INDEX,audit,action_log,action_log_pkey,INDEX,,CREATE UNIQUE INDEX action_log_pkey ON audit.action_log USING btree (id)
INDEX,audit,application_events,application_events_pkey,INDEX,,CREATE UNIQUE INDEX application_events_pkey ON audit.application_events USING btree (id)
INDEX,audit,data_access_log,data_access_log_pkey,INDEX,,CREATE UNIQUE INDEX data_access_log_pkey ON audit.data_access_log USING btree (id)
INDEX,audit,masking_log,masking_log_pkey,INDEX,,CREATE UNIQUE INDEX masking_log_pkey ON audit.masking_log USING btree (id)
INDEX,audit,security_events,security_events_pkey,INDEX,,CREATE UNIQUE INDEX security_events_pkey ON audit.security_events USING btree (id)
INDEX,audit,sync_runs,sync_runs_pkey,INDEX,,CREATE UNIQUE INDEX sync_runs_pkey ON audit.sync_runs USING btree (id)
INDEX,configuration,feature_flags,feature_flags_pkey,INDEX,,CREATE UNIQUE INDEX feature_flags_pkey ON configuration.feature_flags USING btree (flag_name)
INDEX,configuration,freshness_thresholds,freshness_thresholds_pkey,INDEX,,CREATE UNIQUE INDEX freshness_thresholds_pkey ON configuration.freshness_thresholds USING btree (source)
INDEX,configuration,policies,policies_pkey,INDEX,,CREATE UNIQUE INDEX policies_pkey ON configuration.policies USING btree (id)
INDEX,configuration,policies,policies_policy_name_key,INDEX,,CREATE UNIQUE INDEX policies_policy_name_key ON configuration.policies USING btree (policy_name)
INDEX,configuration,policy_assignments,policy_assignments_pkey,INDEX,,CREATE UNIQUE INDEX policy_assignments_pkey ON configuration.policy_assignments USING btree (id)
INDEX,configuration,policy_assignments,policy_assignments_workflow_status_key,INDEX,,"CREATE UNIQUE INDEX policy_assignments_workflow_status_key ON configuration.policy_assignments USING btree (workflow, status)"
INDEX,configuration,policy_versions,policy_versions_pkey,INDEX,,CREATE UNIQUE INDEX policy_versions_pkey ON configuration.policy_versions USING btree (id)
INDEX,configuration,policy_versions,policy_versions_policy_name_version_key,INDEX,,"CREATE UNIQUE INDEX policy_versions_policy_name_version_key ON configuration.policy_versions USING btree (policy_name, version)"
INDEX,configuration,system_settings,system_settings_pkey,INDEX,,CREATE UNIQUE INDEX system_settings_pkey ON configuration.system_settings USING btree (setting_name)
INDEX,core,conversations,conversations_pkey,INDEX,,CREATE UNIQUE INDEX conversations_pkey ON core.conversations USING btree (id)
INDEX,core,conversations,conversations_source_external_conversation_id_hash_key,INDEX,,"CREATE UNIQUE INDEX conversations_source_external_conversation_id_hash_key ON core.conversations USING btree (source, external_conversation_id_hash)"
INDEX,core,customer_aliases,customer_aliases_pkey,INDEX,,CREATE UNIQUE INDEX customer_aliases_pkey ON core.customer_aliases USING btree (id)
INDEX,core,customer_aliases,customer_aliases_source_alias_type_alias_hash_key,INDEX,,"CREATE UNIQUE INDEX customer_aliases_source_alias_type_alias_hash_key ON core.customer_aliases USING btree (source, alias_type, alias_hash)"
INDEX,core,customers_masked,customers_masked_external_reference_hash_key,INDEX,,CREATE UNIQUE INDEX customers_masked_external_reference_hash_key ON core.customers_masked USING btree (external_reference_hash)
INDEX,core,customers_masked,customers_masked_pkey,INDEX,,CREATE UNIQUE INDEX customers_masked_pkey ON core.customers_masked USING btree (id)
INDEX,core,incident_history,incident_history_incident_id_external_history_id_hash_key,INDEX,,"CREATE UNIQUE INDEX incident_history_incident_id_external_history_id_hash_key ON core.incident_history USING btree (incident_id, external_history_id_hash)"
INDEX,core,incident_history,incident_history_pkey,INDEX,,CREATE UNIQUE INDEX incident_history_pkey ON core.incident_history USING btree (id)
INDEX,core,incidents,incidents_external_incident_id_key,INDEX,,CREATE UNIQUE INDEX incidents_external_incident_id_key ON core.incidents USING btree (external_incident_id)
INDEX,core,incidents,incidents_pkey,INDEX,,CREATE UNIQUE INDEX incidents_pkey ON core.incidents USING btree (id)
INDEX,core,incidents,incidents_status_id_idx,INDEX,,"CREATE INDEX incidents_status_id_idx ON core.incidents USING btree (status, external_incident_id DESC)"
INDEX,core,messages,messages_conversation_id_external_message_id_hash_key,INDEX,,"CREATE UNIQUE INDEX messages_conversation_id_external_message_id_hash_key ON core.messages USING btree (conversation_id, external_message_id_hash)"
INDEX,core,messages,messages_conversation_time_idx,INDEX,,"CREATE INDEX messages_conversation_time_idx ON core.messages USING btree (conversation_id, occurred_at DESC)"
INDEX,core,messages,messages_pkey,INDEX,,CREATE UNIQUE INDEX messages_pkey ON core.messages USING btree (id)
INDEX,core,order_digital_twins,order_digital_twins_pkey,INDEX,,CREATE UNIQUE INDEX order_digital_twins_pkey ON core.order_digital_twins USING btree (order_id)
INDEX,core,order_snapshots,order_snapshots_order_id_snapshot_version_key,INDEX,,"CREATE UNIQUE INDEX order_snapshots_order_id_snapshot_version_key ON core.order_snapshots USING btree (order_id, snapshot_version)"
INDEX,core,order_snapshots,order_snapshots_pkey,INDEX,,CREATE UNIQUE INDEX order_snapshots_pkey ON core.order_snapshots USING btree (id)
INDEX,core,order_snapshots,snapshots_order_time_idx,INDEX,,"CREATE INDEX snapshots_order_time_idx ON core.order_snapshots USING btree (order_id, created_at DESC)"
INDEX,core,order_source_links,order_source_links_pkey,INDEX,,CREATE UNIQUE INDEX order_source_links_pkey ON core.order_source_links USING btree (id)
INDEX,core,order_source_links,order_source_links_source_source_order_id_hash_key,INDEX,,"CREATE UNIQUE INDEX order_source_links_source_source_order_id_hash_key ON core.order_source_links USING btree (source, source_order_id_hash)"
INDEX,core,order_source_links,source_links_order_idx,INDEX,,"CREATE INDEX source_links_order_idx ON core.order_source_links USING btree (order_id, source)"
INDEX,core,orders,orders_external_order_id_key,INDEX,,CREATE UNIQUE INDEX orders_external_order_id_key ON core.orders USING btree (external_order_id)
INDEX,core,orders,orders_pkey,INDEX,,CREATE UNIQUE INDEX orders_pkey ON core.orders USING btree (id)
INDEX,core,orders,orders_status_idx,INDEX,,"CREATE INDEX orders_status_idx ON core.orders USING btree (canonical_status, updated_at DESC)"
INDEX,core,source_freshness,source_freshness_pkey,INDEX,,CREATE UNIQUE INDEX source_freshness_pkey ON core.source_freshness USING btree (source)
INDEX,core,timers,timers_deduplication_key_key,INDEX,,CREATE UNIQUE INDEX timers_deduplication_key_key ON core.timers USING btree (deduplication_key)
INDEX,core,timers,timers_due_idx,INDEX,,"CREATE INDEX timers_due_idx ON core.timers USING btree (status, deadline_at)"
INDEX,core,timers,timers_pkey,INDEX,,CREATE UNIQUE INDEX timers_pkey ON core.timers USING btree (id)
INDEX,decision_memory,records,records_pkey,INDEX,,CREATE UNIQUE INDEX records_pkey ON decision_memory.records USING btree (memory_id)
INDEX,decisions,agent_proposals,agent_proposals_pkey,INDEX,,CREATE UNIQUE INDEX agent_proposals_pkey ON decisions.agent_proposals USING btree (id)
INDEX,decisions,ai_review_queue,ai_review_pending_idx,INDEX,,"CREATE INDEX ai_review_pending_idx ON decisions.ai_review_queue USING btree (status, created_at)"
INDEX,decisions,ai_review_queue,ai_review_queue_decision_id_key,INDEX,,CREATE UNIQUE INDEX ai_review_queue_decision_id_key ON decisions.ai_review_queue USING btree (decision_id)
INDEX,decisions,ai_review_queue,ai_review_queue_pkey,INDEX,,CREATE UNIQUE INDEX ai_review_queue_pkey ON decisions.ai_review_queue USING btree (id)
INDEX,decisions,alternatives,alternatives_decision_id_rank_key,INDEX,,"CREATE UNIQUE INDEX alternatives_decision_id_rank_key ON decisions.alternatives USING btree (decision_id, rank)"
INDEX,decisions,alternatives,alternatives_pkey,INDEX,,CREATE UNIQUE INDEX alternatives_pkey ON decisions.alternatives USING btree (id)
INDEX,decisions,confidence_breakdowns,confidence_breakdowns_decision_id_factor_key,INDEX,,"CREATE UNIQUE INDEX confidence_breakdowns_decision_id_factor_key ON decisions.confidence_breakdowns USING btree (decision_id, factor)"
INDEX,decisions,confidence_breakdowns,confidence_breakdowns_pkey,INDEX,,CREATE UNIQUE INDEX confidence_breakdowns_pkey ON decisions.confidence_breakdowns USING btree (id)
INDEX,decisions,decision_alternatives,decision_alternatives_decision_id_rank_key,INDEX,,"CREATE UNIQUE INDEX decision_alternatives_decision_id_rank_key ON decisions.decision_alternatives USING btree (decision_id, rank)"
INDEX,decisions,decision_alternatives,decision_alternatives_pkey,INDEX,,CREATE UNIQUE INDEX decision_alternatives_pkey ON decisions.decision_alternatives USING btree (id)
INDEX,decisions,decision_evidence,decision_evidence_decision_id_event_id_key,INDEX,,"CREATE UNIQUE INDEX decision_evidence_decision_id_event_id_key ON decisions.decision_evidence USING btree (decision_id, event_id)"
INDEX,decisions,decision_evidence,decision_evidence_pkey,INDEX,,CREATE UNIQUE INDEX decision_evidence_pkey ON decisions.decision_evidence USING btree (id)
INDEX,decisions,decision_records,decision_records_pkey,INDEX,,CREATE UNIQUE INDEX decision_records_pkey ON decisions.decision_records USING btree (decision_id)
INDEX,decisions,decision_records,decisions_order_time_idx,INDEX,,"CREATE INDEX decisions_order_time_idx ON decisions.decision_records USING btree (order_id, created_at DESC)"
INDEX,decisions,decisions,decisions_pkey,INDEX,,CREATE UNIQUE INDEX decisions_pkey ON decisions.decisions USING btree (id)
INDEX,decisions,evidence,evidence_decision_id_event_id_key,INDEX,,"CREATE UNIQUE INDEX evidence_decision_id_event_id_key ON decisions.evidence USING btree (decision_id, event_id)"
INDEX,decisions,evidence,evidence_pkey,INDEX,,CREATE UNIQUE INDEX evidence_pkey ON decisions.evidence USING btree (id)
INDEX,decisions,human_review_queue,human_review_pending_idx,INDEX,,"CREATE INDEX human_review_pending_idx ON decisions.human_review_queue USING btree (status, priority DESC, created_at)"
INDEX,decisions,human_review_queue,human_review_queue_decision_id_key,INDEX,,CREATE UNIQUE INDEX human_review_queue_decision_id_key ON decisions.human_review_queue USING btree (decision_id)
INDEX,decisions,human_review_queue,human_review_queue_pkey,INDEX,,CREATE UNIQUE INDEX human_review_queue_pkey ON decisions.human_review_queue USING btree (id)
INDEX,decisions,qa_results,qa_results_decision_id_gate_name_key,INDEX,,"CREATE UNIQUE INDEX qa_results_decision_id_gate_name_key ON decisions.qa_results USING btree (decision_id, gate_name)"
INDEX,decisions,qa_results,qa_results_pkey,INDEX,,CREATE UNIQUE INDEX qa_results_pkey ON decisions.qa_results USING btree (id)
INDEX,decisions,review_records,review_records_pkey,INDEX,,CREATE UNIQUE INDEX review_records_pkey ON decisions.review_records USING btree (id)
INDEX,decisions,simulation_comparisons,simulation_comparisons_pkey,INDEX,,CREATE UNIQUE INDEX simulation_comparisons_pkey ON decisions.simulation_comparisons USING btree (id)
INDEX,decisions,simulation_runs,simulation_runs_order_idx,INDEX,,"CREATE INDEX simulation_runs_order_idx ON decisions.simulation_runs USING btree (order_id, started_at DESC)"
INDEX,decisions,simulation_runs,simulation_runs_pkey,INDEX,,CREATE UNIQUE INDEX simulation_runs_pkey ON decisions.simulation_runs USING btree (id)
INDEX,economics,observations,observations_pkey,INDEX,,CREATE UNIQUE INDEX observations_pkey ON economics.observations USING btree (observation_id)
INDEX,enterprise_graph,entities,entities_pkey,INDEX,,CREATE UNIQUE INDEX entities_pkey ON enterprise_graph.entities USING btree (entity_id)
INDEX,enterprise_graph,relationships,relationships_pkey,INDEX,,CREATE UNIQUE INDEX relationships_pkey ON enterprise_graph.relationships USING btree (relationship_id)
INDEX,enterprise_twins,snapshots,snapshots_pkey,INDEX,,CREATE UNIQUE INDEX snapshots_pkey ON enterprise_twins.snapshots USING btree (twin_id)
INDEX,events,event_corrections,event_corrections_correction_event_id_key,INDEX,,CREATE UNIQUE INDEX event_corrections_correction_event_id_key ON events.event_corrections USING btree (correction_event_id)
INDEX,events,event_corrections,event_corrections_pkey,INDEX,,CREATE UNIQUE INDEX event_corrections_pkey ON events.event_corrections USING btree (id)
INDEX,events,event_deduplication,event_deduplication_pkey,INDEX,,CREATE UNIQUE INDEX event_deduplication_pkey ON events.event_deduplication USING btree (deduplication_key)
INDEX,events,event_snapshots,event_snapshots_order_id_through_event_id_key,INDEX,,"CREATE UNIQUE INDEX event_snapshots_order_id_through_event_id_key ON events.event_snapshots USING btree (order_id, through_event_id)"
INDEX,events,event_snapshots,event_snapshots_pkey,INDEX,,CREATE UNIQUE INDEX event_snapshots_pkey ON events.event_snapshots USING btree (id)
INDEX,events,order_events,order_events_deduplication_key_key,INDEX,,CREATE UNIQUE INDEX order_events_deduplication_key_key ON events.order_events USING btree (deduplication_key)
INDEX,events,order_events,order_events_pkey,INDEX,,CREATE UNIQUE INDEX order_events_pkey ON events.order_events USING btree (event_id)
INDEX,events,order_events,order_events_replay_idx,INDEX,,"CREATE INDEX order_events_replay_idx ON events.order_events USING btree (order_id, occurred_at, received_at)"
INDEX,events,replay_runs,replay_runs_order_idx,INDEX,,"CREATE INDEX replay_runs_order_idx ON events.replay_runs USING btree (order_id, started_at DESC)"
INDEX,events,replay_runs,replay_runs_pkey,INDEX,,CREATE UNIQUE INDEX replay_runs_pkey ON events.replay_runs USING btree (id)
INDEX,integration,carrier_issue_code_registry,carrier_issue_code_registry_pkey,INDEX,,"CREATE UNIQUE INDEX carrier_issue_code_registry_pkey ON integration.carrier_issue_code_registry USING btree (carrier, market, code)"
INDEX,integration,dropea_issues,dropea_issues_canonical_issue_id_key,INDEX,,CREATE UNIQUE INDEX dropea_issues_canonical_issue_id_key ON integration.dropea_issues USING btree (canonical_issue_id)
INDEX,integration,dropea_issues,dropea_issues_pending_idx,INDEX,,"CREATE INDEX dropea_issues_pending_idx ON integration.dropea_issues USING btree (market, store_id, status, is_active, updated_at_utc DESC)"
INDEX,integration,dropea_issues,dropea_issues_pkey,INDEX,,"CREATE UNIQUE INDEX dropea_issues_pkey ON integration.dropea_issues USING btree (market, store_id, dropea_issue_id)"
INDEX,integration,dropea_orders,dropea_orders_canonical_order_id_key,INDEX,,CREATE UNIQUE INDEX dropea_orders_canonical_order_id_key ON integration.dropea_orders USING btree (canonical_order_id)
INDEX,integration,dropea_orders,dropea_orders_pkey,INDEX,,"CREATE UNIQUE INDEX dropea_orders_pkey ON integration.dropea_orders USING btree (market, store_id, dropea_order_id)"
INDEX,integration,dropea_orders,dropea_orders_updated_idx,INDEX,,"CREATE INDEX dropea_orders_updated_idx ON integration.dropea_orders USING btree (market, store_id, updated_at_utc DESC)"
INDEX,integration,dropea_store_config,dropea_store_config_pkey,INDEX,,"CREATE UNIQUE INDEX dropea_store_config_pkey ON integration.dropea_store_config USING btree (market, store_id)"
INDEX,integration,dropea_sync_checkpoints,dropea_sync_checkpoints_pkey,INDEX,,"CREATE UNIQUE INDEX dropea_sync_checkpoints_pkey ON integration.dropea_sync_checkpoints USING btree (market, store_id, resource_type, phase)"
INDEX,integration,dropea_webhook_events,dropea_webhook_events_market_store_id_event_id_payload_hash_key,INDEX,,"CREATE UNIQUE INDEX dropea_webhook_events_market_store_id_event_id_payload_hash_key ON integration.dropea_webhook_events USING btree (market, store_id, event_id, payload_hash)"
INDEX,integration,dropea_webhook_events,dropea_webhook_events_pkey,INDEX,,CREATE UNIQUE INDEX dropea_webhook_events_pkey ON integration.dropea_webhook_events USING btree (event_id)
INDEX,integration,dropea_webhook_events,dropea_webhook_received_idx,INDEX,,CREATE INDEX dropea_webhook_received_idx ON integration.dropea_webhook_events USING btree (received_at DESC)
INDEX,knowledge,facts,facts_pkey,INDEX,,CREATE UNIQUE INDEX facts_pkey ON knowledge.facts USING btree (fact_id)
INDEX,mcp,call_audit,call_audit_pkey,INDEX,,CREATE UNIQUE INDEX call_audit_pkey ON mcp.call_audit USING btree (id)
INDEX,mcp,call_audit,mcp_audit_time_idx,INDEX,,CREATE INDEX mcp_audit_time_idx ON mcp.call_audit USING btree (created_at DESC)
INDEX,mcp,clients,clients_client_name_key,INDEX,,CREATE UNIQUE INDEX clients_client_name_key ON mcp.clients USING btree (client_name)
INDEX,mcp,clients,clients_pkey,INDEX,,CREATE UNIQUE INDEX clients_pkey ON mcp.clients USING btree (id)
INDEX,mcp,clients,clients_principal_hash_key,INDEX,,CREATE UNIQUE INDEX clients_principal_hash_key ON mcp.clients USING btree (principal_hash)
INDEX,mcp,scopes,scopes_client_id_scope_key,INDEX,,"CREATE UNIQUE INDEX scopes_client_id_scope_key ON mcp.scopes USING btree (client_id, scope)"
INDEX,mcp,scopes,scopes_pkey,INDEX,,CREATE UNIQUE INDEX scopes_pkey ON mcp.scopes USING btree (id)
INDEX,mcp,security_events,security_events_pkey,INDEX,,CREATE UNIQUE INDEX security_events_pkey ON mcp.security_events USING btree (id)
INDEX,mcp,tool_executions,tool_executions_pkey,INDEX,,CREATE UNIQUE INDEX tool_executions_pkey ON mcp.tool_executions USING btree (id)
INDEX,mcp,tool_executions,tool_executions_time_idx,INDEX,,CREATE INDEX tool_executions_time_idx ON mcp.tool_executions USING btree (created_at DESC)
INDEX,migration,batches,batches_pkey,INDEX,,CREATE UNIQUE INDEX batches_pkey ON migration.batches USING btree (batch_id)
INDEX,migration,checkpoints,checkpoints_pkey,INDEX,,"CREATE UNIQUE INDEX checkpoints_pkey ON migration.checkpoints USING btree (source, source_object)"
INDEX,migration,rejections,rejections_pkey,INDEX,,CREATE UNIQUE INDEX rejections_pkey ON migration.rejections USING btree (id)
INDEX,migration,source_inventory,source_inventory_pkey,INDEX,,"CREATE UNIQUE INDEX source_inventory_pkey ON migration.source_inventory USING btree (source, source_object)"
INDEX,operations,active_customer_product_guard,active_customer_product_guard_idempotency_key_key,INDEX,,CREATE UNIQUE INDEX active_customer_product_guard_idempotency_key_key ON operations.active_customer_product_guard USING btree (idempotency_key)
INDEX,operations,active_customer_product_guard,active_customer_product_guard_one_active_idx,INDEX,,"CREATE UNIQUE INDEX active_customer_product_guard_one_active_idx ON operations.active_customer_product_guard USING btree (customer_identity_hash, canonical_product_key) WHERE (status = 'ACTIVE'::text)"
INDEX,operations,active_customer_product_guard,active_customer_product_guard_pkey,INDEX,,CREATE UNIQUE INDEX active_customer_product_guard_pkey ON operations.active_customer_product_guard USING btree (guard_id)
INDEX,operations,chatby_contact_lifecycle,chatby_contact_lifecycle_idempotency_key_key,INDEX,,CREATE UNIQUE INDEX chatby_contact_lifecycle_idempotency_key_key ON operations.chatby_contact_lifecycle USING btree (idempotency_key)
INDEX,operations,chatby_contact_lifecycle,chatby_contact_lifecycle_pkey,INDEX,,CREATE UNIQUE INDEX chatby_contact_lifecycle_pkey ON operations.chatby_contact_lifecycle USING btree (lifecycle_id)
INDEX,operations,chatby_contact_lifecycle,chatby_contact_lifecycle_status_idx,INDEX,,"CREATE INDEX chatby_contact_lifecycle_status_idx ON operations.chatby_contact_lifecycle USING btree (lifecycle_status, updated_at DESC)"
INDEX,operations,chatby_conversation_events,chatby_conversation_events_chatby_message_id_hash_payload_h_key,INDEX,,"CREATE UNIQUE INDEX chatby_conversation_events_chatby_message_id_hash_payload_h_key ON operations.chatby_conversation_events USING btree (chatby_message_id_hash, payload_hash)"
INDEX,operations,chatby_conversation_events,chatby_conversation_events_pkey,INDEX,,CREATE UNIQUE INDEX chatby_conversation_events_pkey ON operations.chatby_conversation_events USING btree (event_id)
INDEX,operations,chatby_conversation_events,chatby_events_issue_time_idx,INDEX,,"CREATE INDEX chatby_events_issue_time_idx ON operations.chatby_conversation_events USING btree (canonical_issue_id, occurred_at)"
INDEX,operations,chatby_conversation_links,chatby_conversation_links_pkey,INDEX,,CREATE UNIQUE INDEX chatby_conversation_links_pkey ON operations.chatby_conversation_links USING btree (canonical_issue_id)
INDEX,operations,chatby_conversation_links,chatby_links_order_idx,INDEX,,"CREATE INDEX chatby_links_order_idx ON operations.chatby_conversation_links USING btree (canonical_order_id, observed_at DESC)"
INDEX,operations,chatby_conversation_links,chatby_links_status_idx,INDEX,,"CREATE INDEX chatby_links_status_idx ON operations.chatby_conversation_links USING btree (conversation_status, conversation_freshness, observed_at DESC)"
INDEX,operations,dead_letter_queue,dead_letter_queue_pkey,INDEX,,CREATE UNIQUE INDEX dead_letter_queue_pkey ON operations.dead_letter_queue USING btree (id)
INDEX,operations,dead_letter_queue,dead_letter_unresolved_idx,INDEX,,CREATE INDEX dead_letter_unresolved_idx ON operations.dead_letter_queue USING btree (failed_at) WHERE (resolved_at IS NULL)
INDEX,operations,idempotency_keys,idempotency_keys_pkey,INDEX,,CREATE UNIQUE INDEX idempotency_keys_pkey ON operations.idempotency_keys USING btree (key)
INDEX,operations,incident_discount_workflow,incident_discount_workflow_canonical_issue_id_key,INDEX,,CREATE UNIQUE INDEX incident_discount_workflow_canonical_issue_id_key ON operations.incident_discount_workflow USING btree (canonical_issue_id)
INDEX,operations,incident_discount_workflow,incident_discount_workflow_pkey,INDEX,,CREATE UNIQUE INDEX incident_discount_workflow_pkey ON operations.incident_discount_workflow USING btree (workflow_id)
INDEX,operations,incident_intent_timeline,incident_intent_issue_time_idx,INDEX,,"CREATE INDEX incident_intent_issue_time_idx ON operations.incident_intent_timeline USING btree (canonical_issue_id, detected_at)"
INDEX,operations,incident_intent_timeline,incident_intent_timeline_canonical_issue_id_relevant_to_iss_key,INDEX,,"CREATE UNIQUE INDEX incident_intent_timeline_canonical_issue_id_relevant_to_iss_key ON operations.incident_intent_timeline USING btree (canonical_issue_id, relevant_to_issue_version, message_id_hash)"
INDEX,operations,incident_intent_timeline,incident_intent_timeline_pkey,INDEX,,CREATE UNIQUE INDEX incident_intent_timeline_pkey ON operations.incident_intent_timeline USING btree (intent_id)
INDEX,operations,incident_simulation_decisions,incident_decisions_issue_time_idx,INDEX,,"CREATE INDEX incident_decisions_issue_time_idx ON operations.incident_simulation_decisions USING btree (canonical_issue_id, created_at DESC)"
INDEX,operations,incident_simulation_decisions,incident_simulation_decisions_canonical_issue_id_issue_vers_key,INDEX,,"CREATE UNIQUE INDEX incident_simulation_decisions_canonical_issue_id_issue_vers_key ON operations.incident_simulation_decisions USING btree (canonical_issue_id, issue_version, source_event_id, policy_version)"
INDEX,operations,incident_simulation_decisions,incident_simulation_decisions_pkey,INDEX,,CREATE UNIQUE INDEX incident_simulation_decisions_pkey ON operations.incident_simulation_decisions USING btree (simulation_id)
INDEX,operations,incident_timers,incident_timers_canonical_issue_id_issue_version_timer_type_key,INDEX,,"CREATE UNIQUE INDEX incident_timers_canonical_issue_id_issue_version_timer_type_key ON operations.incident_timers USING btree (canonical_issue_id, issue_version, timer_type, source_event_id)"
INDEX,operations,incident_timers,incident_timers_due_idx,INDEX,,"CREATE INDEX incident_timers_due_idx ON operations.incident_timers USING btree (status, due_at)"
INDEX,operations,incident_timers,incident_timers_pkey,INDEX,,CREATE UNIQUE INDEX incident_timers_pkey ON operations.incident_timers USING btree (timer_id)
INDEX,operations,job_runs,job_runs_job_id_attempt_key,INDEX,,"CREATE UNIQUE INDEX job_runs_job_id_attempt_key ON operations.job_runs USING btree (job_id, attempt)"
INDEX,operations,job_runs,job_runs_pkey,INDEX,,CREATE UNIQUE INDEX job_runs_pkey ON operations.job_runs USING btree (id)
INDEX,operations,jobs,jobs_deduplication_key_key,INDEX,,CREATE UNIQUE INDEX jobs_deduplication_key_key ON operations.jobs USING btree (deduplication_key)
INDEX,operations,jobs,jobs_pkey,INDEX,,CREATE UNIQUE INDEX jobs_pkey ON operations.jobs USING btree (id)
INDEX,operations,jobs,jobs_ready_idx,INDEX,,"CREATE INDEX jobs_ready_idx ON operations.jobs USING btree (status, run_after) WHERE (status = 'PENDING'::text)"
INDEX,operations,order_duplicate_assessments,order_duplicate_assessments_pkey,INDEX,,CREATE UNIQUE INDEX order_duplicate_assessments_pkey ON operations.order_duplicate_assessments USING btree (assessment_id)
INDEX,operations,order_duplicate_assessments,order_duplicate_candidate_idx,INDEX,,"CREATE INDEX order_duplicate_candidate_idx ON operations.order_duplicate_assessments USING btree (candidate_order_id, created_at DESC)"
INDEX,operations,reconciliation_results,reconciliation_results_pkey,INDEX,,CREATE UNIQUE INDEX reconciliation_results_pkey ON operations.reconciliation_results USING btree (id)
INDEX,operations,releasit_configuration_snapshots,releasit_configuration_snapshots_pkey,INDEX,,CREATE UNIQUE INDEX releasit_configuration_snapshots_pkey ON operations.releasit_configuration_snapshots USING btree (snapshot_id)
INDEX,operations,releasit_phone_block_events,releasit_phone_block_events_idempotency_key_key,INDEX,,CREATE UNIQUE INDEX releasit_phone_block_events_idempotency_key_key ON operations.releasit_phone_block_events USING btree (idempotency_key)
INDEX,operations,releasit_phone_block_events,releasit_phone_block_events_pkey,INDEX,,CREATE UNIQUE INDEX releasit_phone_block_events_pkey ON operations.releasit_phone_block_events USING btree (event_id)
INDEX,operations,releasit_phone_block_events,releasit_phone_block_status_idx,INDEX,,"CREATE INDEX releasit_phone_block_status_idx ON operations.releasit_phone_block_events USING btree (status, updated_at DESC)"
INDEX,operations,system_locks,system_locks_pkey,INDEX,,CREATE UNIQUE INDEX system_locks_pkey ON operations.system_locks USING btree (lock_name)
INDEX,process_intelligence,observations,observations_pkey,INDEX,,CREATE UNIQUE INDEX observations_pkey ON process_intelligence.observations USING btree (observation_id)
INDEX,raw,ingestion_batches,ingestion_batches_pkey,INDEX,,CREATE UNIQUE INDEX ingestion_batches_pkey ON raw.ingestion_batches USING btree (id)
INDEX,raw,ingestion_errors,ingestion_errors_pkey,INDEX,,CREATE UNIQUE INDEX ingestion_errors_pkey ON raw.ingestion_errors USING btree (id)
INDEX,raw,ingestion_records,ingestion_records_deduplication_key_key,INDEX,,CREATE UNIQUE INDEX ingestion_records_deduplication_key_key ON raw.ingestion_records USING btree (deduplication_key)
INDEX,raw,ingestion_records,ingestion_records_pkey,INDEX,,CREATE UNIQUE INDEX ingestion_records_pkey ON raw.ingestion_records USING btree (id)
INDEX,raw,source_records,source_records_batch_idx,INDEX,,"CREATE INDEX source_records_batch_idx ON raw.source_records USING btree (batch_id, received_at)"
INDEX,raw,source_records,source_records_pkey,INDEX,,CREATE UNIQUE INDEX source_records_pkey ON raw.source_records USING btree (id)
INDEX,raw,source_records,source_records_source_source_record_id_hash_checksum_key,INDEX,,"CREATE UNIQUE INDEX source_records_source_source_record_id_hash_checksum_key ON raw.source_records USING btree (source, source_record_id_hash, checksum)"
INDEX,raw_private,source_records,source_records_pkey,INDEX,,CREATE UNIQUE INDEX source_records_pkey ON raw_private.source_records USING btree (id)
INDEX,raw_private,source_records,source_records_source_source_object_source_record_hash_payl_key,INDEX,,"CREATE UNIQUE INDEX source_records_source_source_object_source_record_hash_payl_key ON raw_private.source_records USING btree (source, source_object, source_record_hash, payload_checksum)"
INDEX,read_models,operations_connector_health,operations_connector_health_pkey,INDEX,,CREATE UNIQUE INDEX operations_connector_health_pkey ON read_models.operations_connector_health USING btree (connector)
INDEX,read_models,operations_conversation_summaries,operations_conversation_latest_idx,INDEX,,CREATE INDEX operations_conversation_latest_idx ON read_models.operations_conversation_summaries USING btree (latest_inbound_message_at DESC)
INDEX,read_models,operations_conversation_summaries,operations_conversation_summaries_pkey,INDEX,,CREATE UNIQUE INDEX operations_conversation_summaries_pkey ON read_models.operations_conversation_summaries USING btree (canonical_order_id)
INDEX,read_models,operations_decision_cards,operations_decision_cards_pkey,INDEX,,CREATE UNIQUE INDEX operations_decision_cards_pkey ON read_models.operations_decision_cards USING btree (decision_id)
INDEX,read_models,operations_discount_workflows,operations_discount_workflows_pkey,INDEX,,CREATE UNIQUE INDEX operations_discount_workflows_pkey ON read_models.operations_discount_workflows USING btree (canonical_order_id)
INDEX,read_models,operations_incident_interpretations,incident_interpretation_freshness_idx,INDEX,,"CREATE INDEX incident_interpretation_freshness_idx ON read_models.operations_incident_interpretations USING btree (freshness, updated_at DESC)"
INDEX,read_models,operations_incident_interpretations,operations_incident_interpretations_pkey,INDEX,,CREATE UNIQUE INDEX operations_incident_interpretations_pkey ON read_models.operations_incident_interpretations USING btree (canonical_issue_id)
INDEX,read_models,operations_incident_records,operations_incident_records_pkey,INDEX,,CREATE UNIQUE INDEX operations_incident_records_pkey ON read_models.operations_incident_records USING btree (canonical_issue_id)
INDEX,read_models,operations_incident_records,operations_incidents_freshness_idx,INDEX,,"CREATE INDEX operations_incidents_freshness_idx ON read_models.operations_incident_records USING btree (freshness, updated_at DESC)"
INDEX,read_models,operations_incident_records,operations_incidents_order_updated_idx,INDEX,,"CREATE INDEX operations_incidents_order_updated_idx ON read_models.operations_incident_records USING btree (canonical_order_id, updated_at DESC)"
INDEX,read_models,operations_incident_records,operations_incidents_queue_idx,INDEX,,"CREATE INDEX operations_incidents_queue_idx ON read_models.operations_incident_records USING btree (status, is_active, priority, updated_at DESC)"
INDEX,read_models,operations_incident_records,operations_incidents_resolution_idx,INDEX,,"CREATE INDEX operations_incidents_resolution_idx ON read_models.operations_incident_records USING btree (proposed_resolution, risk, due_at)"
INDEX,read_models,operations_order_records,operations_order_records_pkey,INDEX,,CREATE UNIQUE INDEX operations_order_records_pkey ON read_models.operations_order_records USING btree (canonical_order_id)
INDEX,read_models,operations_order_records,operations_orders_decision_idx,INDEX,,"CREATE INDEX operations_orders_decision_idx ON read_models.operations_order_records USING btree (decision_status, risk, priority, updated_at DESC)"
INDEX,read_models,operations_order_records,operations_orders_freshness_idx,INDEX,,"CREATE INDEX operations_orders_freshness_idx ON read_models.operations_order_records USING btree (freshness, updated_at DESC)"
INDEX,read_models,operations_order_records,operations_orders_protection_idx,INDEX,,"CREATE INDEX operations_orders_protection_idx ON read_models.operations_order_records USING btree (duplicate_status, test_order, chatby_cleanup_status, return_block_status, updated_at DESC)"
INDEX,read_models,operations_order_records,operations_orders_status_idx,INDEX,,"CREATE INDEX operations_orders_status_idx ON read_models.operations_order_records USING btree (status, updated_at DESC)"
INDEX,read_models,operations_timeline_records,operations_timeline_issue_idx,INDEX,,"CREATE INDEX operations_timeline_issue_idx ON read_models.operations_timeline_records USING btree (canonical_issue_id, occurred_at DESC)"
INDEX,read_models,operations_timeline_records,operations_timeline_order_idx,INDEX,,"CREATE INDEX operations_timeline_order_idx ON read_models.operations_timeline_records USING btree (canonical_order_id, occurred_at DESC)"
INDEX,read_models,operations_timeline_records,operations_timeline_records_pkey,INDEX,,CREATE UNIQUE INDEX operations_timeline_records_pkey ON read_models.operations_timeline_records USING btree (timeline_id)
INDEX,reconciliation,ledger,ledger_pkey,INDEX,,CREATE UNIQUE INDEX ledger_pkey ON reconciliation.ledger USING btree (fingerprint)
INDEX,truth,snapshots,snapshots_pkey,INDEX,,CREATE UNIQUE INDEX snapshots_pkey ON truth.snapshots USING btree (truth_snapshot_id)
SCHEMA,audit,,,,,
SCHEMA,configuration,,,,,
SCHEMA,core,,,,,
SCHEMA,decision_memory,,,,,
SCHEMA,decisions,,,,,
SCHEMA,economics,,,,,
SCHEMA,enterprise_graph,,,,,
SCHEMA,enterprise_twins,,,,,
SCHEMA,events,,,,,
SCHEMA,integration,,,,,
SCHEMA,knowledge,,,,,
SCHEMA,mcp,,,,,
SCHEMA,migration,,,,,
SCHEMA,operations,,,,,
SCHEMA,process_intelligence,,,,,
SCHEMA,public,,,,,
SCHEMA,raw,,,,,
SCHEMA,raw_private,,,,,
SCHEMA,read_models,,,,,
SCHEMA,reconciliation,,,,,
SCHEMA,truth,,,,,
TRIGGER,events,order_events,order_events_immutable,TRIGGER,,CREATE TRIGGER order_events_immutable BEFORE DELETE OR UPDATE ON events.order_events FOR EACH ROW EXECUTE FUNCTION events.reject_event_mutation()
