finding_id,title,component,severity,status,duplicate_of,evidence,root_cause,impact,proposed_correction,acceptance_test,related_commit,related_deployment,owner,target_date,residual_risk,order_ref_masked,issue_ref_masked,source_kind,detected_at
SF-00b6e8562dcc3689,Incidencia GLS abstendida por c??digo desconocido,GLS_INCIDENT_REVIEW,HIGH,DUPLICATE,SF-6e82ccd32435fb0c,"{""risk"":""HIGH"",""priority"":""NORMAL"",""carrier_code"":""OTH"",""review_reasons"":[""DROPEA_CARRIER_CODE_UNKNOWN"",""HUMAN_REVIEW"",""UNKNOWN_CARRIER_CODE""],""normalized_type"":""UNKNOWN""}",La incidencia hereda un c??digo GLS no verificado en el cat??logo.,La decisi??n queda bloqueada; no se permite automatizaci??n sobre la incidencia.,Resolver el hallazgo ra??z del c??digo y reevaluar este caso conservando su trazabilidad.,La incidencia obtiene clasificaci??n explicable o permanece UNKNOWN con bloqueo expl??cito.,,,Suleia Operations,,HIGH mientras siga sin clasificaci??n.,ord_cd61656bb291,iss_331ad0ac25ce,HUMAN_REVIEW,2026-07-02T18:23:11+00:00
SF-00eb746b894c2d6f,Protecci??n operativa pendiente de revisi??n,OPERATIONAL_PROTECTIONS,WARNING,OPEN,,"{""risk"":""NOT_ASSESSED"",""priority"":""NORMAL"",""carrier_code"":null,""review_reasons"":[""PROTECTION_REVIEW""],""normalized_type"":null}",La protecci??n ha detectado una condici??n que requiere evaluaci??n humana antes de cualquier acci??n.,El pedido queda en revisi??n y no debe recibir una acci??n autom??tica.,Clasificar la protecci??n con evidencia vigente y documentar la decisi??n de riesgo.,La revisi??n produce estado VERIFIED o ACCEPTED_RISK sin ejecutar acciones.,,,Suleia Operations,,WARNING pendiente de evaluaci??n.,ord_384fb2914c3d,,HUMAN_REVIEW,2026-08-05T11:09:19.767+00:00
SF-016b7e0a7cdea058,Incidencia GLS abstendida por c??digo desconocido,GLS_INCIDENT_REVIEW,HIGH,DUPLICATE,SF-51063007afc458c9,"{""risk"":""HIGH"",""priority"":""NORMAL"",""carrier_code"":""AS"",""review_reasons"":[""DROPEA_CARRIER_CODE_UNKNOWN"",""HUMAN_REVIEW"",""UNKNOWN_CARRIER_CODE""],""normalized_type"":""UNKNOWN""}",La incidencia hereda un c??digo GLS no verificado en el cat??logo.,La decisi??n queda bloqueada; no se permite automatizaci??n sobre la incidencia.,Resolver el hallazgo ra??z del c??digo y reevaluar este caso conservando su trazabilidad.,La incidencia obtiene clasificaci??n explicable o permanece UNKNOWN con bloqueo expl??cito.,,,Suleia Operations,,HIGH mientras siga sin clasificaci??n.,ord_d57c2e19801b,iss_63d2e7f67c74,HUMAN_REVIEW,2026-07-27T22:14:31+00:00
SF-01f6a6374e4fe13e,Incidencia GLS abstendida por c??digo desconocido,GLS_INCIDENT_REVIEW,HIGH,DUPLICATE,SF-ff5d384657fee69c,"{""risk"":""HIGH"",""priority"":""NORMAL"",""carrier_code"":""SF"",""review_reasons"":[""DROPEA_CARRIER_CODE_UNKNOWN"",""HUMAN_REVIEW"",""UNKNOWN_CARRIER_CODE""],""normalized_type"":""UNKNOWN""}",La incidencia hereda un c??digo GLS no verificado en el cat??logo.,La decisi??n queda bloqueada; no se permite automatizaci??n sobre la incidencia.,Resolver el hallazgo ra??z del c??digo y reevaluar este caso conservando su trazabilidad.,La incidencia obtiene clasificaci??n explicable o permanece UNKNOWN con bloqueo expl??cito.,,,Suleia Operations,,HIGH mientras siga sin clasificaci??n.,ord_c2058c2d9364,iss_c31e8e78f89e,HUMAN_REVIEW,2026-07-14T15:27:32+00:00
SF-020c9dcc876314d3,Incidencia GLS abstendida por c??digo desconocido,GLS_INCIDENT_REVIEW,HIGH,DUPLICATE,SF-51063007afc458c9,"{""risk"":""HIGH"",""priority"":""NORMAL"",""carrier_code"":""AS"",""review_reasons"":[""DROPEA_CARRIER_CODE_UNKNOWN"",""HUMAN_REVIEW"",""UNKNOWN_CARRIER_CODE""],""normalized_type"":""UNKNOWN""}",La incidencia hereda un c??digo GLS no verificado en el cat??logo.,La decisi??n queda bloqueada; no se permite automatizaci??n sobre la incidencia.,Resolver el hallazgo ra??z del c??digo y reevaluar este caso conservando su trazabilidad.,La incidencia obtiene clasificaci??n explicable o permanece UNKNOWN con bloqueo expl??cito.,,,Suleia Operations,,HIGH mientras siga sin clasificaci??n.,ord_dc2fb5ce7a55,iss_e6ef1af65425,HUMAN_REVIEW,2026-06-05T17:14:07+00:00
SF-024719e317e938ea,Incidencia GLS abstendida por c??digo desconocido,GLS_INCIDENT_REVIEW,HIGH,DUPLICATE,SF-ce03ef85a845f191,"{""risk"":""HIGH"",""priority"":""NORMAL"",""carrier_code"":""-30"",""review_reasons"":[""DROPEA_CARRIER_CODE_UNKNOWN"",""HUMAN_REVIEW"",""UNKNOWN_CARRIER_CODE""],""normalized_type"":""UNKNOWN""}",La incidencia hereda un c??digo GLS no verificado en el cat??logo.,La decisi??n queda bloqueada; no se permite automatizaci??n sobre la incidencia.,Resolver el hallazgo ra??z del c??digo y reevaluar este caso conservando su trazabilidad.,La incidencia obtiene clasificaci??n explicable o permanece UNKNOWN con bloqueo expl??cito.,,,Suleia Operations,,HIGH mientras siga sin clasificaci??n.,ord_d71f17c1eff9,iss_0d7ce01cd635,HUMAN_REVIEW,2026-08-07T14:51:02.43+00:00
SF-02771a90c4188879,Incidencia GLS abstendida por c??digo desconocido,GLS_INCIDENT_REVIEW,HIGH,DUPLICATE,SF-ce03ef85a845f191,"{""risk"":""HIGH"",""priority"":""NORMAL"",""carrier_code"":""-30"",""review_reasons"":[""DROPEA_CARRIER_CODE_UNKNOWN"",""HUMAN_REVIEW"",""UNKNOWN_CARRIER_CODE""],""normalized_type"":""UNKNOWN""}",La incidencia hereda un c??digo GLS no verificado en el cat??logo.,La decisi??n queda bloqueada; no se permite automatizaci??n sobre la incidencia.,Resolver el hallazgo ra??z del c??digo y reevaluar este caso conservando su trazabilidad.,La incidencia obtiene clasificaci??n explicable o permanece UNKNOWN con bloqueo expl??cito.,,,Suleia Operations,,HIGH mientras siga sin clasificaci??n.,ord_69e33926d7ca,iss_496ab83542a3,HUMAN_REVIEW,2026-07-24T22:20:24.936+00:00
SF-035be328467706fa,Incidencia GLS abstendida por c??digo desconocido,GLS_INCIDENT_REVIEW,HIGH,DUPLICATE,SF-ce03ef85a845f191,"{""risk"":""HIGH"",""priority"":""NORMAL"",""carrier_code"":""-30"",""review_reasons"":[""DROPEA_CARRIER_CODE_UNKNOWN"",""HUMAN_REVIEW"",""UNKNOWN_CARRIER_CODE""],""normalized_type"":""UNKNOWN""}",La incidencia hereda un c??digo GLS no verificado en el cat??logo.,La decisi??n queda bloqueada; no se permite automatizaci??n sobre la incidencia.,Resolver el hallazgo ra??z del c??digo y reevaluar este caso conservando su trazabilidad.,La incidencia obtiene clasificaci??n explicable o permanece UNKNOWN con bloqueo expl??cito.,,,Suleia Operations,,HIGH mientras siga sin clasificaci??n.,ord_da4d3b65d278,iss_6e3af2276b04,HUMAN_REVIEW,2026-07-24T22:15:53.591+00:00
SF-0386cca719c7d05c,Incidencia GLS abstendida por c??digo desconocido,GLS_INCIDENT_REVIEW,HIGH,DUPLICATE,SF-51063007afc458c9,"{""risk"":""HIGH"",""priority"":""NORMAL"",""carrier_code"":""AS"",""review_reasons"":[""DROPEA_CARRIER_CODE_UNKNOWN"",""HUMAN_REVIEW"",""UNKNOWN_CARRIER_CODE""],""normalized_type"":""UNKNOWN""}",La incidencia hereda un c??digo GLS no verificado en el cat??logo.,La decisi??n queda bloqueada; no se permite automatizaci??n sobre la incidencia.,Resolver el hallazgo ra??z del c??digo y reevaluar este caso conservando su trazabilidad.,La incidencia obtiene clasificaci??n explicable o permanece UNKNOWN con bloqueo expl??cito.,,,Suleia Operations,,HIGH mientras siga sin clasificaci??n.,ord_9075bc3be95d,iss_4ced12870aa5,HUMAN_REVIEW,2026-06-05T17:14:15+00:00
SF-040995ef48b30b79,Protecci??n operativa pendiente de revisi??n,OPERATIONAL_PROTECTIONS,WARNING,OPEN,,"{""risk"":""NOT_ASSESSED"",""priority"":""NORMAL"",""carrier_code"":null,""review_reasons"":[""PROTECTION_REVIEW""],""normalized_type"":null}",La protecci??n ha detectado una condici??n que requiere evaluaci??n humana antes de cualquier acci??n.,El pedido queda en revisi??n y no debe recibir una acci??n autom??tica.,Clasificar la protecci??n con evidencia vigente y documentar la decisi??n de riesgo.,La revisi??n produce estado VERIFIED o ACCEPTED_RISK sin ejecutar acciones.,,,Suleia Operations,,WARNING pendiente de evaluaci??n.,ord_9b2f2fdacd2f,,HUMAN_REVIEW,2026-08-05T11:09:29.219+00:00
SF-046bdc4778126b4e,Incidencia GLS abstendida por c??digo desconocido,GLS_INCIDENT_REVIEW,HIGH,DUPLICATE,SF-ff5d384657fee69c,"{""risk"":""HIGH"",""priority"":""NORMAL"",""carrier_code"":""SF"",""review_reasons"":[""DROPEA_CARRIER_CODE_UNKNOWN"",""HUMAN_REVIEW"",""UNKNOWN_CARRIER_CODE""],""normalized_type"":""UNKNOWN""}",La incidencia hereda un c??digo GLS no verificado en el cat??logo.,La decisi??n queda bloqueada; no se permite automatizaci??n sobre la incidencia.,Resolver el hallazgo ra??z del c??digo y reevaluar este caso conservando su trazabilidad.,La incidencia obtiene clasificaci??n explicable o permanece UNKNOWN con bloqueo expl??cito.,,,Suleia Operations,,HIGH mientras siga sin clasificaci??n.,ord_ccc79da1bcb1,iss_f62db4685bbc,HUMAN_REVIEW,2026-07-06T19:20:21+00:00
SF-06a35f8ae621d15d,Protecci??n operativa pendiente de revisi??n,OPERATIONAL_PROTECTIONS,WARNING,OPEN,,"{""risk"":""NOT_ASSESSED"",""priority"":""NORMAL"",""carrier_code"":null,""review_reasons"":[""PROTECTION_REVIEW""],""normalized_type"":null}",La protecci??n ha detectado una condici??n que requiere evaluaci??n humana antes de cualquier acci??n.,El pedido queda en revisi??n y no debe recibir una acci??n autom??tica.,Clasificar la protecci??n con evidencia vigente y documentar la decisi??n de riesgo.,La revisi??n produce estado VERIFIED o ACCEPTED_RISK sin ejecutar acciones.,,,Suleia Operations,,WARNING pendiente de evaluaci??n.,ord_40829198b632,,HUMAN_REVIEW,2026-08-05T11:09:26.135+00:00
SF-07ce46b211eed476,Incidencia GLS abstendida por c??digo desconocido,GLS_INCIDENT_REVIEW,HIGH,DUPLICATE,SF-51063007afc458c9,"{""risk"":""HIGH"",""priority"":""NORMAL"",""carrier_code"":""AS"",""review_reasons"":[""DROPEA_CARRIER_CODE_UNKNOWN"",""HUMAN_REVIEW"",""UNKNOWN_CARRIER_CODE""],""normalized_type"":""UNKNOWN""}",La incidencia hereda un c??digo GLS no verificado en el cat??logo.,La decisi??n queda bloqueada; no se permite automatizaci??n sobre la incidencia.,Resolver el hallazgo ra??z del c??digo y reevaluar este caso conservando su trazabilidad.,La incidencia obtiene clasificaci??n explicable o permanece UNKNOWN con bloqueo expl??cito.,,,Suleia Operations,,HIGH mientras siga sin clasificaci??n.,ord_c5857f398ed9,iss_226bebbad06f,HUMAN_REVIEW,2026-06-29T15:28:37+00:00
SF-0b1987ca39fab10c,Protecci??n operativa pendiente de revisi??n,OPERATIONAL_PROTECTIONS,WARNING,OPEN,,"{""risk"":""NOT_ASSESSED"",""priority"":""NORMAL"",""carrier_code"":null,""review_reasons"":[""PROTECTION_REVIEW""],""normalized_type"":null}",La protecci??n ha detectado una condici??n que requiere evaluaci??n humana antes de cualquier acci??n.,El pedido queda en revisi??n y no debe recibir una acci??n autom??tica.,Clasificar la protecci??n con evidencia vigente y documentar la decisi??n de riesgo.,La revisi??n produce estado VERIFIED o ACCEPTED_RISK sin ejecutar acciones.,,,Suleia Operations,,WARNING pendiente de evaluaci??n.,ord_76cfdbc46d47,,HUMAN_REVIEW,2026-08-05T11:09:30.453+00:00
SF-0c3314c276cf3ce1,Incidencia GLS abstendida por c??digo desconocido,GLS_INCIDENT_REVIEW,HIGH,DUPLICATE,SF-ce03ef85a845f191,"{""risk"":""HIGH"",""priority"":""NORMAL"",""carrier_code"":""-30"",""review_reasons"":[""DROPEA_CARRIER_CODE_UNKNOWN"",""HUMAN_REVIEW"",""UNKNOWN_CARRIER_CODE""],""normalized_type"":""UNKNOWN""}",La incidencia hereda un c??digo GLS no verificado en el cat??logo.,La decisi??n queda bloqueada; no se permite automatizaci??n sobre la incidencia.,Resolver el hallazgo ra??z del c??digo y reevaluar este caso conservando su trazabilidad.,La incidencia obtiene clasificaci??n explicable o permanece UNKNOWN con bloqueo expl??cito.,,,Suleia Operations,,HIGH mientras siga sin clasificaci??n.,ord_1705ea047fe9,iss_7a0d04115d6f,HUMAN_REVIEW,2026-08-06T15:03:59.513+00:00
SF-0cacda0f1e304082,Incidencia GLS abstendida por c??digo desconocido,GLS_INCIDENT_REVIEW,HIGH,DUPLICATE,SF-6e82ccd32435fb0c,"{""risk"":""HIGH"",""priority"":""NORMAL"",""carrier_code"":""OTH"",""review_reasons"":[""DROPEA_CARRIER_CODE_UNKNOWN"",""HUMAN_REVIEW"",""UNKNOWN_CARRIER_CODE""],""normalized_type"":""UNKNOWN""}",La incidencia hereda un c??digo GLS no verificado en el cat??logo.,La decisi??n queda bloqueada; no se permite automatizaci??n sobre la incidencia.,Resolver el hallazgo ra??z del c??digo y reevaluar este caso conservando su trazabilidad.,La incidencia obtiene clasificaci??n explicable o permanece UNKNOWN con bloqueo expl??cito.,,,Suleia Operations,,HIGH mientras siga sin clasificaci??n.,ord_a09a48380e06,iss_f13fd65ba7ba,HUMAN_REVIEW,2026-07-01T11:28:21+00:00
SF-0d0924a7a0faa7e1,Incidencia GLS abstendida por c??digo desconocido,GLS_INCIDENT_REVIEW,HIGH,DUPLICATE,SF-ff5d384657fee69c,"{""risk"":""HIGH"",""priority"":""NORMAL"",""carrier_code"":""SF"",""review_reasons"":[""DROPEA_CARRIER_CODE_UNKNOWN"",""HUMAN_REVIEW"",""UNKNOWN_CARRIER_CODE""],""normalized_type"":""UNKNOWN""}",La incidencia hereda un c??digo GLS no verificado en el cat??logo.,La decisi??n queda bloqueada; no se permite automatizaci??n sobre la incidencia.,Resolver el hallazgo ra??z del c??digo y reevaluar este caso conservando su trazabilidad.,La incidencia obtiene clasificaci??n explicable o permanece UNKNOWN con bloqueo expl??cito.,,,Suleia Operations,,HIGH mientras siga sin clasificaci??n.,ord_c59eca0893cf,iss_9ce303b14b28,HUMAN_REVIEW,2026-07-21T10:18:15+00:00
SF-0e8a075792969dbe,Incidencia GLS abstendida por c??digo desconocido,GLS_INCIDENT_REVIEW,HIGH,DUPLICATE,SF-ce03ef85a845f191,"{""risk"":""HIGH"",""priority"":""NORMAL"",""carrier_code"":""-30"",""review_reasons"":[""DROPEA_CARRIER_CODE_UNKNOWN"",""HUMAN_REVIEW"",""UNKNOWN_CARRIER_CODE""],""normalized_type"":""UNKNOWN""}",La incidencia hereda un c??digo GLS no verificado en el cat??logo.,La decisi??n queda bloqueada; no se permite automatizaci??n sobre la incidencia.,Resolver el hallazgo ra??z del c??digo y reevaluar este caso conservando su trazabilidad.,La incidencia obtiene clasificaci??n explicable o permanece UNKNOWN con bloqueo expl??cito.,,,Suleia Operations,,HIGH mientras siga sin clasificaci??n.,ord_cac9b4ed9c06,iss_a1182176421e,HUMAN_REVIEW,2026-07-24T22:15:49.669+00:00
SF-0eaf7aa97d0a9faa,Incidencia GLS abstendida por c??digo desconocido,GLS_INCIDENT_REVIEW,HIGH,DUPLICATE,SF-ff5d384657fee69c,"{""risk"":""HIGH"",""priority"":""NORMAL"",""carrier_code"":""SF"",""review_reasons"":[""DROPEA_CARRIER_CODE_UNKNOWN"",""HUMAN_REVIEW"",""UNKNOWN_CARRIER_CODE""],""normalized_type"":""UNKNOWN""}",La incidencia hereda un c??digo GLS no verificado en el cat??logo.,La decisi??n queda bloqueada; no se permite automatizaci??n sobre la incidencia.,Resolver el hallazgo ra??z del c??digo y reevaluar este caso conservando su trazabilidad.,La incidencia obtiene clasificaci??n explicable o permanece UNKNOWN con bloqueo expl??cito.,,,Suleia Operations,,HIGH mientras siga sin clasificaci??n.,ord_7793144c4eee,iss_289cd056135c,HUMAN_REVIEW,2026-06-15T14:19:19+00:00
SF-11a84d54e26eabd4,Incidencia GLS abstendida por c??digo desconocido,GLS_INCIDENT_REVIEW,HIGH,DUPLICATE,SF-51063007afc458c9,"{""risk"":""HIGH"",""priority"":""NORMAL"",""carrier_code"":""AS"",""review_reasons"":[""DROPEA_CARRIER_CODE_UNKNOWN"",""HUMAN_REVIEW"",""UNKNOWN_CARRIER_CODE""],""normalized_type"":""UNKNOWN""}",La incidencia hereda un c??digo GLS no verificado en el cat??logo.,La decisi??n queda bloqueada; no se permite automatizaci??n sobre la incidencia.,Resolver el hallazgo ra??z del c??digo y reevaluar este caso conservando su trazabilidad.,La incidencia obtiene clasificaci??n explicable o permanece UNKNOWN con bloqueo expl??cito.,,,Suleia Operations,,HIGH mientras siga sin clasificaci??n.,ord_326582f025a2,iss_c9fce63f6e23,HUMAN_REVIEW,2026-07-10T11:29:33+00:00
SF-13ff44432e48fdac,Incidencia GLS abstendida por c??digo desconocido,GLS_INCIDENT_REVIEW,HIGH,DUPLICATE,SF-ff5d384657fee69c,"{""risk"":""HIGH"",""priority"":""NORMAL"",""carrier_code"":""SF"",""review_reasons"":[""DROPEA_CARRIER_CODE_UNKNOWN"",""HUMAN_REVIEW"",""UNKNOWN_CARRIER_CODE""],""normalized_type"":""UNKNOWN""}",La incidencia hereda un c??digo GLS no verificado en el cat??logo.,La decisi??n queda bloqueada; no se permite automatizaci??n sobre la incidencia.,Resolver el hallazgo ra??z del c??digo y reevaluar este caso conservando su trazabilidad.,La incidencia obtiene clasificaci??n explicable o permanece UNKNOWN con bloqueo expl??cito.,,,Suleia Operations,,HIGH mientras siga sin clasificaci??n.,ord_033306389ab4,iss_04200bc9caa3,HUMAN_REVIEW,2026-07-20T10:25:44+00:00
SF-14d5378183a5f95c,Incidencia GLS abstendida por c??digo desconocido,GLS_INCIDENT_REVIEW,HIGH,DUPLICATE,SF-ce03ef85a845f191,"{""risk"":""HIGH"",""priority"":""NORMAL"",""carrier_code"":""-30"",""review_reasons"":[""DROPEA_CARRIER_CODE_UNKNOWN"",""HUMAN_REVIEW"",""UNKNOWN_CARRIER_CODE""],""normalized_type"":""UNKNOWN""}",La incidencia hereda un c??digo GLS no verificado en el cat??logo.,La decisi??n queda bloqueada; no se permite automatizaci??n sobre la incidencia.,Resolver el hallazgo ra??z del c??digo y reevaluar este caso conservando su trazabilidad.,La incidencia obtiene clasificaci??n explicable o permanece UNKNOWN con bloqueo expl??cito.,,,Suleia Operations,,HIGH mientras siga sin clasificaci??n.,ord_60d1cbd93e0a,iss_2cc648b2ca16,HUMAN_REVIEW,2026-08-04T13:39:24.658+00:00
SF-15ae13d20c91d58b,Incidencia GLS abstendida por c??digo desconocido,GLS_INCIDENT_REVIEW,HIGH,DUPLICATE,SF-ff5d384657fee69c,"{""risk"":""HIGH"",""priority"":""NORMAL"",""carrier_code"":""SF"",""review_reasons"":[""DROPEA_CARRIER_CODE_UNKNOWN"",""HUMAN_REVIEW"",""UNKNOWN_CARRIER_CODE""],""normalized_type"":""UNKNOWN""}",La incidencia hereda un c??digo GLS no verificado en el cat??logo.,La decisi??n queda bloqueada; no se permite automatizaci??n sobre la incidencia.,Resolver el hallazgo ra??z del c??digo y reevaluar este caso conservando su trazabilidad.,La incidencia obtiene clasificaci??n explicable o permanece UNKNOWN con bloqueo expl??cito.,,,Suleia Operations,,HIGH mientras siga sin clasificaci??n.,ord_24bb3ee8ec6f,iss_8dccd93221c1,HUMAN_REVIEW,2026-06-22T15:27:01+00:00
SF-161717b6f71bcc76,Incidencia GLS abstendida por c??digo desconocido,GLS_INCIDENT_REVIEW,HIGH,DUPLICATE,SF-51063007afc458c9,"{""risk"":""HIGH"",""priority"":""NORMAL"",""carrier_code"":""AS"",""review_reasons"":[""DROPEA_CARRIER_CODE_UNKNOWN"",""HUMAN_REVIEW"",""UNKNOWN_CARRIER_CODE""],""normalized_type"":""UNKNOWN""}",La incidencia hereda un c??digo GLS no verificado en el cat??logo.,La decisi??n queda bloqueada; no se permite automatizaci??n sobre la incidencia.,Resolver el hallazgo ra??z del c??digo y reevaluar este caso conservando su trazabilidad.,La incidencia obtiene clasificaci??n explicable o permanece UNKNOWN con bloqueo expl??cito.,,,Suleia Operations,,HIGH mientras siga sin clasificaci??n.,ord_376123a2a5ea,iss_c266fbad1e3e,HUMAN_REVIEW,2026-07-16T15:26:40+00:00
SF-16982aa4437e75cf,Incidencia GLS abstendida por c??digo desconocido,GLS_INCIDENT_REVIEW,HIGH,DUPLICATE,SF-ff5d384657fee69c,"{""risk"":""HIGH"",""priority"":""NORMAL"",""carrier_code"":""SF"",""review_reasons"":[""DROPEA_CARRIER_CODE_UNKNOWN"",""HUMAN_REVIEW"",""UNKNOWN_CARRIER_CODE""],""normalized_type"":""UNKNOWN""}",La incidencia hereda un c??digo GLS no verificado en el cat??logo.,La decisi??n queda bloqueada; no se permite automatizaci??n sobre la incidencia.,Resolver el hallazgo ra??z del c??digo y reevaluar este caso conservando su trazabilidad.,La incidencia obtiene clasificaci??n explicable o permanece UNKNOWN con bloqueo expl??cito.,,,Suleia Operations,,HIGH mientras siga sin clasificaci??n.,ord_56ec8a2d803b,iss_67bcc9ca2ca1,HUMAN_REVIEW,2026-07-27T18:12:33+00:00
SF-17c434b32ea78a42,Incidencia GLS abstendida por c??digo desconocido,GLS_INCIDENT_REVIEW,HIGH,DUPLICATE,SF-ff5d384657fee69c,"{""risk"":""HIGH"",""priority"":""NORMAL"",""carrier_code"":""SF"",""review_reasons"":[""DROPEA_CARRIER_CODE_UNKNOWN"",""HUMAN_REVIEW"",""UNKNOWN_CARRIER_CODE""],""normalized_type"":""UNKNOWN""}",La incidencia hereda un c??digo GLS no verificado en el cat??logo.,La decisi??n queda bloqueada; no se permite automatizaci??n sobre la incidencia.,Resolver el hallazgo ra??z del c??digo y reevaluar este caso conservando su trazabilidad.,La incidencia obtiene clasificaci??n explicable o permanece UNKNOWN con bloqueo expl??cito.,,,Suleia Operations,,HIGH mientras siga sin clasificaci??n.,ord_6c63987dde0b,iss_f3670abfb557,HUMAN_REVIEW,2026-07-03T10:28:25+00:00
SF-181b2285c9101b64,Incidencia GLS abstendida por c??digo desconocido,GLS_INCIDENT_REVIEW,HIGH,DUPLICATE,SF-6e82ccd32435fb0c,"{""risk"":""HIGH"",""priority"":""NORMAL"",""carrier_code"":""OTH"",""review_reasons"":[""DROPEA_CARRIER_CODE_UNKNOWN"",""HUMAN_REVIEW"",""UNKNOWN_CARRIER_CODE""],""normalized_type"":""UNKNOWN""}",La incidencia hereda un c??digo GLS no verificado en el cat??logo.,La decisi??n queda bloqueada; no se permite automatizaci??n sobre la incidencia.,Resolver el hallazgo ra??z del c??digo y reevaluar este caso conservando su trazabilidad.,La incidencia obtiene clasificaci??n explicable o permanece UNKNOWN con bloqueo expl??cito.,,,Suleia Operations,,HIGH mientras siga sin clasificaci??n.,ord_5e4c642a3154,iss_009206c3287d,HUMAN_REVIEW,2026-07-21T11:23:10+00:00
SF-1ac2ad5436ca08f2,Incidencia GLS abstendida por c??digo desconocido,GLS_INCIDENT_REVIEW,HIGH,DUPLICATE,SF-51063007afc458c9,"{""risk"":""HIGH"",""priority"":""NORMAL"",""carrier_code"":""AS"",""review_reasons"":[""DROPEA_CARRIER_CODE_UNKNOWN"",""HUMAN_REVIEW"",""UNKNOWN_CARRIER_CODE""],""normalized_type"":""UNKNOWN""}",La incidencia hereda un c??digo GLS no verificado en el cat??logo.,La decisi??n queda bloqueada; no se permite automatizaci??n sobre la incidencia.,Resolver el hallazgo ra??z del c??digo y reevaluar este caso conservando su trazabilidad.,La incidencia obtiene clasificaci??n explicable o permanece UNKNOWN con bloqueo expl??cito.,,,Suleia Operations,,HIGH mientras siga sin clasificaci??n.,ord_abf989218c32,iss_10081e2d79db,HUMAN_REVIEW,2026-07-28T11:26:46+00:00
SF-1aeb6156bce0424a,Incidencia GLS abstendida por c??digo desconocido,GLS_INCIDENT_REVIEW,HIGH,DUPLICATE,SF-51063007afc458c9,"{""risk"":""HIGH"",""priority"":""NORMAL"",""carrier_code"":""AS"",""review_reasons"":[""DROPEA_CARRIER_CODE_UNKNOWN"",""HUMAN_REVIEW"",""UNKNOWN_CARRIER_CODE""],""normalized_type"":""UNKNOWN""}",La incidencia hereda un c??digo GLS no verificado en el cat??logo.,La decisi??n queda bloqueada; no se permite automatizaci??n sobre la incidencia.,Resolver el hallazgo ra??z del c??digo y reevaluar este caso conservando su trazabilidad.,La incidencia obtiene clasificaci??n explicable o permanece UNKNOWN con bloqueo expl??cito.,,,Suleia Operations,,HIGH mientras siga sin clasificaci??n.,ord_405235a214a7,iss_fcfdffd170d2,HUMAN_REVIEW,2026-07-28T15:26:29+00:00
SF-1bf59fb2b0baa4d0,Incidencia GLS abstendida por c??digo desconocido,GLS_INCIDENT_REVIEW,HIGH,OPEN,,"{""risk"":""HIGH"",""priority"":""NORMAL"",""carrier_code"":null,""review_reasons"":[""DROPEA_CARRIER_CODE_UNKNOWN"",""HUMAN_REVIEW"",""UNKNOWN_CARRIER_CODE""],""normalized_type"":""UNKNOWN""}",La fuente no aporta c??digo GLS; no existe una clave clasificable.,La decisi??n queda bloqueada; no se permite automatizaci??n sobre la incidencia.,Resolver el hallazgo ra??z del c??digo y reevaluar este caso conservando su trazabilidad.,La incidencia obtiene clasificaci??n explicable o permanece UNKNOWN con bloqueo expl??cito.,,,Suleia Operations,,HIGH mientras siga sin clasificaci??n.,ord_39fba890e6bf,iss_9c61362e0638,HUMAN_REVIEW,2026-08-03T15:19:45.929+00:00
SF-20fd1bbbe67ed945,Incidencia GLS abstendida por c??digo desconocido,GLS_INCIDENT_REVIEW,HIGH,DUPLICATE,SF-51063007afc458c9,"{""risk"":""HIGH"",""priority"":""NORMAL"",""carrier_code"":""AS"",""review_reasons"":[""DROPEA_CARRIER_CODE_UNKNOWN"",""HUMAN_REVIEW"",""UNKNOWN_CARRIER_CODE""],""normalized_type"":""UNKNOWN""}",La incidencia hereda un c??digo GLS no verificado en el cat??logo.,La decisi??n queda bloqueada; no se permite automatizaci??n sobre la incidencia.,Resolver el hallazgo ra??z del c??digo y reevaluar este caso conservando su trazabilidad.,La incidencia obtiene clasificaci??n explicable o permanece UNKNOWN con bloqueo expl??cito.,,,Suleia Operations,,HIGH mientras siga sin clasificaci??n.,ord_8af78a7837e9,iss_0ed792b20255,HUMAN_REVIEW,2026-07-09T23:25:21+00:00
SF-215b13d51587dc07,Incidencia GLS abstendida por c??digo desconocido,GLS_INCIDENT_REVIEW,HIGH,DUPLICATE,SF-51063007afc458c9,"{""risk"":""HIGH"",""priority"":""NORMAL"",""carrier_code"":""AS"",""review_reasons"":[""DROPEA_CARRIER_CODE_UNKNOWN"",""HUMAN_REVIEW"",""UNKNOWN_CARRIER_CODE""],""normalized_type"":""UNKNOWN""}",La incidencia hereda un c??digo GLS no verificado en el cat??logo.,La decisi??n queda bloqueada; no se permite automatizaci??n sobre la incidencia.,Resolver el hallazgo ra??z del c??digo y reevaluar este caso conservando su trazabilidad.,La incidencia obtiene clasificaci??n explicable o permanece UNKNOWN con bloqueo expl??cito.,,,Suleia Operations,,HIGH mientras siga sin clasificaci??n.,ord_35794cf27cfe,iss_622ee8510637,HUMAN_REVIEW,2026-07-06T12:25:02+00:00
SF-228cdd251778cd8e,Incidencia GLS abstendida por c??digo desconocido,GLS_INCIDENT_REVIEW,HIGH,DUPLICATE,SF-ff5d384657fee69c,"{""risk"":""HIGH"",""priority"":""NORMAL"",""carrier_code"":""SF"",""review_reasons"":[""DROPEA_CARRIER_CODE_UNKNOWN"",""HUMAN_REVIEW"",""UNKNOWN_CARRIER_CODE""],""normalized_type"":""UNKNOWN""}",La incidencia hereda un c??digo GLS no verificado en el cat??logo.,La decisi??n queda bloqueada; no se permite automatizaci??n sobre la incidencia.,Resolver el hallazgo ra??z del c??digo y reevaluar este caso conservando su trazabilidad.,La incidencia obtiene clasificaci??n explicable o permanece UNKNOWN con bloqueo expl??cito.,,,Suleia Operations,,HIGH mientras siga sin clasificaci??n.,ord_734fa177390c,iss_b735169e0f88,HUMAN_REVIEW,2026-05-28T15:27:08+00:00
SF-230b761c2aacdd3e,Incidencia GLS abstendida por c??digo desconocido,GLS_INCIDENT_REVIEW,HIGH,DUPLICATE,SF-ce03ef85a845f191,"{""risk"":""HIGH"",""priority"":""NORMAL"",""carrier_code"":""-30"",""review_reasons"":[""DROPEA_CARRIER_CODE_UNKNOWN"",""HUMAN_REVIEW"",""UNKNOWN_CARRIER_CODE""],""normalized_type"":""UNKNOWN""}",La incidencia hereda un c??digo GLS no verificado en el cat??logo.,La decisi??n queda bloqueada; no se permite automatizaci??n sobre la incidencia.,Resolver el hallazgo ra??z del c??digo y reevaluar este caso conservando su trazabilidad.,La incidencia obtiene clasificaci??n explicable o permanece UNKNOWN con bloqueo expl??cito.,,,Suleia Operations,,HIGH mientras siga sin clasificaci??n.,ord_488c0f10fd23,iss_7990596b5845,HUMAN_REVIEW,2026-07-24T22:08:09.873+00:00
SF-2325088afdf5ea33,Incidencia GLS abstendida por c??digo desconocido,GLS_INCIDENT_REVIEW,HIGH,DUPLICATE,SF-51063007afc458c9,"{""risk"":""HIGH"",""priority"":""NORMAL"",""carrier_code"":""AS"",""review_reasons"":[""DROPEA_CARRIER_CODE_UNKNOWN"",""HUMAN_REVIEW"",""UNKNOWN_CARRIER_CODE""],""normalized_type"":""UNKNOWN""}",La incidencia hereda un c??digo GLS no verificado en el cat??logo.,La decisi??n queda bloqueada; no se permite automatizaci??n sobre la incidencia.,Resolver el hallazgo ra??z del c??digo y reevaluar este caso conservando su trazabilidad.,La incidencia obtiene clasificaci??n explicable o permanece UNKNOWN con bloqueo expl??cito.,,,Suleia Operations,,HIGH mientras siga sin clasificaci??n.,ord_ab215e745681,iss_3dc670228929,HUMAN_REVIEW,2026-07-02T11:30:17+00:00
SF-252f922c7a0bc3da,Incidencia GLS abstendida por c??digo desconocido,GLS_INCIDENT_REVIEW,HIGH,DUPLICATE,SF-ff5d384657fee69c,"{""risk"":""HIGH"",""priority"":""NORMAL"",""carrier_code"":""SF"",""review_reasons"":[""DROPEA_CARRIER_CODE_UNKNOWN"",""HUMAN_REVIEW"",""UNKNOWN_CARRIER_CODE""],""normalized_type"":""UNKNOWN""}",La incidencia hereda un c??digo GLS no verificado en el cat??logo.,La decisi??n queda bloqueada; no se permite automatizaci??n sobre la incidencia.,Resolver el hallazgo ra??z del c??digo y reevaluar este caso conservando su trazabilidad.,La incidencia obtiene clasificaci??n explicable o permanece UNKNOWN con bloqueo expl??cito.,,,Suleia Operations,,HIGH mientras siga sin clasificaci??n.,ord_700e4e5e68ba,iss_61d8b48e7ff5,HUMAN_REVIEW,2026-07-03T15:24:20+00:00
SF-266c14fabf614918,Incidencia GLS abstendida por c??digo desconocido,GLS_INCIDENT_REVIEW,HIGH,DUPLICATE,SF-51063007afc458c9,"{""risk"":""HIGH"",""priority"":""NORMAL"",""carrier_code"":""AS"",""review_reasons"":[""DROPEA_CARRIER_CODE_UNKNOWN"",""HUMAN_REVIEW"",""UNKNOWN_CARRIER_CODE""],""normalized_type"":""UNKNOWN""}",La incidencia hereda un c??digo GLS no verificado en el cat??logo.,La decisi??n queda bloqueada; no se permite automatizaci??n sobre la incidencia.,Resolver el hallazgo ra??z del c??digo y reevaluar este caso conservando su trazabilidad.,La incidencia obtiene clasificaci??n explicable o permanece UNKNOWN con bloqueo expl??cito.,,,Suleia Operations,,HIGH mientras siga sin clasificaci??n.,ord_0edcf67dd9db,iss_4ed12a8658ca,HUMAN_REVIEW,2026-06-26T14:26:36+00:00
SF-28c686334a8938c1,Incidencia GLS abstendida por c??digo desconocido,GLS_INCIDENT_REVIEW,HIGH,DUPLICATE,SF-51063007afc458c9,"{""risk"":""HIGH"",""priority"":""NORMAL"",""carrier_code"":""AS"",""review_reasons"":[""DROPEA_CARRIER_CODE_UNKNOWN"",""HUMAN_REVIEW"",""UNKNOWN_CARRIER_CODE""],""normalized_type"":""UNKNOWN""}",La incidencia hereda un c??digo GLS no verificado en el cat??logo.,La decisi??n queda bloqueada; no se permite automatizaci??n sobre la incidencia.,Resolver el hallazgo ra??z del c??digo y reevaluar este caso conservando su trazabilidad.,La incidencia obtiene clasificaci??n explicable o permanece UNKNOWN con bloqueo expl??cito.,,,Suleia Operations,,HIGH mientras siga sin clasificaci??n.,ord_a91e5819c664,iss_f950fa7ac158,HUMAN_REVIEW,2026-07-01T11:29:56+00:00
SF-297232c505753467,Protecci??n operativa pendiente de revisi??n,OPERATIONAL_PROTECTIONS,WARNING,OPEN,,"{""risk"":""NOT_ASSESSED"",""priority"":""NORMAL"",""carrier_code"":null,""review_reasons"":[""PROTECTION_REVIEW""],""normalized_type"":null}",La protecci??n ha detectado una condici??n que requiere evaluaci??n humana antes de cualquier acci??n.,El pedido queda en revisi??n y no debe recibir una acci??n autom??tica.,Clasificar la protecci??n con evidencia vigente y documentar la decisi??n de riesgo.,La revisi??n produce estado VERIFIED o ACCEPTED_RISK sin ejecutar acciones.,,,Suleia Operations,,WARNING pendiente de evaluaci??n.,ord_df3e0265212e,,HUMAN_REVIEW,2026-08-05T11:09:27.204+00:00
SF-2e43ccc91f66e449,Incidencia GLS abstendida por c??digo desconocido,GLS_INCIDENT_REVIEW,HIGH,DUPLICATE,SF-ff5d384657fee69c,"{""risk"":""HIGH"",""priority"":""NORMAL"",""carrier_code"":""SF"",""review_reasons"":[""DROPEA_CARRIER_CODE_UNKNOWN"",""HUMAN_REVIEW"",""UNKNOWN_CARRIER_CODE""],""normalized_type"":""UNKNOWN""}",La incidencia hereda un c??digo GLS no verificado en el cat??logo.,La decisi??n queda bloqueada; no se permite automatizaci??n sobre la incidencia.,Resolver el hallazgo ra??z del c??digo y reevaluar este caso conservando su trazabilidad.,La incidencia obtiene clasificaci??n explicable o permanece UNKNOWN con bloqueo expl??cito.,,,Suleia Operations,,HIGH mientras siga sin clasificaci??n.,ord_1fe3c9fa9cb0,iss_b9420dfd3fdb,HUMAN_REVIEW,2026-07-06T19:20:02+00:00
SF-2e86d7e6369448fe,Incidencia GLS abstendida por c??digo desconocido,GLS_INCIDENT_REVIEW,HIGH,DUPLICATE,SF-6e82ccd32435fb0c,"{""risk"":""HIGH"",""priority"":""NORMAL"",""carrier_code"":""OTH"",""review_reasons"":[""DROPEA_CARRIER_CODE_UNKNOWN"",""HUMAN_REVIEW"",""UNKNOWN_CARRIER_CODE""],""normalized_type"":""UNKNOWN""}",La incidencia hereda un c??digo GLS no verificado en el cat??logo.,La decisi??n queda bloqueada; no se permite automatizaci??n sobre la incidencia.,Resolver el hallazgo ra??z del c??digo y reevaluar este caso conservando su trazabilidad.,La incidencia obtiene clasificaci??n explicable o permanece UNKNOWN con bloqueo expl??cito.,,,Suleia Operations,,HIGH mientras siga sin clasificaci??n.,ord_d96f5f878e01,iss_ec5dacc084e7,HUMAN_REVIEW,2026-07-17T18:26:26+00:00
SF-308741e7419942d2,Incidencia GLS abstendida por c??digo desconocido,GLS_INCIDENT_REVIEW,HIGH,DUPLICATE,SF-6e82ccd32435fb0c,"{""risk"":""HIGH"",""priority"":""NORMAL"",""carrier_code"":""OTH"",""review_reasons"":[""DROPEA_CARRIER_CODE_UNKNOWN"",""HUMAN_REVIEW"",""UNKNOWN_CARRIER_CODE""],""normalized_type"":""UNKNOWN""}",La incidencia hereda un c??digo GLS no verificado en el cat??logo.,La decisi??n queda bloqueada; no se permite automatizaci??n sobre la incidencia.,Resolver el hallazgo ra??z del c??digo y reevaluar este caso conservando su trazabilidad.,La incidencia obtiene clasificaci??n explicable o permanece UNKNOWN con bloqueo expl??cito.,,,Suleia Operations,,HIGH mientras siga sin clasificaci??n.,ord_3a88e2f5b26d,iss_4b27d702eb3d,HUMAN_REVIEW,2026-07-15T15:30:06+00:00
SF-32b2f986707a2cef,Incidencia GLS abstendida por c??digo desconocido,GLS_INCIDENT_REVIEW,HIGH,DUPLICATE,SF-51063007afc458c9,"{""risk"":""HIGH"",""priority"":""NORMAL"",""carrier_code"":""AS"",""review_reasons"":[""DROPEA_CARRIER_CODE_UNKNOWN"",""HUMAN_REVIEW"",""UNKNOWN_CARRIER_CODE""],""normalized_type"":""UNKNOWN""}",La incidencia hereda un c??digo GLS no verificado en el cat??logo.,La decisi??n queda bloqueada; no se permite automatizaci??n sobre la incidencia.,Resolver el hallazgo ra??z del c??digo y reevaluar este caso conservando su trazabilidad.,La incidencia obtiene clasificaci??n explicable o permanece UNKNOWN con bloqueo expl??cito.,,,Suleia Operations,,HIGH mientras siga sin clasificaci??n.,ord_396baf9d5ebb,iss_c2c77467c574,HUMAN_REVIEW,2026-07-20T10:23:12+00:00
SF-32bae37555c74750,Incidencia GLS abstendida por c??digo desconocido,GLS_INCIDENT_REVIEW,HIGH,DUPLICATE,SF-ce03ef85a845f191,"{""risk"":""HIGH"",""priority"":""NORMAL"",""carrier_code"":""-30"",""review_reasons"":[""DROPEA_CARRIER_CODE_UNKNOWN"",""HUMAN_REVIEW"",""UNKNOWN_CARRIER_CODE""],""normalized_type"":""UNKNOWN""}",La incidencia hereda un c??digo GLS no verificado en el cat??logo.,La decisi??n queda bloqueada; no se permite automatizaci??n sobre la incidencia.,Resolver el hallazgo ra??z del c??digo y reevaluar este caso conservando su trazabilidad.,La incidencia obtiene clasificaci??n explicable o permanece UNKNOWN con bloqueo expl??cito.,,,Suleia Operations,,HIGH mientras siga sin clasificaci??n.,ord_1659e353b7e7,iss_20fdb03c9517,HUMAN_REVIEW,2026-08-06T15:30:46.134+00:00
SF-33754062fed146d2,Incidencia GLS abstendida por c??digo desconocido,GLS_INCIDENT_REVIEW,HIGH,DUPLICATE,SF-6e82ccd32435fb0c,"{""risk"":""HIGH"",""priority"":""NORMAL"",""carrier_code"":""OTH"",""review_reasons"":[""DROPEA_CARRIER_CODE_UNKNOWN"",""HUMAN_REVIEW"",""UNKNOWN_CARRIER_CODE""],""normalized_type"":""UNKNOWN""}",La incidencia hereda un c??digo GLS no verificado en el cat??logo.,La decisi??n queda bloqueada; no se permite automatizaci??n sobre la incidencia.,Resolver el hallazgo ra??z del c??digo y reevaluar este caso conservando su trazabilidad.,La incidencia obtiene clasificaci??n explicable o permanece UNKNOWN con bloqueo expl??cito.,,,Suleia Operations,,HIGH mientras siga sin clasificaci??n.,ord_9e53a3460489,iss_2af72124c531,HUMAN_REVIEW,2026-06-26T15:29:43+00:00
SF-3444dafb7b328adb,Incidencia GLS abstendida por c??digo desconocido,GLS_INCIDENT_REVIEW,HIGH,DUPLICATE,SF-ce03ef85a845f191,"{""risk"":""HIGH"",""priority"":""NORMAL"",""carrier_code"":""-30"",""review_reasons"":[""DROPEA_CARRIER_CODE_UNKNOWN"",""HUMAN_REVIEW"",""UNKNOWN_CARRIER_CODE""],""normalized_type"":""UNKNOWN""}",La incidencia hereda un c??digo GLS no verificado en el cat??logo.,La decisi??n queda bloqueada; no se permite automatizaci??n sobre la incidencia.,Resolver el hallazgo ra??z del c??digo y reevaluar este caso conservando su trazabilidad.,La incidencia obtiene clasificaci??n explicable o permanece UNKNOWN con bloqueo expl??cito.,,,Suleia Operations,,HIGH mientras siga sin clasificaci??n.,ord_0e6bee26f769,iss_9c92f230afce,HUMAN_REVIEW,2026-08-07T18:33:14.98+00:00
SF-363cd5e4526f8858,Incidencia GLS abstendida por c??digo desconocido,GLS_INCIDENT_REVIEW,HIGH,DUPLICATE,SF-ff5d384657fee69c,"{""risk"":""HIGH"",""priority"":""NORMAL"",""carrier_code"":""SF"",""review_reasons"":[""DROPEA_CARRIER_CODE_UNKNOWN"",""HUMAN_REVIEW"",""UNKNOWN_CARRIER_CODE""],""normalized_type"":""UNKNOWN""}",La incidencia hereda un c??digo GLS no verificado en el cat??logo.,La decisi??n queda bloqueada; no se permite automatizaci??n sobre la incidencia.,Resolver el hallazgo ra??z del c??digo y reevaluar este caso conservando su trazabilidad.,La incidencia obtiene clasificaci??n explicable o permanece UNKNOWN con bloqueo expl??cito.,,,Suleia Operations,,HIGH mientras siga sin clasificaci??n.,ord_8b8573335641,iss_6cda99c81c21,HUMAN_REVIEW,2026-07-10T15:28:22+00:00
SF-368006cd7332736d,Incidencia GLS abstendida por c??digo desconocido,GLS_INCIDENT_REVIEW,HIGH,DUPLICATE,SF-ff5d384657fee69c,"{""risk"":""HIGH"",""priority"":""NORMAL"",""carrier_code"":""SF"",""review_reasons"":[""DROPEA_CARRIER_CODE_UNKNOWN"",""HUMAN_REVIEW"",""UNKNOWN_CARRIER_CODE""],""normalized_type"":""UNKNOWN""}",La incidencia hereda un c??digo GLS no verificado en el cat??logo.,La decisi??n queda bloqueada; no se permite automatizaci??n sobre la incidencia.,Resolver el hallazgo ra??z del c??digo y reevaluar este caso conservando su trazabilidad.,La incidencia obtiene clasificaci??n explicable o permanece UNKNOWN con bloqueo expl??cito.,,,Suleia Operations,,HIGH mientras siga sin clasificaci??n.,ord_41fd8442d860,iss_5694077060b7,HUMAN_REVIEW,2026-07-10T14:23:02+00:00
SF-36df156863742824,Incidencia GLS abstendida por c??digo desconocido,GLS_INCIDENT_REVIEW,HIGH,DUPLICATE,SF-ff5d384657fee69c,"{""risk"":""HIGH"",""priority"":""NORMAL"",""carrier_code"":""SF"",""review_reasons"":[""DROPEA_CARRIER_CODE_UNKNOWN"",""HUMAN_REVIEW"",""UNKNOWN_CARRIER_CODE""],""normalized_type"":""UNKNOWN""}",La incidencia hereda un c??digo GLS no verificado en el cat??logo.,La decisi??n queda bloqueada; no se permite automatizaci??n sobre la incidencia.,Resolver el hallazgo ra??z del c??digo y reevaluar este caso conservando su trazabilidad.,La incidencia obtiene clasificaci??n explicable o permanece UNKNOWN con bloqueo expl??cito.,,,Suleia Operations,,HIGH mientras siga sin clasificaci??n.,ord_75764c3a139b,iss_23b49dbdfea4,HUMAN_REVIEW,2026-07-10T10:26:12+00:00
SF-37715b1b3af7c324,Incidencia GLS abstendida por c??digo desconocido,GLS_INCIDENT_REVIEW,HIGH,OPEN,,"{""risk"":""HIGH"",""priority"":""NORMAL"",""carrier_code"":null,""review_reasons"":[""DROPEA_CARRIER_CODE_UNKNOWN"",""HUMAN_REVIEW"",""UNKNOWN_CARRIER_CODE""],""normalized_type"":""UNKNOWN""}",La fuente no aporta c??digo GLS; no existe una clave clasificable.,La decisi??n queda bloqueada; no se permite automatizaci??n sobre la incidencia.,Resolver el hallazgo ra??z del c??digo y reevaluar este caso conservando su trazabilidad.,La incidencia obtiene clasificaci??n explicable o permanece UNKNOWN con bloqueo expl??cito.,,,Suleia Operations,,HIGH mientras siga sin clasificaci??n.,ord_958de1157080,iss_0e745ddbbb9c,HUMAN_REVIEW,2026-08-03T15:19:51.884+00:00
SF-3797985396e70381,Incidencia GLS abstendida por c??digo desconocido,GLS_INCIDENT_REVIEW,HIGH,DUPLICATE,SF-ff5d384657fee69c,"{""risk"":""HIGH"",""priority"":""NORMAL"",""carrier_code"":""SF"",""review_reasons"":[""DROPEA_CARRIER_CODE_UNKNOWN"",""HUMAN_REVIEW"",""UNKNOWN_CARRIER_CODE""],""normalized_type"":""UNKNOWN""}",La incidencia hereda un c??digo GLS no verificado en el cat??logo.,La decisi??n queda bloqueada; no se permite automatizaci??n sobre la incidencia.,Resolver el hallazgo ra??z del c??digo y reevaluar este caso conservando su trazabilidad.,La incidencia obtiene clasificaci??n explicable o permanece UNKNOWN con bloqueo expl??cito.,,,Suleia Operations,,HIGH mientras siga sin clasificaci??n.,ord_54846afa2ea9,iss_58c4b882f2ad,HUMAN_REVIEW,2026-07-28T22:18:43+00:00
SF-382c1a7f792cbb9e,Incidencia GLS abstendida por c??digo desconocido,GLS_INCIDENT_REVIEW,HIGH,DUPLICATE,SF-ce03ef85a845f191,"{""risk"":""HIGH"",""priority"":""NORMAL"",""carrier_code"":""-30"",""review_reasons"":[""DROPEA_CARRIER_CODE_UNKNOWN"",""HUMAN_REVIEW"",""UNKNOWN_CARRIER_CODE""],""normalized_type"":""UNKNOWN""}",La incidencia hereda un c??digo GLS no verificado en el cat??logo.,La decisi??n queda bloqueada; no se permite automatizaci??n sobre la incidencia.,Resolver el hallazgo ra??z del c??digo y reevaluar este caso conservando su trazabilidad.,La incidencia obtiene clasificaci??n explicable o permanece UNKNOWN con bloqueo expl??cito.,,,Suleia Operations,,HIGH mientras siga sin clasificaci??n.,ord_7dbcd275d74b,iss_b321c39ea901,HUMAN_REVIEW,2026-08-03T14:41:20.296+00:00
SF-38b92c73aa561df6,Incidencia GLS abstendida por c??digo desconocido,GLS_INCIDENT_REVIEW,HIGH,DUPLICATE,SF-ff5d384657fee69c,"{""risk"":""HIGH"",""priority"":""NORMAL"",""carrier_code"":""SF"",""review_reasons"":[""DROPEA_CARRIER_CODE_UNKNOWN"",""HUMAN_REVIEW"",""UNKNOWN_CARRIER_CODE""],""normalized_type"":""UNKNOWN""}",La incidencia hereda un c??digo GLS no verificado en el cat??logo.,La decisi??n queda bloqueada; no se permite automatizaci??n sobre la incidencia.,Resolver el hallazgo ra??z del c??digo y reevaluar este caso conservando su trazabilidad.,La incidencia obtiene clasificaci??n explicable o permanece UNKNOWN con bloqueo expl??cito.,,,Suleia Operations,,HIGH mientras siga sin clasificaci??n.,ord_2bf8170c81fc,iss_1043627f22a4,HUMAN_REVIEW,2026-07-13T18:18:00+00:00
SF-3a3b7c4b1f06d741,Incidencia GLS abstendida por c??digo desconocido,GLS_INCIDENT_REVIEW,HIGH,DUPLICATE,SF-ce03ef85a845f191,"{""risk"":""HIGH"",""priority"":""NORMAL"",""carrier_code"":""-30"",""review_reasons"":[""DROPEA_CARRIER_CODE_UNKNOWN"",""HUMAN_REVIEW"",""UNKNOWN_CARRIER_CODE""],""normalized_type"":""UNKNOWN""}",La incidencia hereda un c??digo GLS no verificado en el cat??logo.,La decisi??n queda bloqueada; no se permite automatizaci??n sobre la incidencia.,Resolver el hallazgo ra??z del c??digo y reevaluar este caso conservando su trazabilidad.,La incidencia obtiene clasificaci??n explicable o permanece UNKNOWN con bloqueo expl??cito.,,,Suleia Operations,,HIGH mientras siga sin clasificaci??n.,ord_9c04a62c61e9,iss_396761d16939,HUMAN_REVIEW,2026-08-06T15:57:28.18+00:00
SF-3a6d79814d5677ce,Incidencia GLS abstendida por c??digo desconocido,GLS_INCIDENT_REVIEW,HIGH,DUPLICATE,SF-ce03ef85a845f191,"{""risk"":""HIGH"",""priority"":""NORMAL"",""carrier_code"":""-30"",""review_reasons"":[""DROPEA_CARRIER_CODE_UNKNOWN"",""HUMAN_REVIEW"",""UNKNOWN_CARRIER_CODE""],""normalized_type"":""UNKNOWN""}",La incidencia hereda un c??digo GLS no verificado en el cat??logo.,La decisi??n queda bloqueada; no se permite automatizaci??n sobre la incidencia.,Resolver el hallazgo ra??z del c??digo y reevaluar este caso conservando su trazabilidad.,La incidencia obtiene clasificaci??n explicable o permanece UNKNOWN con bloqueo expl??cito.,,,Suleia Operations,,HIGH mientras siga sin clasificaci??n.,ord_a8a9fc132714,iss_62f0321e970a,HUMAN_REVIEW,2026-08-06T15:57:26.859+00:00
SF-3bf9fd2c8b8169c8,Incidencia GLS abstendida por c??digo desconocido,GLS_INCIDENT_REVIEW,HIGH,DUPLICATE,SF-ff5d384657fee69c,"{""risk"":""HIGH"",""priority"":""NORMAL"",""carrier_code"":""SF"",""review_reasons"":[""DROPEA_CARRIER_CODE_UNKNOWN"",""HUMAN_REVIEW"",""UNKNOWN_CARRIER_CODE""],""normalized_type"":""UNKNOWN""}",La incidencia hereda un c??digo GLS no verificado en el cat??logo.,La decisi??n queda bloqueada; no se permite automatizaci??n sobre la incidencia.,Resolver el hallazgo ra??z del c??digo y reevaluar este caso conservando su trazabilidad.,La incidencia obtiene clasificaci??n explicable o permanece UNKNOWN con bloqueo expl??cito.,,,Suleia Operations,,HIGH mientras siga sin clasificaci??n.,ord_75380b54ec8a,iss_50d66ac64a51,HUMAN_REVIEW,2026-07-24T13:13:12+00:00
SF-3c1859ddff41d9c7,Incidencia GLS abstendida por c??digo desconocido,GLS_INCIDENT_REVIEW,HIGH,DUPLICATE,SF-51063007afc458c9,"{""risk"":""HIGH"",""priority"":""NORMAL"",""carrier_code"":""AS"",""review_reasons"":[""DROPEA_CARRIER_CODE_UNKNOWN"",""HUMAN_REVIEW"",""UNKNOWN_CARRIER_CODE""],""normalized_type"":""UNKNOWN""}",La incidencia hereda un c??digo GLS no verificado en el cat??logo.,La decisi??n queda bloqueada; no se permite automatizaci??n sobre la incidencia.,Resolver el hallazgo ra??z del c??digo y reevaluar este caso conservando su trazabilidad.,La incidencia obtiene clasificaci??n explicable o permanece UNKNOWN con bloqueo expl??cito.,,,Suleia Operations,,HIGH mientras siga sin clasificaci??n.,ord_fbfe1dfc8379,iss_a177f106a166,HUMAN_REVIEW,2026-07-07T12:28:52+00:00
SF-3d965b2d3534e7e3,Incidencia GLS abstendida por c??digo desconocido,GLS_INCIDENT_REVIEW,HIGH,DUPLICATE,SF-ff5d384657fee69c,"{""risk"":""HIGH"",""priority"":""NORMAL"",""carrier_code"":""SF"",""review_reasons"":[""DROPEA_CARRIER_CODE_UNKNOWN"",""HUMAN_REVIEW"",""UNKNOWN_CARRIER_CODE""],""normalized_type"":""UNKNOWN""}",La incidencia hereda un c??digo GLS no verificado en el cat??logo.,La decisi??n queda bloqueada; no se permite automatizaci??n sobre la incidencia.,Resolver el hallazgo ra??z del c??digo y reevaluar este caso conservando su trazabilidad.,La incidencia obtiene clasificaci??n explicable o permanece UNKNOWN con bloqueo expl??cito.,,,Suleia Operations,,HIGH mientras siga sin clasificaci??n.,ord_1e7ba2bec0c0,iss_a2916792fa88,HUMAN_REVIEW,2026-07-07T08:19:00+00:00
SF-3fa821fbdb044ca8,Incidencia GLS abstendida por c??digo desconocido,GLS_INCIDENT_REVIEW,HIGH,DUPLICATE,SF-ce03ef85a845f191,"{""risk"":""HIGH"",""priority"":""NORMAL"",""carrier_code"":""-30"",""review_reasons"":[""DROPEA_CARRIER_CODE_UNKNOWN"",""HUMAN_REVIEW"",""UNKNOWN_CARRIER_CODE""],""normalized_type"":""UNKNOWN""}",La incidencia hereda un c??digo GLS no verificado en el cat??logo.,La decisi??n queda bloqueada; no se permite automatizaci??n sobre la incidencia.,Resolver el hallazgo ra??z del c??digo y reevaluar este caso conservando su trazabilidad.,La incidencia obtiene clasificaci??n explicable o permanece UNKNOWN con bloqueo expl??cito.,,,Suleia Operations,,HIGH mientras siga sin clasificaci??n.,ord_1fa8ee92ba7e,iss_69a6f1d8f91b,HUMAN_REVIEW,2026-08-04T13:38:59.958+00:00
SF-41c6fb7d5dbcbfdd,Incidencia GLS abstendida por c??digo desconocido,GLS_INCIDENT_REVIEW,HIGH,DUPLICATE,SF-ce03ef85a845f191,"{""risk"":""HIGH"",""priority"":""NORMAL"",""carrier_code"":""-30"",""review_reasons"":[""DROPEA_CARRIER_CODE_UNKNOWN"",""HUMAN_REVIEW"",""UNKNOWN_CARRIER_CODE""],""normalized_type"":""UNKNOWN""}",La incidencia hereda un c??digo GLS no verificado en el cat??logo.,La decisi??n queda bloqueada; no se permite automatizaci??n sobre la incidencia.,Resolver el hallazgo ra??z del c??digo y reevaluar este caso conservando su trazabilidad.,La incidencia obtiene clasificaci??n explicable o permanece UNKNOWN con bloqueo expl??cito.,,,Suleia Operations,,HIGH mientras siga sin clasificaci??n.,ord_c90b4f971551,iss_c738035a1169,HUMAN_REVIEW,2026-08-03T15:30:38.838+00:00
SF-41d470204052a2e4,Incidencia GLS abstendida por c??digo desconocido,GLS_INCIDENT_REVIEW,HIGH,DUPLICATE,SF-ff5d384657fee69c,"{""risk"":""HIGH"",""priority"":""NORMAL"",""carrier_code"":""SF"",""review_reasons"":[""DROPEA_CARRIER_CODE_UNKNOWN"",""HUMAN_REVIEW"",""UNKNOWN_CARRIER_CODE""],""normalized_type"":""UNKNOWN""}",La incidencia hereda un c??digo GLS no verificado en el cat??logo.,La decisi??n queda bloqueada; no se permite automatizaci??n sobre la incidencia.,Resolver el hallazgo ra??z del c??digo y reevaluar este caso conservando su trazabilidad.,La incidencia obtiene clasificaci??n explicable o permanece UNKNOWN con bloqueo expl??cito.,,,Suleia Operations,,HIGH mientras siga sin clasificaci??n.,ord_05f21e14f598,iss_2416f8c85d5f,HUMAN_REVIEW,2026-07-14T10:19:55+00:00
SF-4341f07147b58192,Incidencia GLS abstendida por c??digo desconocido,GLS_INCIDENT_REVIEW,HIGH,DUPLICATE,SF-ff5d384657fee69c,"{""risk"":""HIGH"",""priority"":""NORMAL"",""carrier_code"":""SF"",""review_reasons"":[""DROPEA_CARRIER_CODE_UNKNOWN"",""HUMAN_REVIEW"",""UNKNOWN_CARRIER_CODE""],""normalized_type"":""UNKNOWN""}",La incidencia hereda un c??digo GLS no verificado en el cat??logo.,La decisi??n queda bloqueada; no se permite automatizaci??n sobre la incidencia.,Resolver el hallazgo ra??z del c??digo y reevaluar este caso conservando su trazabilidad.,La incidencia obtiene clasificaci??n explicable o permanece UNKNOWN con bloqueo expl??cito.,,,Suleia Operations,,HIGH mientras siga sin clasificaci??n.,ord_52c279bfb8b6,iss_68c5a7f61896,HUMAN_REVIEW,2026-07-07T11:23:56+00:00
SF-4358d647d65cab2a,Incidencia GLS abstendida por c??digo desconocido,GLS_INCIDENT_REVIEW,HIGH,DUPLICATE,SF-ff5d384657fee69c,"{""risk"":""HIGH"",""priority"":""NORMAL"",""carrier_code"":""SF"",""review_reasons"":[""DROPEA_CARRIER_CODE_UNKNOWN"",""HUMAN_REVIEW"",""UNKNOWN_CARRIER_CODE""],""normalized_type"":""UNKNOWN""}",La incidencia hereda un c??digo GLS no verificado en el cat??logo.,La decisi??n queda bloqueada; no se permite automatizaci??n sobre la incidencia.,Resolver el hallazgo ra??z del c??digo y reevaluar este caso conservando su trazabilidad.,La incidencia obtiene clasificaci??n explicable o permanece UNKNOWN con bloqueo expl??cito.,,,Suleia Operations,,HIGH mientras siga sin clasificaci??n.,ord_51ea39a80063,iss_415c182e64b5,HUMAN_REVIEW,2026-07-07T10:17:59+00:00
SF-446e5400d1ed3383,Incidencia GLS abstendida por c??digo desconocido,GLS_INCIDENT_REVIEW,HIGH,DUPLICATE,SF-ff5d384657fee69c,"{""risk"":""HIGH"",""priority"":""NORMAL"",""carrier_code"":""SF"",""review_reasons"":[""DROPEA_CARRIER_CODE_UNKNOWN"",""HUMAN_REVIEW"",""UNKNOWN_CARRIER_CODE""],""normalized_type"":""UNKNOWN""}",La incidencia hereda un c??digo GLS no verificado en el cat??logo.,La decisi??n queda bloqueada; no se permite automatizaci??n sobre la incidencia.,Resolver el hallazgo ra??z del c??digo y reevaluar este caso conservando su trazabilidad.,La incidencia obtiene clasificaci??n explicable o permanece UNKNOWN con bloqueo expl??cito.,,,Suleia Operations,,HIGH mientras siga sin clasificaci??n.,ord_9826ce197a18,iss_67c738f4eca5,HUMAN_REVIEW,2026-07-15T07:13:44+00:00
SF-44cc3d0cc7bed972,Incidencia GLS abstendida por c??digo desconocido,GLS_INCIDENT_REVIEW,HIGH,DUPLICATE,SF-ff5d384657fee69c,"{""risk"":""HIGH"",""priority"":""NORMAL"",""carrier_code"":""SF"",""review_reasons"":[""DROPEA_CARRIER_CODE_UNKNOWN"",""HUMAN_REVIEW"",""UNKNOWN_CARRIER_CODE""],""normalized_type"":""UNKNOWN""}",La incidencia hereda un c??digo GLS no verificado en el cat??logo.,La decisi??n queda bloqueada; no se permite automatizaci??n sobre la incidencia.,Resolver el hallazgo ra??z del c??digo y reevaluar este caso conservando su trazabilidad.,La incidencia obtiene clasificaci??n explicable o permanece UNKNOWN con bloqueo expl??cito.,,,Suleia Operations,,HIGH mientras siga sin clasificaci??n.,ord_68dcae971363,iss_4c9fe021dd68,HUMAN_REVIEW,2026-07-10T14:29:39+00:00
SF-45288829362fdd27,Incidencia GLS abstendida por c??digo desconocido,GLS_INCIDENT_REVIEW,HIGH,DUPLICATE,SF-51063007afc458c9,"{""risk"":""HIGH"",""priority"":""NORMAL"",""carrier_code"":""AS"",""review_reasons"":[""DROPEA_CARRIER_CODE_UNKNOWN"",""HUMAN_REVIEW"",""UNKNOWN_CARRIER_CODE""],""normalized_type"":""UNKNOWN""}",La incidencia hereda un c??digo GLS no verificado en el cat??logo.,La decisi??n queda bloqueada; no se permite automatizaci??n sobre la incidencia.,Resolver el hallazgo ra??z del c??digo y reevaluar este caso conservando su trazabilidad.,La incidencia obtiene clasificaci??n explicable o permanece UNKNOWN con bloqueo expl??cito.,,,Suleia Operations,,HIGH mientras siga sin clasificaci??n.,ord_34ba25ecad39,iss_8fcc3097a5fc,HUMAN_REVIEW,2026-07-01T15:32:15+00:00
SF-465b9705bfeb60c1,Incidencia GLS abstendida por c??digo desconocido,GLS_INCIDENT_REVIEW,HIGH,DUPLICATE,SF-ff5d384657fee69c,"{""risk"":""HIGH"",""priority"":""NORMAL"",""carrier_code"":""SF"",""review_reasons"":[""DROPEA_CARRIER_CODE_UNKNOWN"",""HUMAN_REVIEW"",""UNKNOWN_CARRIER_CODE""],""normalized_type"":""UNKNOWN""}",La incidencia hereda un c??digo GLS no verificado en el cat??logo.,La decisi??n queda bloqueada; no se permite automatizaci??n sobre la incidencia.,Resolver el hallazgo ra??z del c??digo y reevaluar este caso conservando su trazabilidad.,La incidencia obtiene clasificaci??n explicable o permanece UNKNOWN con bloqueo expl??cito.,,,Suleia Operations,,HIGH mientras siga sin clasificaci??n.,ord_fbc4f58ba6e8,iss_13d242c5bbac,HUMAN_REVIEW,2026-07-24T10:20:43+00:00
SF-468b9b98aa3018fb,Incidencia GLS abstendida por c??digo desconocido,GLS_INCIDENT_REVIEW,HIGH,DUPLICATE,SF-ff5d384657fee69c,"{""risk"":""HIGH"",""priority"":""NORMAL"",""carrier_code"":""SF"",""review_reasons"":[""DROPEA_CARRIER_CODE_UNKNOWN"",""HUMAN_REVIEW"",""UNKNOWN_CARRIER_CODE""],""normalized_type"":""UNKNOWN""}",La incidencia hereda un c??digo GLS no verificado en el cat??logo.,La decisi??n queda bloqueada; no se permite automatizaci??n sobre la incidencia.,Resolver el hallazgo ra??z del c??digo y reevaluar este caso conservando su trazabilidad.,La incidencia obtiene clasificaci??n explicable o permanece UNKNOWN con bloqueo expl??cito.,,,Suleia Operations,,HIGH mientras siga sin clasificaci??n.,ord_abcab660654b,iss_950ac2df2dff,HUMAN_REVIEW,2026-06-30T11:32:40+00:00
SF-471798ab525b96b7,Incidencia GLS abstendida por c??digo desconocido,GLS_INCIDENT_REVIEW,HIGH,DUPLICATE,SF-ff5d384657fee69c,"{""risk"":""HIGH"",""priority"":""NORMAL"",""carrier_code"":""SF"",""review_reasons"":[""DROPEA_CARRIER_CODE_UNKNOWN"",""HUMAN_REVIEW"",""UNKNOWN_CARRIER_CODE""],""normalized_type"":""UNKNOWN""}",La incidencia hereda un c??digo GLS no verificado en el cat??logo.,La decisi??n queda bloqueada; no se permite automatizaci??n sobre la incidencia.,Resolver el hallazgo ra??z del c??digo y reevaluar este caso conservando su trazabilidad.,La incidencia obtiene clasificaci??n explicable o permanece UNKNOWN con bloqueo expl??cito.,,,Suleia Operations,,HIGH mientras siga sin clasificaci??n.,ord_5d3b5ac3dcb6,iss_2ef978c07277,HUMAN_REVIEW,2026-07-20T14:22:33+00:00
SF-4737489f1f48d020,Incidencia GLS abstendida por c??digo desconocido,GLS_INCIDENT_REVIEW,HIGH,DUPLICATE,SF-6e82ccd32435fb0c,"{""risk"":""HIGH"",""priority"":""NORMAL"",""carrier_code"":""OTH"",""review_reasons"":[""DROPEA_CARRIER_CODE_UNKNOWN"",""HUMAN_REVIEW"",""UNKNOWN_CARRIER_CODE""],""normalized_type"":""UNKNOWN""}",La incidencia hereda un c??digo GLS no verificado en el cat??logo.,La decisi??n queda bloqueada; no se permite automatizaci??n sobre la incidencia.,Resolver el hallazgo ra??z del c??digo y reevaluar este caso conservando su trazabilidad.,La incidencia obtiene clasificaci??n explicable o permanece UNKNOWN con bloqueo expl??cito.,,,Suleia Operations,,HIGH mientras siga sin clasificaci??n.,ord_e6f6ccad53a1,iss_48da5d55e286,HUMAN_REVIEW,2026-07-29T14:26:03+00:00
SF-4a32d25325054d6e,Incidencia GLS abstendida por c??digo desconocido,GLS_INCIDENT_REVIEW,HIGH,DUPLICATE,SF-ff5d384657fee69c,"{""risk"":""HIGH"",""priority"":""NORMAL"",""carrier_code"":""SF"",""review_reasons"":[""DROPEA_CARRIER_CODE_UNKNOWN"",""HUMAN_REVIEW"",""UNKNOWN_CARRIER_CODE""],""normalized_type"":""UNKNOWN""}",La incidencia hereda un c??digo GLS no verificado en el cat??logo.,La decisi??n queda bloqueada; no se permite automatizaci??n sobre la incidencia.,Resolver el hallazgo ra??z del c??digo y reevaluar este caso conservando su trazabilidad.,La incidencia obtiene clasificaci??n explicable o permanece UNKNOWN con bloqueo expl??cito.,,,Suleia Operations,,HIGH mientras siga sin clasificaci??n.,ord_6dcb7bb13a97,iss_2107cd7ca069,HUMAN_REVIEW,2026-07-14T11:27:36+00:00
SF-4c8ca0e5a967b659,Protecci??n operativa pendiente de revisi??n,OPERATIONAL_PROTECTIONS,WARNING,OPEN,,"{""risk"":""NOT_ASSESSED"",""priority"":""NORMAL"",""carrier_code"":null,""review_reasons"":[""PROTECTION_REVIEW""],""normalized_type"":null}",La protecci??n ha detectado una condici??n que requiere evaluaci??n humana antes de cualquier acci??n.,El pedido queda en revisi??n y no debe recibir una acci??n autom??tica.,Clasificar la protecci??n con evidencia vigente y documentar la decisi??n de riesgo.,La revisi??n produce estado VERIFIED o ACCEPTED_RISK sin ejecutar acciones.,,,Suleia Operations,,WARNING pendiente de evaluaci??n.,ord_412de670f6de,,HUMAN_REVIEW,2026-08-05T11:09:26.08+00:00
SF-4cd19cad6ad938f0,Protecci??n operativa pendiente de revisi??n,OPERATIONAL_PROTECTIONS,WARNING,OPEN,,"{""risk"":""NOT_ASSESSED"",""priority"":""NORMAL"",""carrier_code"":null,""review_reasons"":[""PROTECTION_REVIEW""],""normalized_type"":null}",La protecci??n ha detectado una condici??n que requiere evaluaci??n humana antes de cualquier acci??n.,El pedido queda en revisi??n y no debe recibir una acci??n autom??tica.,Clasificar la protecci??n con evidencia vigente y documentar la decisi??n de riesgo.,La revisi??n produce estado VERIFIED o ACCEPTED_RISK sin ejecutar acciones.,,,Suleia Operations,,WARNING pendiente de evaluaci??n.,ord_5455d35bd47c,,HUMAN_REVIEW,2026-08-05T11:10:00.189+00:00
SF-4f69016dd8c7ea24,Calidad operativa agregada requiere correcci??n,DATA_QUALITY,HIGH,OPEN,,"{""event_gaps"":0,""measured_at"":""2026-08-09T07:12:13.284414+00:00"",""issues_total"":327,""orders_total"":961,""stale_issues"":0,""stale_orders"":0,""issues_unknown_code"":216,""orders_identity_exact"":961,""read_model_mismatches"":0,""multiple_conversations"":0,""reconciliation_findings"":5,""orders_identity_conflicting"":0,""incidents_without_conversation"":0}","Uno o m??s indicadores agregados de identidad, frescura, GLS o reconciliaci??n permanecen abiertos.",El estado global no puede declararse plenamente verificado.,Cerrar o justificar cada indicador causal y volver a medir el agregado.,Todos los indicadores cr??ticos/altos son cero o est??n expl??citamente aceptados con evidencia.,,,Suleia Platform,,HIGH mientras existan incidencias GLS UNKNOWN.,,,DATA_QUALITY,2026-08-09T07:12:13.284414+00:00
SF-51063007afc458c9,C??digo GLS sin clasificaci??n verificada,GLS_NORMALIZATION,HIGH,OPEN,,"{""code"":""AS"",""market"":""ES"",""carrier"":""GLS""}",El cat??logo GLS no contiene una asignaci??n MAPPED o VERIFIED para el c??digo observado.,La incidencia debe abstenerse de una decisi??n autom??tica y requiere revisi??n humana.,Crear una entrada versionada solo despu??s de validar evidencia GLS positiva y negativa.,"El c??digo queda clasificado con evidencia, versi??n y pruebas; UNKNOWN permanece bloqueado.",,,Suleia Operations,,HIGH hasta validar el cat??logo.,,,RECONCILIATION,2026-08-09T07:08:32.683+00:00
SF-55b59d510f996e24,Incidencia GLS abstendida por c??digo desconocido,GLS_INCIDENT_REVIEW,HIGH,DUPLICATE,SF-ff5d384657fee69c,"{""risk"":""HIGH"",""priority"":""NORMAL"",""carrier_code"":""SF"",""review_reasons"":[""DROPEA_CARRIER_CODE_UNKNOWN"",""HUMAN_REVIEW"",""UNKNOWN_CARRIER_CODE""],""normalized_type"":""UNKNOWN""}",La incidencia hereda un c??digo GLS no verificado en el cat??logo.,La decisi??n queda bloqueada; no se permite automatizaci??n sobre la incidencia.,Resolver el hallazgo ra??z del c??digo y reevaluar este caso conservando su trazabilidad.,La incidencia obtiene clasificaci??n explicable o permanece UNKNOWN con bloqueo expl??cito.,,,Suleia Operations,,HIGH mientras siga sin clasificaci??n.,ord_1e5ee4720972,iss_527a6a08705d,HUMAN_REVIEW,2026-07-29T14:32:23+00:00
SF-578a23fb06bb91b9,Incidencia GLS abstendida por c??digo desconocido,GLS_INCIDENT_REVIEW,HIGH,DUPLICATE,SF-ff5d384657fee69c,"{""risk"":""HIGH"",""priority"":""NORMAL"",""carrier_code"":""SF"",""review_reasons"":[""DROPEA_CARRIER_CODE_UNKNOWN"",""HUMAN_REVIEW"",""UNKNOWN_CARRIER_CODE""],""normalized_type"":""UNKNOWN""}",La incidencia hereda un c??digo GLS no verificado en el cat??logo.,La decisi??n queda bloqueada; no se permite automatizaci??n sobre la incidencia.,Resolver el hallazgo ra??z del c??digo y reevaluar este caso conservando su trazabilidad.,La incidencia obtiene clasificaci??n explicable o permanece UNKNOWN con bloqueo expl??cito.,,,Suleia Operations,,HIGH mientras siga sin clasificaci??n.,ord_7c9e47327f72,iss_74dfb8d51e09,HUMAN_REVIEW,2026-07-06T19:17:43+00:00
SF-5836ab17d9320904,Incidencia GLS abstendida por c??digo desconocido,GLS_INCIDENT_REVIEW,HIGH,DUPLICATE,SF-ce03ef85a845f191,"{""risk"":""HIGH"",""priority"":""NORMAL"",""carrier_code"":""-30"",""review_reasons"":[""DROPEA_CARRIER_CODE_UNKNOWN"",""HUMAN_REVIEW"",""UNKNOWN_CARRIER_CODE""],""normalized_type"":""UNKNOWN""}",La incidencia hereda un c??digo GLS no verificado en el cat??logo.,La decisi??n queda bloqueada; no se permite automatizaci??n sobre la incidencia.,Resolver el hallazgo ra??z del c??digo y reevaluar este caso conservando su trazabilidad.,La incidencia obtiene clasificaci??n explicable o permanece UNKNOWN con bloqueo expl??cito.,,,Suleia Operations,,HIGH mientras siga sin clasificaci??n.,ord_c472e173af26,iss_647edeadf2a8,HUMAN_REVIEW,2026-08-06T15:57:26.645+00:00
SF-5a1979d13c12ccc1,Incidencia GLS abstendida por c??digo desconocido,GLS_INCIDENT_REVIEW,HIGH,DUPLICATE,SF-ce03ef85a845f191,"{""risk"":""HIGH"",""priority"":""NORMAL"",""carrier_code"":""-30"",""review_reasons"":[""DROPEA_CARRIER_CODE_UNKNOWN"",""HUMAN_REVIEW"",""UNKNOWN_CARRIER_CODE""],""normalized_type"":""UNKNOWN""}",La incidencia hereda un c??digo GLS no verificado en el cat??logo.,La decisi??n queda bloqueada; no se permite automatizaci??n sobre la incidencia.,Resolver el hallazgo ra??z del c??digo y reevaluar este caso conservando su trazabilidad.,La incidencia obtiene clasificaci??n explicable o permanece UNKNOWN con bloqueo expl??cito.,,,Suleia Operations,,HIGH mientras siga sin clasificaci??n.,ord_5cfc5fbd2514,iss_dd54cdf12d27,HUMAN_REVIEW,2026-08-04T13:30:23.796+00:00
SF-5b0afa91bec4ddad,Incidencia GLS abstendida por c??digo desconocido,GLS_INCIDENT_REVIEW,HIGH,DUPLICATE,SF-ff5d384657fee69c,"{""risk"":""HIGH"",""priority"":""NORMAL"",""carrier_code"":""SF"",""review_reasons"":[""DROPEA_CARRIER_CODE_UNKNOWN"",""HUMAN_REVIEW"",""UNKNOWN_CARRIER_CODE""],""normalized_type"":""UNKNOWN""}",La incidencia hereda un c??digo GLS no verificado en el cat??logo.,La decisi??n queda bloqueada; no se permite automatizaci??n sobre la incidencia.,Resolver el hallazgo ra??z del c??digo y reevaluar este caso conservando su trazabilidad.,La incidencia obtiene clasificaci??n explicable o permanece UNKNOWN con bloqueo expl??cito.,,,Suleia Operations,,HIGH mientras siga sin clasificaci??n.,ord_75aece861962,iss_1f2a2a030692,HUMAN_REVIEW,2026-07-20T10:27:42+00:00
SF-5bc2c378e886b104,Incidencia GLS abstendida por c??digo desconocido,GLS_INCIDENT_REVIEW,HIGH,DUPLICATE,SF-ce03ef85a845f191,"{""risk"":""HIGH"",""priority"":""NORMAL"",""carrier_code"":""-30"",""review_reasons"":[""DROPEA_CARRIER_CODE_UNKNOWN"",""HUMAN_REVIEW"",""UNKNOWN_CARRIER_CODE""],""normalized_type"":""UNKNOWN""}",La incidencia hereda un c??digo GLS no verificado en el cat??logo.,La decisi??n queda bloqueada; no se permite automatizaci??n sobre la incidencia.,Resolver el hallazgo ra??z del c??digo y reevaluar este caso conservando su trazabilidad.,La incidencia obtiene clasificaci??n explicable o permanece UNKNOWN con bloqueo expl??cito.,,,Suleia Operations,,HIGH mientras siga sin clasificaci??n.,ord_0da58b28ff16,iss_13c01daa1164,HUMAN_REVIEW,2026-08-06T15:57:28.96+00:00
SF-5f14fbcb7aff4de4,Incidencia GLS abstendida por c??digo desconocido,GLS_INCIDENT_REVIEW,HIGH,DUPLICATE,SF-ff5d384657fee69c,"{""risk"":""HIGH"",""priority"":""NORMAL"",""carrier_code"":""SF"",""review_reasons"":[""DROPEA_CARRIER_CODE_UNKNOWN"",""HUMAN_REVIEW"",""UNKNOWN_CARRIER_CODE""],""normalized_type"":""UNKNOWN""}",La incidencia hereda un c??digo GLS no verificado en el cat??logo.,La decisi??n queda bloqueada; no se permite automatizaci??n sobre la incidencia.,Resolver el hallazgo ra??z del c??digo y reevaluar este caso conservando su trazabilidad.,La incidencia obtiene clasificaci??n explicable o permanece UNKNOWN con bloqueo expl??cito.,,,Suleia Operations,,HIGH mientras siga sin clasificaci??n.,ord_282ded446ae5,iss_5a69f783336c,HUMAN_REVIEW,2026-07-29T14:32:22+00:00
SF-5f4e562aa238c6aa,Incidencia GLS abstendida por c??digo desconocido,GLS_INCIDENT_REVIEW,HIGH,DUPLICATE,SF-ce03ef85a845f191,"{""risk"":""HIGH"",""priority"":""NORMAL"",""carrier_code"":""-30"",""review_reasons"":[""DROPEA_CARRIER_CODE_UNKNOWN"",""HUMAN_REVIEW"",""UNKNOWN_CARRIER_CODE""],""normalized_type"":""UNKNOWN""}",La incidencia hereda un c??digo GLS no verificado en el cat??logo.,La decisi??n queda bloqueada; no se permite automatizaci??n sobre la incidencia.,Resolver el hallazgo ra??z del c??digo y reevaluar este caso conservando su trazabilidad.,La incidencia obtiene clasificaci??n explicable o permanece UNKNOWN con bloqueo expl??cito.,,,Suleia Operations,,HIGH mientras siga sin clasificaci??n.,ord_a03800fd9d9e,iss_c728cc632e99,HUMAN_REVIEW,2026-08-04T12:33:09.01+00:00
SF-61c8306023d32c52,Protecci??n operativa pendiente de revisi??n,OPERATIONAL_PROTECTIONS,WARNING,OPEN,,"{""risk"":""NOT_ASSESSED"",""priority"":""NORMAL"",""carrier_code"":null,""review_reasons"":[""PROTECTION_REVIEW""],""normalized_type"":null}",La protecci??n ha detectado una condici??n que requiere evaluaci??n humana antes de cualquier acci??n.,El pedido queda en revisi??n y no debe recibir una acci??n autom??tica.,Clasificar la protecci??n con evidencia vigente y documentar la decisi??n de riesgo.,La revisi??n produce estado VERIFIED o ACCEPTED_RISK sin ejecutar acciones.,,,Suleia Operations,,WARNING pendiente de evaluaci??n.,ord_a35c86a5cb75,,HUMAN_REVIEW,2026-08-05T11:09:57.182+00:00
SF-65a3b6d122c0fc80,Incidencia GLS abstendida por c??digo desconocido,GLS_INCIDENT_REVIEW,HIGH,DUPLICATE,SF-51063007afc458c9,"{""risk"":""HIGH"",""priority"":""NORMAL"",""carrier_code"":""AS"",""review_reasons"":[""DROPEA_CARRIER_CODE_UNKNOWN"",""HUMAN_REVIEW"",""UNKNOWN_CARRIER_CODE""],""normalized_type"":""UNKNOWN""}",La incidencia hereda un c??digo GLS no verificado en el cat??logo.,La decisi??n queda bloqueada; no se permite automatizaci??n sobre la incidencia.,Resolver el hallazgo ra??z del c??digo y reevaluar este caso conservando su trazabilidad.,La incidencia obtiene clasificaci??n explicable o permanece UNKNOWN con bloqueo expl??cito.,,,Suleia Operations,,HIGH mientras siga sin clasificaci??n.,ord_7be6f78d2202,iss_aaf71955963a,HUMAN_REVIEW,2026-07-21T11:29:28+00:00
SF-6608a6e4ee81cd7e,Incidencia GLS abstendida por c??digo desconocido,GLS_INCIDENT_REVIEW,HIGH,DUPLICATE,SF-ff5d384657fee69c,"{""risk"":""HIGH"",""priority"":""NORMAL"",""carrier_code"":""SF"",""review_reasons"":[""DROPEA_CARRIER_CODE_UNKNOWN"",""HUMAN_REVIEW"",""UNKNOWN_CARRIER_CODE""],""normalized_type"":""UNKNOWN""}",La incidencia hereda un c??digo GLS no verificado en el cat??logo.,La decisi??n queda bloqueada; no se permite automatizaci??n sobre la incidencia.,Resolver el hallazgo ra??z del c??digo y reevaluar este caso conservando su trazabilidad.,La incidencia obtiene clasificaci??n explicable o permanece UNKNOWN con bloqueo expl??cito.,,,Suleia Operations,,HIGH mientras siga sin clasificaci??n.,ord_bb114923763b,iss_adb79535194a,HUMAN_REVIEW,2026-06-26T07:19:50+00:00
SF-66c802a554e30ab5,Incidencia GLS abstendida por c??digo desconocido,GLS_INCIDENT_REVIEW,HIGH,DUPLICATE,SF-6e82ccd32435fb0c,"{""risk"":""HIGH"",""priority"":""NORMAL"",""carrier_code"":""OTH"",""review_reasons"":[""DROPEA_CARRIER_CODE_UNKNOWN"",""HUMAN_REVIEW"",""UNKNOWN_CARRIER_CODE""],""normalized_type"":""UNKNOWN""}",La incidencia hereda un c??digo GLS no verificado en el cat??logo.,La decisi??n queda bloqueada; no se permite automatizaci??n sobre la incidencia.,Resolver el hallazgo ra??z del c??digo y reevaluar este caso conservando su trazabilidad.,La incidencia obtiene clasificaci??n explicable o permanece UNKNOWN con bloqueo expl??cito.,,,Suleia Operations,,HIGH mientras siga sin clasificaci??n.,ord_ad1716631873,iss_256c0a04a1ff,HUMAN_REVIEW,2026-07-24T10:25:40+00:00
SF-66d85920a7e6dd17,Incidencia GLS abstendida por c??digo desconocido,GLS_INCIDENT_REVIEW,HIGH,DUPLICATE,SF-6e82ccd32435fb0c,"{""risk"":""HIGH"",""priority"":""NORMAL"",""carrier_code"":""OTH"",""review_reasons"":[""DROPEA_CARRIER_CODE_UNKNOWN"",""HUMAN_REVIEW"",""UNKNOWN_CARRIER_CODE""],""normalized_type"":""UNKNOWN""}",La incidencia hereda un c??digo GLS no verificado en el cat??logo.,La decisi??n queda bloqueada; no se permite automatizaci??n sobre la incidencia.,Resolver el hallazgo ra??z del c??digo y reevaluar este caso conservando su trazabilidad.,La incidencia obtiene clasificaci??n explicable o permanece UNKNOWN con bloqueo expl??cito.,,,Suleia Operations,,HIGH mientras siga sin clasificaci??n.,ord_48f006336a48,iss_9280966fc2a7,HUMAN_REVIEW,2026-07-16T17:10:48+00:00
SF-676ab90f6c4872d3,Incidencia GLS abstendida por c??digo desconocido,GLS_INCIDENT_REVIEW,HIGH,DUPLICATE,SF-6e82ccd32435fb0c,"{""risk"":""HIGH"",""priority"":""NORMAL"",""carrier_code"":""OTH"",""review_reasons"":[""DROPEA_CARRIER_CODE_UNKNOWN"",""HUMAN_REVIEW"",""UNKNOWN_CARRIER_CODE""],""normalized_type"":""UNKNOWN""}",La incidencia hereda un c??digo GLS no verificado en el cat??logo.,La decisi??n queda bloqueada; no se permite automatizaci??n sobre la incidencia.,Resolver el hallazgo ra??z del c??digo y reevaluar este caso conservando su trazabilidad.,La incidencia obtiene clasificaci??n explicable o permanece UNKNOWN con bloqueo expl??cito.,,,Suleia Operations,,HIGH mientras siga sin clasificaci??n.,ord_cce3ba431de4,iss_50eda2eb8031,HUMAN_REVIEW,2026-07-16T10:25:05+00:00
SF-67b80fda2bf8fe87,Incidencia GLS abstendida por c??digo desconocido,GLS_INCIDENT_REVIEW,HIGH,DUPLICATE,SF-51063007afc458c9,"{""risk"":""HIGH"",""priority"":""NORMAL"",""carrier_code"":""AS"",""review_reasons"":[""DROPEA_CARRIER_CODE_UNKNOWN"",""HUMAN_REVIEW"",""UNKNOWN_CARRIER_CODE""],""normalized_type"":""UNKNOWN""}",La incidencia hereda un c??digo GLS no verificado en el cat??logo.,La decisi??n queda bloqueada; no se permite automatizaci??n sobre la incidencia.,Resolver el hallazgo ra??z del c??digo y reevaluar este caso conservando su trazabilidad.,La incidencia obtiene clasificaci??n explicable o permanece UNKNOWN con bloqueo expl??cito.,,,Suleia Operations,,HIGH mientras siga sin clasificaci??n.,ord_6724c491c902,iss_8efddeb45da9,HUMAN_REVIEW,2026-07-29T14:34:26+00:00
SF-6e0a23c57312e121,Incidencia GLS abstendida por c??digo desconocido,GLS_INCIDENT_REVIEW,HIGH,DUPLICATE,SF-51063007afc458c9,"{""risk"":""HIGH"",""priority"":""NORMAL"",""carrier_code"":""AS"",""review_reasons"":[""DROPEA_CARRIER_CODE_UNKNOWN"",""HUMAN_REVIEW"",""UNKNOWN_CARRIER_CODE""],""normalized_type"":""UNKNOWN""}",La incidencia hereda un c??digo GLS no verificado en el cat??logo.,La decisi??n queda bloqueada; no se permite automatizaci??n sobre la incidencia.,Resolver el hallazgo ra??z del c??digo y reevaluar este caso conservando su trazabilidad.,La incidencia obtiene clasificaci??n explicable o permanece UNKNOWN con bloqueo expl??cito.,,,Suleia Operations,,HIGH mientras siga sin clasificaci??n.,ord_ca9f3f697ca9,iss_78f3a1f8baef,HUMAN_REVIEW,2026-06-24T15:25:52+00:00
SF-6e82ccd32435fb0c,C??digo GLS sin clasificaci??n verificada,GLS_NORMALIZATION,HIGH,OPEN,,"{""code"":""OTH"",""market"":""ES"",""carrier"":""GLS""}",El cat??logo GLS no contiene una asignaci??n MAPPED o VERIFIED para el c??digo observado.,La incidencia debe abstenerse de una decisi??n autom??tica y requiere revisi??n humana.,Crear una entrada versionada solo despu??s de validar evidencia GLS positiva y negativa.,"El c??digo queda clasificado con evidencia, versi??n y pruebas; UNKNOWN permanece bloqueado.",,,Suleia Operations,,HIGH hasta validar el cat??logo.,,,RECONCILIATION,2026-08-09T07:08:32.683+00:00
SF-6eff5124b36f8fdb,Incidencia GLS abstendida por c??digo desconocido,GLS_INCIDENT_REVIEW,HIGH,DUPLICATE,SF-ff5d384657fee69c,"{""risk"":""HIGH"",""priority"":""NORMAL"",""carrier_code"":""SF"",""review_reasons"":[""DROPEA_CARRIER_CODE_UNKNOWN"",""HUMAN_REVIEW"",""UNKNOWN_CARRIER_CODE""],""normalized_type"":""UNKNOWN""}",La incidencia hereda un c??digo GLS no verificado en el cat??logo.,La decisi??n queda bloqueada; no se permite automatizaci??n sobre la incidencia.,Resolver el hallazgo ra??z del c??digo y reevaluar este caso conservando su trazabilidad.,La incidencia obtiene clasificaci??n explicable o permanece UNKNOWN con bloqueo expl??cito.,,,Suleia Operations,,HIGH mientras siga sin clasificaci??n.,ord_2f1d302555f7,iss_89fbc339f49a,HUMAN_REVIEW,2026-07-17T22:11:46+00:00
SF-6fcf93dd8f4214c6,Incidencia GLS abstendida por c??digo desconocido,GLS_INCIDENT_REVIEW,HIGH,DUPLICATE,SF-51063007afc458c9,"{""risk"":""HIGH"",""priority"":""NORMAL"",""carrier_code"":""AS"",""review_reasons"":[""DROPEA_CARRIER_CODE_UNKNOWN"",""HUMAN_REVIEW"",""UNKNOWN_CARRIER_CODE""],""normalized_type"":""UNKNOWN""}",La incidencia hereda un c??digo GLS no verificado en el cat??logo.,La decisi??n queda bloqueada; no se permite automatizaci??n sobre la incidencia.,Resolver el hallazgo ra??z del c??digo y reevaluar este caso conservando su trazabilidad.,La incidencia obtiene clasificaci??n explicable o permanece UNKNOWN con bloqueo expl??cito.,,,Suleia Operations,,HIGH mientras siga sin clasificaci??n.,ord_d75bc3075025,iss_c30014d76d53,HUMAN_REVIEW,2026-07-29T18:21:05+00:00
SF-6fd63dcc249f1edf,Incidencia GLS abstendida por c??digo desconocido,GLS_INCIDENT_REVIEW,HIGH,DUPLICATE,SF-51063007afc458c9,"{""risk"":""HIGH"",""priority"":""NORMAL"",""carrier_code"":""AS"",""review_reasons"":[""DROPEA_CARRIER_CODE_UNKNOWN"",""HUMAN_REVIEW"",""UNKNOWN_CARRIER_CODE""],""normalized_type"":""UNKNOWN""}",La incidencia hereda un c??digo GLS no verificado en el cat??logo.,La decisi??n queda bloqueada; no se permite automatizaci??n sobre la incidencia.,Resolver el hallazgo ra??z del c??digo y reevaluar este caso conservando su trazabilidad.,La incidencia obtiene clasificaci??n explicable o permanece UNKNOWN con bloqueo expl??cito.,,,Suleia Operations,,HIGH mientras siga sin clasificaci??n.,ord_b54cd2569a94,iss_739455b33f69,HUMAN_REVIEW,2026-07-15T22:18:27+00:00
SF-70eeac7f4a3cd798,Incidencia GLS abstendida por c??digo desconocido,GLS_INCIDENT_REVIEW,HIGH,DUPLICATE,SF-ce03ef85a845f191,"{""risk"":""HIGH"",""priority"":""NORMAL"",""carrier_code"":""-30"",""review_reasons"":[""DROPEA_CARRIER_CODE_UNKNOWN"",""HUMAN_REVIEW"",""UNKNOWN_CARRIER_CODE""],""normalized_type"":""UNKNOWN""}",La incidencia hereda un c??digo GLS no verificado en el cat??logo.,La decisi??n queda bloqueada; no se permite automatizaci??n sobre la incidencia.,Resolver el hallazgo ra??z del c??digo y reevaluar este caso conservando su trazabilidad.,La incidencia obtiene clasificaci??n explicable o permanece UNKNOWN con bloqueo expl??cito.,,,Suleia Operations,,HIGH mientras siga sin clasificaci??n.,ord_445509f989df,iss_ea598b221418,HUMAN_REVIEW,2026-08-06T15:57:30.538+00:00
SF-71322c96a65b1b80,Incidencia GLS abstendida por c??digo desconocido,GLS_INCIDENT_REVIEW,HIGH,DUPLICATE,SF-ff5d384657fee69c,"{""risk"":""HIGH"",""priority"":""NORMAL"",""carrier_code"":""SF"",""review_reasons"":[""DROPEA_CARRIER_CODE_UNKNOWN"",""HUMAN_REVIEW"",""UNKNOWN_CARRIER_CODE""],""normalized_type"":""UNKNOWN""}",La incidencia hereda un c??digo GLS no verificado en el cat??logo.,La decisi??n queda bloqueada; no se permite automatizaci??n sobre la incidencia.,Resolver el hallazgo ra??z del c??digo y reevaluar este caso conservando su trazabilidad.,La incidencia obtiene clasificaci??n explicable o permanece UNKNOWN con bloqueo expl??cito.,,,Suleia Operations,,HIGH mientras siga sin clasificaci??n.,ord_2c6b1ed5b2ff,iss_d829b6b99590,HUMAN_REVIEW,2026-07-20T15:31:10+00:00
SF-714f9e615fd5ace4,Incidencia GLS abstendida por c??digo desconocido,GLS_INCIDENT_REVIEW,HIGH,DUPLICATE,SF-ce03ef85a845f191,"{""risk"":""HIGH"",""priority"":""NORMAL"",""carrier_code"":""-30"",""review_reasons"":[""DROPEA_CARRIER_CODE_UNKNOWN"",""HUMAN_REVIEW"",""UNKNOWN_CARRIER_CODE""],""normalized_type"":""UNKNOWN""}",La incidencia hereda un c??digo GLS no verificado en el cat??logo.,La decisi??n queda bloqueada; no se permite automatizaci??n sobre la incidencia.,Resolver el hallazgo ra??z del c??digo y reevaluar este caso conservando su trazabilidad.,La incidencia obtiene clasificaci??n explicable o permanece UNKNOWN con bloqueo expl??cito.,,,Suleia Operations,,HIGH mientras siga sin clasificaci??n.,ord_6075bbbf7c18,iss_5e4e6981e334,HUMAN_REVIEW,2026-08-06T15:03:59.854+00:00
SF-72222182dcaab8d0,Incidencia GLS abstendida por c??digo desconocido,GLS_INCIDENT_REVIEW,HIGH,DUPLICATE,SF-51063007afc458c9,"{""risk"":""HIGH"",""priority"":""NORMAL"",""carrier_code"":""AS"",""review_reasons"":[""DROPEA_CARRIER_CODE_UNKNOWN"",""HUMAN_REVIEW"",""UNKNOWN_CARRIER_CODE""],""normalized_type"":""UNKNOWN""}",La incidencia hereda un c??digo GLS no verificado en el cat??logo.,La decisi??n queda bloqueada; no se permite automatizaci??n sobre la incidencia.,Resolver el hallazgo ra??z del c??digo y reevaluar este caso conservando su trazabilidad.,La incidencia obtiene clasificaci??n explicable o permanece UNKNOWN con bloqueo expl??cito.,,,Suleia Operations,,HIGH mientras siga sin clasificaci??n.,ord_e7161089299a,iss_5a6c1cd7a2c5,HUMAN_REVIEW,2026-06-24T11:25:27+00:00
SF-7283986f5d44fdf0,Incidencia GLS abstendida por c??digo desconocido,GLS_INCIDENT_REVIEW,HIGH,DUPLICATE,SF-ce03ef85a845f191,"{""risk"":""HIGH"",""priority"":""NORMAL"",""carrier_code"":""-30"",""review_reasons"":[""DROPEA_CARRIER_CODE_UNKNOWN"",""HUMAN_REVIEW"",""UNKNOWN_CARRIER_CODE""],""normalized_type"":""UNKNOWN""}",La incidencia hereda un c??digo GLS no verificado en el cat??logo.,La decisi??n queda bloqueada; no se permite automatizaci??n sobre la incidencia.,Resolver el hallazgo ra??z del c??digo y reevaluar este caso conservando su trazabilidad.,La incidencia obtiene clasificaci??n explicable o permanece UNKNOWN con bloqueo expl??cito.,,,Suleia Operations,,HIGH mientras siga sin clasificaci??n.,ord_fc1ab81074cc,iss_6950ff50b0f5,HUMAN_REVIEW,2026-08-06T15:04:00.736+00:00
SF-735a201187f6e45b,Incidencia GLS abstendida por c??digo desconocido,GLS_INCIDENT_REVIEW,HIGH,DUPLICATE,SF-6e82ccd32435fb0c,"{""risk"":""HIGH"",""priority"":""NORMAL"",""carrier_code"":""OTH"",""review_reasons"":[""DROPEA_CARRIER_CODE_UNKNOWN"",""HUMAN_REVIEW"",""UNKNOWN_CARRIER_CODE""],""normalized_type"":""UNKNOWN""}",La incidencia hereda un c??digo GLS no verificado en el cat??logo.,La decisi??n queda bloqueada; no se permite automatizaci??n sobre la incidencia.,Resolver el hallazgo ra??z del c??digo y reevaluar este caso conservando su trazabilidad.,La incidencia obtiene clasificaci??n explicable o permanece UNKNOWN con bloqueo expl??cito.,,,Suleia Operations,,HIGH mientras siga sin clasificaci??n.,ord_99ab83f87d5d,iss_c6c6f90b4370,HUMAN_REVIEW,2026-06-24T10:23:57+00:00
SF-73b16cefbbc8a88e,Incidencia GLS abstendida por c??digo desconocido,GLS_INCIDENT_REVIEW,HIGH,DUPLICATE,SF-ff5d384657fee69c,"{""risk"":""HIGH"",""priority"":""NORMAL"",""carrier_code"":""SF"",""review_reasons"":[""DROPEA_CARRIER_CODE_UNKNOWN"",""HUMAN_REVIEW"",""UNKNOWN_CARRIER_CODE""],""normalized_type"":""UNKNOWN""}",La incidencia hereda un c??digo GLS no verificado en el cat??logo.,La decisi??n queda bloqueada; no se permite automatizaci??n sobre la incidencia.,Resolver el hallazgo ra??z del c??digo y reevaluar este caso conservando su trazabilidad.,La incidencia obtiene clasificaci??n explicable o permanece UNKNOWN con bloqueo expl??cito.,,,Suleia Operations,,HIGH mientras siga sin clasificaci??n.,ord_6b73275d1be1,iss_ba74a538ca6e,HUMAN_REVIEW,2026-07-01T14:28:04+00:00
SF-7735c8f701466ed5,Incidencia GLS abstendida por c??digo desconocido,GLS_INCIDENT_REVIEW,HIGH,DUPLICATE,SF-6e82ccd32435fb0c,"{""risk"":""HIGH"",""priority"":""NORMAL"",""carrier_code"":""OTH"",""review_reasons"":[""DROPEA_CARRIER_CODE_UNKNOWN"",""HUMAN_REVIEW"",""UNKNOWN_CARRIER_CODE""],""normalized_type"":""UNKNOWN""}",La incidencia hereda un c??digo GLS no verificado en el cat??logo.,La decisi??n queda bloqueada; no se permite automatizaci??n sobre la incidencia.,Resolver el hallazgo ra??z del c??digo y reevaluar este caso conservando su trazabilidad.,La incidencia obtiene clasificaci??n explicable o permanece UNKNOWN con bloqueo expl??cito.,,,Suleia Operations,,HIGH mientras siga sin clasificaci??n.,ord_c9fdb96a7f22,iss_f3e57b41358b,HUMAN_REVIEW,2026-06-02T11:32:39+00:00
SF-7894f4bb9f6d62c0,Incidencia GLS abstendida por c??digo desconocido,GLS_INCIDENT_REVIEW,HIGH,DUPLICATE,SF-51063007afc458c9,"{""risk"":""HIGH"",""priority"":""NORMAL"",""carrier_code"":""AS"",""review_reasons"":[""DROPEA_CARRIER_CODE_UNKNOWN"",""HUMAN_REVIEW"",""UNKNOWN_CARRIER_CODE""],""normalized_type"":""UNKNOWN""}",La incidencia hereda un c??digo GLS no verificado en el cat??logo.,La decisi??n queda bloqueada; no se permite automatizaci??n sobre la incidencia.,Resolver el hallazgo ra??z del c??digo y reevaluar este caso conservando su trazabilidad.,La incidencia obtiene clasificaci??n explicable o permanece UNKNOWN con bloqueo expl??cito.,,,Suleia Operations,,HIGH mientras siga sin clasificaci??n.,ord_e2cb71d29992,iss_ed46f6962ad0,HUMAN_REVIEW,2026-07-16T18:29:19+00:00
SF-790180a4b7af14ec,Incidencia GLS abstendida por c??digo desconocido,GLS_INCIDENT_REVIEW,HIGH,DUPLICATE,SF-51063007afc458c9,"{""risk"":""HIGH"",""priority"":""NORMAL"",""carrier_code"":""AS"",""review_reasons"":[""DROPEA_CARRIER_CODE_UNKNOWN"",""HUMAN_REVIEW"",""UNKNOWN_CARRIER_CODE""],""normalized_type"":""UNKNOWN""}",La incidencia hereda un c??digo GLS no verificado en el cat??logo.,La decisi??n queda bloqueada; no se permite automatizaci??n sobre la incidencia.,Resolver el hallazgo ra??z del c??digo y reevaluar este caso conservando su trazabilidad.,La incidencia obtiene clasificaci??n explicable o permanece UNKNOWN con bloqueo expl??cito.,,,Suleia Operations,,HIGH mientras siga sin clasificaci??n.,ord_3651e43f075b,iss_e4bc80f81be9,HUMAN_REVIEW,2026-07-01T11:30:49+00:00
SF-797ca565ab94932b,Incidencia GLS abstendida por c??digo desconocido,GLS_INCIDENT_REVIEW,HIGH,DUPLICATE,SF-ce03ef85a845f191,"{""risk"":""HIGH"",""priority"":""NORMAL"",""carrier_code"":""-30"",""review_reasons"":[""DROPEA_CARRIER_CODE_UNKNOWN"",""HUMAN_REVIEW"",""UNKNOWN_CARRIER_CODE""],""normalized_type"":""UNKNOWN""}",La incidencia hereda un c??digo GLS no verificado en el cat??logo.,La decisi??n queda bloqueada; no se permite automatizaci??n sobre la incidencia.,Resolver el hallazgo ra??z del c??digo y reevaluar este caso conservando su trazabilidad.,La incidencia obtiene clasificaci??n explicable o permanece UNKNOWN con bloqueo expl??cito.,,,Suleia Operations,,HIGH mientras siga sin clasificaci??n.,ord_322c441327b3,iss_a6ffffb8cfaa,HUMAN_REVIEW,2026-08-06T15:57:29.451+00:00
SF-7ada79efba02e3ad,Incidencia GLS abstendida por c??digo desconocido,GLS_INCIDENT_REVIEW,HIGH,DUPLICATE,SF-51063007afc458c9,"{""risk"":""HIGH"",""priority"":""NORMAL"",""carrier_code"":""AS"",""review_reasons"":[""DROPEA_CARRIER_CODE_UNKNOWN"",""HUMAN_REVIEW"",""UNKNOWN_CARRIER_CODE""],""normalized_type"":""UNKNOWN""}",La incidencia hereda un c??digo GLS no verificado en el cat??logo.,La decisi??n queda bloqueada; no se permite automatizaci??n sobre la incidencia.,Resolver el hallazgo ra??z del c??digo y reevaluar este caso conservando su trazabilidad.,La incidencia obtiene clasificaci??n explicable o permanece UNKNOWN con bloqueo expl??cito.,,,Suleia Operations,,HIGH mientras siga sin clasificaci??n.,ord_655dcf3f9adb,iss_d1d51e77c3a3,HUMAN_REVIEW,2026-07-01T11:28:20+00:00
SF-7c1fbd190b52b70e,Incidencia GLS abstendida por c??digo desconocido,GLS_INCIDENT_REVIEW,HIGH,DUPLICATE,SF-51063007afc458c9,"{""risk"":""HIGH"",""priority"":""NORMAL"",""carrier_code"":""AS"",""review_reasons"":[""DROPEA_CARRIER_CODE_UNKNOWN"",""HUMAN_REVIEW"",""UNKNOWN_CARRIER_CODE""],""normalized_type"":""UNKNOWN""}",La incidencia hereda un c??digo GLS no verificado en el cat??logo.,La decisi??n queda bloqueada; no se permite automatizaci??n sobre la incidencia.,Resolver el hallazgo ra??z del c??digo y reevaluar este caso conservando su trazabilidad.,La incidencia obtiene clasificaci??n explicable o permanece UNKNOWN con bloqueo expl??cito.,,,Suleia Operations,,HIGH mientras siga sin clasificaci??n.,ord_36df1e60f6e9,iss_dd9f749937e9,HUMAN_REVIEW,2026-06-25T14:32:10+00:00
SF-7c52d0acdca0928a,Incidencia GLS abstendida por c??digo desconocido,GLS_INCIDENT_REVIEW,HIGH,DUPLICATE,SF-51063007afc458c9,"{""risk"":""HIGH"",""priority"":""NORMAL"",""carrier_code"":""AS"",""review_reasons"":[""DROPEA_CARRIER_CODE_UNKNOWN"",""HUMAN_REVIEW"",""UNKNOWN_CARRIER_CODE""],""normalized_type"":""UNKNOWN""}",La incidencia hereda un c??digo GLS no verificado en el cat??logo.,La decisi??n queda bloqueada; no se permite automatizaci??n sobre la incidencia.,Resolver el hallazgo ra??z del c??digo y reevaluar este caso conservando su trazabilidad.,La incidencia obtiene clasificaci??n explicable o permanece UNKNOWN con bloqueo expl??cito.,,,Suleia Operations,,HIGH mientras siga sin clasificaci??n.,ord_6df1adfcc61d,iss_d606538289f7,HUMAN_REVIEW,2026-07-03T14:26:11+00:00
SF-7d2cafe8b15a6d2e,Incidencia GLS abstendida por c??digo desconocido,GLS_INCIDENT_REVIEW,HIGH,DUPLICATE,SF-51063007afc458c9,"{""risk"":""HIGH"",""priority"":""NORMAL"",""carrier_code"":""AS"",""review_reasons"":[""DROPEA_CARRIER_CODE_UNKNOWN"",""HUMAN_REVIEW"",""UNKNOWN_CARRIER_CODE""],""normalized_type"":""UNKNOWN""}",La incidencia hereda un c??digo GLS no verificado en el cat??logo.,La decisi??n queda bloqueada; no se permite automatizaci??n sobre la incidencia.,Resolver el hallazgo ra??z del c??digo y reevaluar este caso conservando su trazabilidad.,La incidencia obtiene clasificaci??n explicable o permanece UNKNOWN con bloqueo expl??cito.,,,Suleia Operations,,HIGH mientras siga sin clasificaci??n.,ord_fcc8f867058b,iss_4b6978230bb7,HUMAN_REVIEW,2026-07-02T22:16:20+00:00
SF-7d60b09201236e02,Incidencia GLS abstendida por c??digo desconocido,GLS_INCIDENT_REVIEW,HIGH,DUPLICATE,SF-ff5d384657fee69c,"{""risk"":""HIGH"",""priority"":""NORMAL"",""carrier_code"":""SF"",""review_reasons"":[""DROPEA_CARRIER_CODE_UNKNOWN"",""HUMAN_REVIEW"",""UNKNOWN_CARRIER_CODE""],""normalized_type"":""UNKNOWN""}",La incidencia hereda un c??digo GLS no verificado en el cat??logo.,La decisi??n queda bloqueada; no se permite automatizaci??n sobre la incidencia.,Resolver el hallazgo ra??z del c??digo y reevaluar este caso conservando su trazabilidad.,La incidencia obtiene clasificaci??n explicable o permanece UNKNOWN con bloqueo expl??cito.,,,Suleia Operations,,HIGH mientras siga sin clasificaci??n.,ord_a34ec35a1f49,iss_ed49222d2757,HUMAN_REVIEW,2026-07-31T17:10:50+00:00
SF-7d7150b914f3faed,Incidencia GLS abstendida por c??digo desconocido,GLS_INCIDENT_REVIEW,HIGH,DUPLICATE,SF-51063007afc458c9,"{""risk"":""HIGH"",""priority"":""NORMAL"",""carrier_code"":""AS"",""review_reasons"":[""DROPEA_CARRIER_CODE_UNKNOWN"",""HUMAN_REVIEW"",""UNKNOWN_CARRIER_CODE""],""normalized_type"":""UNKNOWN""}",La incidencia hereda un c??digo GLS no verificado en el cat??logo.,La decisi??n queda bloqueada; no se permite automatizaci??n sobre la incidencia.,Resolver el hallazgo ra??z del c??digo y reevaluar este caso conservando su trazabilidad.,La incidencia obtiene clasificaci??n explicable o permanece UNKNOWN con bloqueo expl??cito.,,,Suleia Operations,,HIGH mientras siga sin clasificaci??n.,ord_6480b9fc0ce9,iss_f8adf50cf33c,HUMAN_REVIEW,2026-07-20T23:20:54+00:00
SF-7e711281b28d0361,Incidencia GLS abstendida por c??digo desconocido,GLS_INCIDENT_REVIEW,HIGH,DUPLICATE,SF-ff5d384657fee69c,"{""risk"":""HIGH"",""priority"":""NORMAL"",""carrier_code"":""SF"",""review_reasons"":[""DROPEA_CARRIER_CODE_UNKNOWN"",""HUMAN_REVIEW"",""UNKNOWN_CARRIER_CODE""],""normalized_type"":""UNKNOWN""}",La incidencia hereda un c??digo GLS no verificado en el cat??logo.,La decisi??n queda bloqueada; no se permite automatizaci??n sobre la incidencia.,Resolver el hallazgo ra??z del c??digo y reevaluar este caso conservando su trazabilidad.,La incidencia obtiene clasificaci??n explicable o permanece UNKNOWN con bloqueo expl??cito.,,,Suleia Operations,,HIGH mientras siga sin clasificaci??n.,ord_42e454f78bf2,iss_aa4cb4ceac81,HUMAN_REVIEW,2026-06-11T09:17:26+00:00
SF-7f03fd780c0ea813,Incidencia GLS abstendida por c??digo desconocido,GLS_INCIDENT_REVIEW,HIGH,DUPLICATE,SF-ff5d384657fee69c,"{""risk"":""HIGH"",""priority"":""NORMAL"",""carrier_code"":""SF"",""review_reasons"":[""DROPEA_CARRIER_CODE_UNKNOWN"",""HUMAN_REVIEW"",""UNKNOWN_CARRIER_CODE""],""normalized_type"":""UNKNOWN""}",La incidencia hereda un c??digo GLS no verificado en el cat??logo.,La decisi??n queda bloqueada; no se permite automatizaci??n sobre la incidencia.,Resolver el hallazgo ra??z del c??digo y reevaluar este caso conservando su trazabilidad.,La incidencia obtiene clasificaci??n explicable o permanece UNKNOWN con bloqueo expl??cito.,,,Suleia Operations,,HIGH mientras siga sin clasificaci??n.,ord_888c0e565929,iss_716c7260b470,HUMAN_REVIEW,2026-06-24T10:25:12+00:00
SF-7f130fdcfa14257a,Incidencia GLS abstendida por c??digo desconocido,GLS_INCIDENT_REVIEW,HIGH,DUPLICATE,SF-9f3a4f9eab31d7c1,"{""risk"":""HIGH"",""priority"":""NORMAL"",""carrier_code"":""SOLICITUD DE DEVOLUCI?N"",""review_reasons"":[""DROPEA_CARRIER_CODE_UNKNOWN"",""HUMAN_REVIEW"",""UNKNOWN_CARRIER_CODE""],""normalized_type"":""UNKNOWN""}",La incidencia hereda un c??digo GLS no verificado en el cat??logo.,La decisi??n queda bloqueada; no se permite automatizaci??n sobre la incidencia.,Resolver el hallazgo ra??z del c??digo y reevaluar este caso conservando su trazabilidad.,La incidencia obtiene clasificaci??n explicable o permanece UNKNOWN con bloqueo expl??cito.,,,Suleia Operations,,HIGH mientras siga sin clasificaci??n.,ord_edcdacda13c3,iss_69d29f3b3832,HUMAN_REVIEW,2026-08-04T13:38:02.899+00:00
SF-81317781f7329568,Incidencia GLS abstendida por c??digo desconocido,GLS_INCIDENT_REVIEW,HIGH,DUPLICATE,SF-ce03ef85a845f191,"{""risk"":""HIGH"",""priority"":""NORMAL"",""carrier_code"":""-30"",""review_reasons"":[""DROPEA_CARRIER_CODE_UNKNOWN"",""HUMAN_REVIEW"",""UNKNOWN_CARRIER_CODE""],""normalized_type"":""UNKNOWN""}",La incidencia hereda un c??digo GLS no verificado en el cat??logo.,La decisi??n queda bloqueada; no se permite automatizaci??n sobre la incidencia.,Resolver el hallazgo ra??z del c??digo y reevaluar este caso conservando su trazabilidad.,La incidencia obtiene clasificaci??n explicable o permanece UNKNOWN con bloqueo expl??cito.,,,Suleia Operations,,HIGH mientras siga sin clasificaci??n.,ord_6c0b9c815251,iss_b757c4742e4e,HUMAN_REVIEW,2026-08-06T09:40:49.766+00:00
SF-8146bdd12e09aca2,Incidencia GLS abstendida por c??digo desconocido,GLS_INCIDENT_REVIEW,HIGH,DUPLICATE,SF-ff5d384657fee69c,"{""risk"":""HIGH"",""priority"":""NORMAL"",""carrier_code"":""SF"",""review_reasons"":[""DROPEA_CARRIER_CODE_UNKNOWN"",""HUMAN_REVIEW"",""UNKNOWN_CARRIER_CODE""],""normalized_type"":""UNKNOWN""}",La incidencia hereda un c??digo GLS no verificado en el cat??logo.,La decisi??n queda bloqueada; no se permite automatizaci??n sobre la incidencia.,Resolver el hallazgo ra??z del c??digo y reevaluar este caso conservando su trazabilidad.,La incidencia obtiene clasificaci??n explicable o permanece UNKNOWN con bloqueo expl??cito.,,,Suleia Operations,,HIGH mientras siga sin clasificaci??n.,ord_ade90ee67bfb,iss_60b6ef3ea0d0,HUMAN_REVIEW,2026-07-09T18:22:52+00:00
SF-82440d08643a82ef,Incidencia GLS abstendida por c??digo desconocido,GLS_INCIDENT_REVIEW,HIGH,DUPLICATE,SF-ce03ef85a845f191,"{""risk"":""HIGH"",""priority"":""NORMAL"",""carrier_code"":""-30"",""review_reasons"":[""DROPEA_CARRIER_CODE_UNKNOWN"",""HUMAN_REVIEW"",""UNKNOWN_CARRIER_CODE""],""normalized_type"":""UNKNOWN""}",La incidencia hereda un c??digo GLS no verificado en el cat??logo.,La decisi??n queda bloqueada; no se permite automatizaci??n sobre la incidencia.,Resolver el hallazgo ra??z del c??digo y reevaluar este caso conservando su trazabilidad.,La incidencia obtiene clasificaci??n explicable o permanece UNKNOWN con bloqueo expl??cito.,,,Suleia Operations,,HIGH mientras siga sin clasificaci??n.,ord_5abc2e2f7b03,iss_b78de1e2154a,HUMAN_REVIEW,2026-08-06T15:57:30.149+00:00
SF-827625b93cdc16d6,Incidencia GLS abstendida por c??digo desconocido,GLS_INCIDENT_REVIEW,HIGH,DUPLICATE,SF-51063007afc458c9,"{""risk"":""HIGH"",""priority"":""NORMAL"",""carrier_code"":""AS"",""review_reasons"":[""DROPEA_CARRIER_CODE_UNKNOWN"",""HUMAN_REVIEW"",""UNKNOWN_CARRIER_CODE""],""normalized_type"":""UNKNOWN""}",La incidencia hereda un c??digo GLS no verificado en el cat??logo.,La decisi??n queda bloqueada; no se permite automatizaci??n sobre la incidencia.,Resolver el hallazgo ra??z del c??digo y reevaluar este caso conservando su trazabilidad.,La incidencia obtiene clasificaci??n explicable o permanece UNKNOWN con bloqueo expl??cito.,,,Suleia Operations,,HIGH mientras siga sin clasificaci??n.,ord_e7e3b60337c7,iss_2461235dcb7f,HUMAN_REVIEW,2026-06-26T19:27:02+00:00
SF-8440da853708c832,Protecci??n operativa pendiente de revisi??n,OPERATIONAL_PROTECTIONS,WARNING,OPEN,,"{""risk"":""NOT_ASSESSED"",""priority"":""NORMAL"",""carrier_code"":null,""review_reasons"":[""PROTECTION_REVIEW""],""normalized_type"":null}",La protecci??n ha detectado una condici??n que requiere evaluaci??n humana antes de cualquier acci??n.,El pedido queda en revisi??n y no debe recibir una acci??n autom??tica.,Clasificar la protecci??n con evidencia vigente y documentar la decisi??n de riesgo.,La revisi??n produce estado VERIFIED o ACCEPTED_RISK sin ejecutar acciones.,,,Suleia Operations,,WARNING pendiente de evaluaci??n.,ord_7d17aa6d4549,,HUMAN_REVIEW,2026-08-05T11:09:26.08+00:00
SF-848e512a9286249f,Incidencia GLS abstendida por c??digo desconocido,GLS_INCIDENT_REVIEW,HIGH,DUPLICATE,SF-6e82ccd32435fb0c,"{""risk"":""HIGH"",""priority"":""NORMAL"",""carrier_code"":""OTH"",""review_reasons"":[""DROPEA_CARRIER_CODE_UNKNOWN"",""HUMAN_REVIEW"",""UNKNOWN_CARRIER_CODE""],""normalized_type"":""UNKNOWN""}",La incidencia hereda un c??digo GLS no verificado en el cat??logo.,La decisi??n queda bloqueada; no se permite automatizaci??n sobre la incidencia.,Resolver el hallazgo ra??z del c??digo y reevaluar este caso conservando su trazabilidad.,La incidencia obtiene clasificaci??n explicable o permanece UNKNOWN con bloqueo expl??cito.,,,Suleia Operations,,HIGH mientras siga sin clasificaci??n.,ord_6ce242910f87,iss_2e01803b208a,HUMAN_REVIEW,2026-07-13T15:28:43+00:00
SF-855801559800c49c,Incidencia GLS abstendida por c??digo desconocido,GLS_INCIDENT_REVIEW,HIGH,DUPLICATE,SF-51063007afc458c9,"{""risk"":""HIGH"",""priority"":""NORMAL"",""carrier_code"":""AS"",""review_reasons"":[""DROPEA_CARRIER_CODE_UNKNOWN"",""HUMAN_REVIEW"",""UNKNOWN_CARRIER_CODE""],""normalized_type"":""UNKNOWN""}",La incidencia hereda un c??digo GLS no verificado en el cat??logo.,La decisi??n queda bloqueada; no se permite automatizaci??n sobre la incidencia.,Resolver el hallazgo ra??z del c??digo y reevaluar este caso conservando su trazabilidad.,La incidencia obtiene clasificaci??n explicable o permanece UNKNOWN con bloqueo expl??cito.,,,Suleia Operations,,HIGH mientras siga sin clasificaci??n.,ord_ed458cdae287,iss_3fe5ee403a72,HUMAN_REVIEW,2026-07-06T16:25:33+00:00
SF-86983f8dcb91b5cc,Incidencia GLS abstendida por c??digo desconocido,GLS_INCIDENT_REVIEW,HIGH,DUPLICATE,SF-ff5d384657fee69c,"{""risk"":""HIGH"",""priority"":""NORMAL"",""carrier_code"":""SF"",""review_reasons"":[""DROPEA_CARRIER_CODE_UNKNOWN"",""HUMAN_REVIEW"",""UNKNOWN_CARRIER_CODE""],""normalized_type"":""UNKNOWN""}",La incidencia hereda un c??digo GLS no verificado en el cat??logo.,La decisi??n queda bloqueada; no se permite automatizaci??n sobre la incidencia.,Resolver el hallazgo ra??z del c??digo y reevaluar este caso conservando su trazabilidad.,La incidencia obtiene clasificaci??n explicable o permanece UNKNOWN con bloqueo expl??cito.,,,Suleia Operations,,HIGH mientras siga sin clasificaci??n.,ord_a0a37ae7878b,iss_e750297ffe60,HUMAN_REVIEW,2026-07-14T11:30:19+00:00
SF-8797ffbe0a3981b9,Incidencia GLS abstendida por c??digo desconocido,GLS_INCIDENT_REVIEW,HIGH,DUPLICATE,SF-6e82ccd32435fb0c,"{""risk"":""HIGH"",""priority"":""NORMAL"",""carrier_code"":""OTH"",""review_reasons"":[""DROPEA_CARRIER_CODE_UNKNOWN"",""HUMAN_REVIEW"",""UNKNOWN_CARRIER_CODE""],""normalized_type"":""UNKNOWN""}",La incidencia hereda un c??digo GLS no verificado en el cat??logo.,La decisi??n queda bloqueada; no se permite automatizaci??n sobre la incidencia.,Resolver el hallazgo ra??z del c??digo y reevaluar este caso conservando su trazabilidad.,La incidencia obtiene clasificaci??n explicable o permanece UNKNOWN con bloqueo expl??cito.,,,Suleia Operations,,HIGH mientras siga sin clasificaci??n.,ord_4374c4a53729,iss_bb4fe8197ca6,HUMAN_REVIEW,2026-07-29T15:22:57+00:00
SF-87b55cd5ab1bdcba,Incidencia GLS abstendida por c??digo desconocido,GLS_INCIDENT_REVIEW,HIGH,DUPLICATE,SF-ff5d384657fee69c,"{""risk"":""HIGH"",""priority"":""NORMAL"",""carrier_code"":""SF"",""review_reasons"":[""DROPEA_CARRIER_CODE_UNKNOWN"",""HUMAN_REVIEW"",""UNKNOWN_CARRIER_CODE""],""normalized_type"":""UNKNOWN""}",La incidencia hereda un c??digo GLS no verificado en el cat??logo.,La decisi??n queda bloqueada; no se permite automatizaci??n sobre la incidencia.,Resolver el hallazgo ra??z del c??digo y reevaluar este caso conservando su trazabilidad.,La incidencia obtiene clasificaci??n explicable o permanece UNKNOWN con bloqueo expl??cito.,,,Suleia Operations,,HIGH mientras siga sin clasificaci??n.,ord_bfa383383ece,iss_26229e80ee0c,HUMAN_REVIEW,2026-06-29T08:25:43+00:00
SF-889487736453b3cc,Incidencia GLS abstendida por c??digo desconocido,GLS_INCIDENT_REVIEW,HIGH,DUPLICATE,SF-ff5d384657fee69c,"{""risk"":""HIGH"",""priority"":""NORMAL"",""carrier_code"":""SF"",""review_reasons"":[""DROPEA_CARRIER_CODE_UNKNOWN"",""HUMAN_REVIEW"",""UNKNOWN_CARRIER_CODE""],""normalized_type"":""UNKNOWN""}",La incidencia hereda un c??digo GLS no verificado en el cat??logo.,La decisi??n queda bloqueada; no se permite automatizaci??n sobre la incidencia.,Resolver el hallazgo ra??z del c??digo y reevaluar este caso conservando su trazabilidad.,La incidencia obtiene clasificaci??n explicable o permanece UNKNOWN con bloqueo expl??cito.,,,Suleia Operations,,HIGH mientras siga sin clasificaci??n.,ord_35a6f1517d51,iss_60609dcdb13f,HUMAN_REVIEW,2026-07-03T11:28:21+00:00
SF-89551a03e1e0b2c1,Incidencia GLS abstendida por c??digo desconocido,GLS_INCIDENT_REVIEW,HIGH,DUPLICATE,SF-ce03ef85a845f191,"{""risk"":""HIGH"",""priority"":""NORMAL"",""carrier_code"":""-30"",""review_reasons"":[""DROPEA_CARRIER_CODE_UNKNOWN"",""HUMAN_REVIEW"",""UNKNOWN_CARRIER_CODE""],""normalized_type"":""UNKNOWN""}",La incidencia hereda un c??digo GLS no verificado en el cat??logo.,La decisi??n queda bloqueada; no se permite automatizaci??n sobre la incidencia.,Resolver el hallazgo ra??z del c??digo y reevaluar este caso conservando su trazabilidad.,La incidencia obtiene clasificaci??n explicable o permanece UNKNOWN con bloqueo expl??cito.,,,Suleia Operations,,HIGH mientras siga sin clasificaci??n.,ord_26e0f0aa3d8e,iss_65c514e30b20,HUMAN_REVIEW,2026-08-03T15:16:42.463+00:00
SF-89587a6edd33158e,Incidencia GLS abstendida por c??digo desconocido,GLS_INCIDENT_REVIEW,HIGH,DUPLICATE,SF-ff5d384657fee69c,"{""risk"":""HIGH"",""priority"":""NORMAL"",""carrier_code"":""SF"",""review_reasons"":[""DROPEA_CARRIER_CODE_UNKNOWN"",""HUMAN_REVIEW"",""UNKNOWN_CARRIER_CODE""],""normalized_type"":""UNKNOWN""}",La incidencia hereda un c??digo GLS no verificado en el cat??logo.,La decisi??n queda bloqueada; no se permite automatizaci??n sobre la incidencia.,Resolver el hallazgo ra??z del c??digo y reevaluar este caso conservando su trazabilidad.,La incidencia obtiene clasificaci??n explicable o permanece UNKNOWN con bloqueo expl??cito.,,,Suleia Operations,,HIGH mientras siga sin clasificaci??n.,ord_c31c5944eed1,iss_bd48c963b732,HUMAN_REVIEW,2026-07-14T11:21:55+00:00
SF-895bec8cb8323cca,Incidencia GLS abstendida por c??digo desconocido,GLS_INCIDENT_REVIEW,HIGH,DUPLICATE,SF-ff5d384657fee69c,"{""risk"":""HIGH"",""priority"":""NORMAL"",""carrier_code"":""SF"",""review_reasons"":[""DROPEA_CARRIER_CODE_UNKNOWN"",""HUMAN_REVIEW"",""UNKNOWN_CARRIER_CODE""],""normalized_type"":""UNKNOWN""}",La incidencia hereda un c??digo GLS no verificado en el cat??logo.,La decisi??n queda bloqueada; no se permite automatizaci??n sobre la incidencia.,Resolver el hallazgo ra??z del c??digo y reevaluar este caso conservando su trazabilidad.,La incidencia obtiene clasificaci??n explicable o permanece UNKNOWN con bloqueo expl??cito.,,,Suleia Operations,,HIGH mientras siga sin clasificaci??n.,ord_960783f756a9,iss_a43e4ff4499d,HUMAN_REVIEW,2026-07-10T14:23:29+00:00
SF-8982050d7c0a2e61,Incidencia GLS abstendida por c??digo desconocido,GLS_INCIDENT_REVIEW,HIGH,DUPLICATE,SF-51063007afc458c9,"{""risk"":""HIGH"",""priority"":""NORMAL"",""carrier_code"":""AS"",""review_reasons"":[""DROPEA_CARRIER_CODE_UNKNOWN"",""HUMAN_REVIEW"",""UNKNOWN_CARRIER_CODE""],""normalized_type"":""UNKNOWN""}",La incidencia hereda un c??digo GLS no verificado en el cat??logo.,La decisi??n queda bloqueada; no se permite automatizaci??n sobre la incidencia.,Resolver el hallazgo ra??z del c??digo y reevaluar este caso conservando su trazabilidad.,La incidencia obtiene clasificaci??n explicable o permanece UNKNOWN con bloqueo expl??cito.,,,Suleia Operations,,HIGH mientras siga sin clasificaci??n.,ord_4a62d2f8ade1,iss_fc501184628c,HUMAN_REVIEW,2026-07-28T19:23:23+00:00
SF-8bdc8ac86c040d31,Incidencia GLS abstendida por c??digo desconocido,GLS_INCIDENT_REVIEW,HIGH,DUPLICATE,SF-ff5d384657fee69c,"{""risk"":""HIGH"",""priority"":""NORMAL"",""carrier_code"":""SF"",""review_reasons"":[""DROPEA_CARRIER_CODE_UNKNOWN"",""HUMAN_REVIEW"",""UNKNOWN_CARRIER_CODE""],""normalized_type"":""UNKNOWN""}",La incidencia hereda un c??digo GLS no verificado en el cat??logo.,La decisi??n queda bloqueada; no se permite automatizaci??n sobre la incidencia.,Resolver el hallazgo ra??z del c??digo y reevaluar este caso conservando su trazabilidad.,La incidencia obtiene clasificaci??n explicable o permanece UNKNOWN con bloqueo expl??cito.,,,Suleia Operations,,HIGH mientras siga sin clasificaci??n.,ord_f077994f46c5,iss_70a6a962d109,HUMAN_REVIEW,2026-06-26T15:28:10+00:00
SF-8be95907dd536701,Incidencia GLS abstendida por c??digo desconocido,GLS_INCIDENT_REVIEW,HIGH,DUPLICATE,SF-51063007afc458c9,"{""risk"":""HIGH"",""priority"":""NORMAL"",""carrier_code"":""AS"",""review_reasons"":[""DROPEA_CARRIER_CODE_UNKNOWN"",""HUMAN_REVIEW"",""UNKNOWN_CARRIER_CODE""],""normalized_type"":""UNKNOWN""}",La incidencia hereda un c??digo GLS no verificado en el cat??logo.,La decisi??n queda bloqueada; no se permite automatizaci??n sobre la incidencia.,Resolver el hallazgo ra??z del c??digo y reevaluar este caso conservando su trazabilidad.,La incidencia obtiene clasificaci??n explicable o permanece UNKNOWN con bloqueo expl??cito.,,,Suleia Operations,,HIGH mientras siga sin clasificaci??n.,ord_a0d9b76d8a86,iss_4a06adfbe9e5,HUMAN_REVIEW,2026-07-13T16:03:40+00:00
SF-8c2a41bc2c8a8645,Incidencia GLS abstendida por c??digo desconocido,GLS_INCIDENT_REVIEW,HIGH,DUPLICATE,SF-ce03ef85a845f191,"{""risk"":""HIGH"",""priority"":""NORMAL"",""carrier_code"":""-30"",""review_reasons"":[""DROPEA_CARRIER_CODE_UNKNOWN"",""HUMAN_REVIEW"",""UNKNOWN_CARRIER_CODE""],""normalized_type"":""UNKNOWN""}",La incidencia hereda un c??digo GLS no verificado en el cat??logo.,La decisi??n queda bloqueada; no se permite automatizaci??n sobre la incidencia.,Resolver el hallazgo ra??z del c??digo y reevaluar este caso conservando su trazabilidad.,La incidencia obtiene clasificaci??n explicable o permanece UNKNOWN con bloqueo expl??cito.,,,Suleia Operations,,HIGH mientras siga sin clasificaci??n.,ord_6ef873f209aa,iss_bc40e79fe855,HUMAN_REVIEW,2026-08-06T15:57:29.46+00:00
SF-8d950c24faec06cc,Incidencia GLS abstendida por c??digo desconocido,GLS_INCIDENT_REVIEW,HIGH,DUPLICATE,SF-51063007afc458c9,"{""risk"":""HIGH"",""priority"":""NORMAL"",""carrier_code"":""AS"",""review_reasons"":[""DROPEA_CARRIER_CODE_UNKNOWN"",""HUMAN_REVIEW"",""UNKNOWN_CARRIER_CODE""],""normalized_type"":""UNKNOWN""}",La incidencia hereda un c??digo GLS no verificado en el cat??logo.,La decisi??n queda bloqueada; no se permite automatizaci??n sobre la incidencia.,Resolver el hallazgo ra??z del c??digo y reevaluar este caso conservando su trazabilidad.,La incidencia obtiene clasificaci??n explicable o permanece UNKNOWN con bloqueo expl??cito.,,,Suleia Operations,,HIGH mientras siga sin clasificaci??n.,ord_bbfd5956ee62,iss_ca629fc8064b,HUMAN_REVIEW,2026-07-27T19:26:13+00:00
SF-8f781eefa231ad0c,Incidencia GLS abstendida por c??digo desconocido,GLS_INCIDENT_REVIEW,HIGH,DUPLICATE,SF-ff5d384657fee69c,"{""risk"":""HIGH"",""priority"":""NORMAL"",""carrier_code"":""SF"",""review_reasons"":[""DROPEA_CARRIER_CODE_UNKNOWN"",""HUMAN_REVIEW"",""UNKNOWN_CARRIER_CODE""],""normalized_type"":""UNKNOWN""}",La incidencia hereda un c??digo GLS no verificado en el cat??logo.,La decisi??n queda bloqueada; no se permite automatizaci??n sobre la incidencia.,Resolver el hallazgo ra??z del c??digo y reevaluar este caso conservando su trazabilidad.,La incidencia obtiene clasificaci??n explicable o permanece UNKNOWN con bloqueo expl??cito.,,,Suleia Operations,,HIGH mientras siga sin clasificaci??n.,ord_e5244a319fbc,iss_4e1edea59ece,HUMAN_REVIEW,2026-07-10T15:27:19+00:00
SF-9174f199c9c2855f,Incidencia GLS abstendida por c??digo desconocido,GLS_INCIDENT_REVIEW,HIGH,DUPLICATE,SF-51063007afc458c9,"{""risk"":""HIGH"",""priority"":""NORMAL"",""carrier_code"":""AS"",""review_reasons"":[""DROPEA_CARRIER_CODE_UNKNOWN"",""HUMAN_REVIEW"",""UNKNOWN_CARRIER_CODE""],""normalized_type"":""UNKNOWN""}",La incidencia hereda un c??digo GLS no verificado en el cat??logo.,La decisi??n queda bloqueada; no se permite automatizaci??n sobre la incidencia.,Resolver el hallazgo ra??z del c??digo y reevaluar este caso conservando su trazabilidad.,La incidencia obtiene clasificaci??n explicable o permanece UNKNOWN con bloqueo expl??cito.,,,Suleia Operations,,HIGH mientras siga sin clasificaci??n.,ord_df6c49d9ea98,iss_81550bdb223d,HUMAN_REVIEW,2026-07-23T18:22:34+00:00
SF-92267612076f4ca8,Incidencia GLS abstendida por c??digo desconocido,GLS_INCIDENT_REVIEW,HIGH,DUPLICATE,SF-51063007afc458c9,"{""risk"":""HIGH"",""priority"":""NORMAL"",""carrier_code"":""AS"",""review_reasons"":[""DROPEA_CARRIER_CODE_UNKNOWN"",""HUMAN_REVIEW"",""UNKNOWN_CARRIER_CODE""],""normalized_type"":""UNKNOWN""}",La incidencia hereda un c??digo GLS no verificado en el cat??logo.,La decisi??n queda bloqueada; no se permite automatizaci??n sobre la incidencia.,Resolver el hallazgo ra??z del c??digo y reevaluar este caso conservando su trazabilidad.,La incidencia obtiene clasificaci??n explicable o permanece UNKNOWN con bloqueo expl??cito.,,,Suleia Operations,,HIGH mientras siga sin clasificaci??n.,ord_5863c1a99066,iss_6525b2bdd18f,HUMAN_REVIEW,2026-07-28T15:28:08+00:00
SF-923f3469faa4f424,Protecci??n operativa pendiente de revisi??n,OPERATIONAL_PROTECTIONS,WARNING,OPEN,,"{""risk"":""NOT_ASSESSED"",""priority"":""NORMAL"",""carrier_code"":null,""review_reasons"":[""PROTECTION_REVIEW""],""normalized_type"":null}",La protecci??n ha detectado una condici??n que requiere evaluaci??n humana antes de cualquier acci??n.,El pedido queda en revisi??n y no debe recibir una acci??n autom??tica.,Clasificar la protecci??n con evidencia vigente y documentar la decisi??n de riesgo.,La revisi??n produce estado VERIFIED o ACCEPTED_RISK sin ejecutar acciones.,,,Suleia Operations,,WARNING pendiente de evaluaci??n.,ord_ab37de0b5799,,HUMAN_REVIEW,2026-08-05T11:09:26.08+00:00
SF-931ab8faed06cc7c,Incidencia GLS abstendida por c??digo desconocido,GLS_INCIDENT_REVIEW,HIGH,DUPLICATE,SF-ce03ef85a845f191,"{""risk"":""HIGH"",""priority"":""NORMAL"",""carrier_code"":""-30"",""review_reasons"":[""DROPEA_CARRIER_CODE_UNKNOWN"",""HUMAN_REVIEW"",""UNKNOWN_CARRIER_CODE""],""normalized_type"":""UNKNOWN""}",La incidencia hereda un c??digo GLS no verificado en el cat??logo.,La decisi??n queda bloqueada; no se permite automatizaci??n sobre la incidencia.,Resolver el hallazgo ra??z del c??digo y reevaluar este caso conservando su trazabilidad.,La incidencia obtiene clasificaci??n explicable o permanece UNKNOWN con bloqueo expl??cito.,,,Suleia Operations,,HIGH mientras siga sin clasificaci??n.,ord_371ef2a3b18f,iss_fe77facd35ab,HUMAN_REVIEW,2026-07-24T22:11:12.02+00:00
SF-96c35fe52939946f,Incidencia GLS abstendida por c??digo desconocido,GLS_INCIDENT_REVIEW,HIGH,DUPLICATE,SF-51063007afc458c9,"{""risk"":""HIGH"",""priority"":""NORMAL"",""carrier_code"":""AS"",""review_reasons"":[""DROPEA_CARRIER_CODE_UNKNOWN"",""HUMAN_REVIEW"",""UNKNOWN_CARRIER_CODE""],""normalized_type"":""UNKNOWN""}",La incidencia hereda un c??digo GLS no verificado en el cat??logo.,La decisi??n queda bloqueada; no se permite automatizaci??n sobre la incidencia.,Resolver el hallazgo ra??z del c??digo y reevaluar este caso conservando su trazabilidad.,La incidencia obtiene clasificaci??n explicable o permanece UNKNOWN con bloqueo expl??cito.,,,Suleia Operations,,HIGH mientras siga sin clasificaci??n.,ord_5ca52e771b2a,iss_7baf73eeeeb9,HUMAN_REVIEW,2026-07-28T15:26:54+00:00
SF-96c3ed47469ef964,Incidencia GLS abstendida por c??digo desconocido,GLS_INCIDENT_REVIEW,HIGH,DUPLICATE,SF-ff5d384657fee69c,"{""risk"":""HIGH"",""priority"":""NORMAL"",""carrier_code"":""SF"",""review_reasons"":[""DROPEA_CARRIER_CODE_UNKNOWN"",""HUMAN_REVIEW"",""UNKNOWN_CARRIER_CODE""],""normalized_type"":""UNKNOWN""}",La incidencia hereda un c??digo GLS no verificado en el cat??logo.,La decisi??n queda bloqueada; no se permite automatizaci??n sobre la incidencia.,Resolver el hallazgo ra??z del c??digo y reevaluar este caso conservando su trazabilidad.,La incidencia obtiene clasificaci??n explicable o permanece UNKNOWN con bloqueo expl??cito.,,,Suleia Operations,,HIGH mientras siga sin clasificaci??n.,ord_62dffb00acee,iss_8071b60b1e3c,HUMAN_REVIEW,2026-07-07T23:23:10+00:00
SF-9797c042b8e509ec,Incidencia GLS abstendida por c??digo desconocido,GLS_INCIDENT_REVIEW,HIGH,DUPLICATE,SF-51063007afc458c9,"{""risk"":""HIGH"",""priority"":""NORMAL"",""carrier_code"":""AS"",""review_reasons"":[""DROPEA_CARRIER_CODE_UNKNOWN"",""HUMAN_REVIEW"",""UNKNOWN_CARRIER_CODE""],""normalized_type"":""UNKNOWN""}",La incidencia hereda un c??digo GLS no verificado en el cat??logo.,La decisi??n queda bloqueada; no se permite automatizaci??n sobre la incidencia.,Resolver el hallazgo ra??z del c??digo y reevaluar este caso conservando su trazabilidad.,La incidencia obtiene clasificaci??n explicable o permanece UNKNOWN con bloqueo expl??cito.,,,Suleia Operations,,HIGH mientras siga sin clasificaci??n.,ord_0307a68bcd76,iss_df35ec5f0e4e,HUMAN_REVIEW,2026-07-29T14:34:22+00:00
SF-9807643aff9e2b74,Incidencia GLS abstendida por c??digo desconocido,GLS_INCIDENT_REVIEW,HIGH,DUPLICATE,SF-51063007afc458c9,"{""risk"":""HIGH"",""priority"":""NORMAL"",""carrier_code"":""AS"",""review_reasons"":[""DROPEA_CARRIER_CODE_UNKNOWN"",""HUMAN_REVIEW"",""UNKNOWN_CARRIER_CODE""],""normalized_type"":""UNKNOWN""}",La incidencia hereda un c??digo GLS no verificado en el cat??logo.,La decisi??n queda bloqueada; no se permite automatizaci??n sobre la incidencia.,Resolver el hallazgo ra??z del c??digo y reevaluar este caso conservando su trazabilidad.,La incidencia obtiene clasificaci??n explicable o permanece UNKNOWN con bloqueo expl??cito.,,,Suleia Operations,,HIGH mientras siga sin clasificaci??n.,ord_394e7e29d607,iss_9f33705d3e3a,HUMAN_REVIEW,2026-07-15T22:20:06+00:00
SF-98ce0a17fb1d1b87,Incidencia GLS abstendida por c??digo desconocido,GLS_INCIDENT_REVIEW,HIGH,DUPLICATE,SF-51063007afc458c9,"{""risk"":""HIGH"",""priority"":""NORMAL"",""carrier_code"":""AS"",""review_reasons"":[""DROPEA_CARRIER_CODE_UNKNOWN"",""HUMAN_REVIEW"",""UNKNOWN_CARRIER_CODE""],""normalized_type"":""UNKNOWN""}",La incidencia hereda un c??digo GLS no verificado en el cat??logo.,La decisi??n queda bloqueada; no se permite automatizaci??n sobre la incidencia.,Resolver el hallazgo ra??z del c??digo y reevaluar este caso conservando su trazabilidad.,La incidencia obtiene clasificaci??n explicable o permanece UNKNOWN con bloqueo expl??cito.,,,Suleia Operations,,HIGH mientras siga sin clasificaci??n.,ord_fa27839f675e,iss_cca4ffe59265,HUMAN_REVIEW,2026-07-07T11:28:06+00:00
SF-9a93011fcef85a67,Protecci??n operativa pendiente de revisi??n,OPERATIONAL_PROTECTIONS,WARNING,OPEN,,"{""risk"":""NOT_ASSESSED"",""priority"":""NORMAL"",""carrier_code"":null,""review_reasons"":[""PROTECTION_REVIEW""],""normalized_type"":null}",La protecci??n ha detectado una condici??n que requiere evaluaci??n humana antes de cualquier acci??n.,El pedido queda en revisi??n y no debe recibir una acci??n autom??tica.,Clasificar la protecci??n con evidencia vigente y documentar la decisi??n de riesgo.,La revisi??n produce estado VERIFIED o ACCEPTED_RISK sin ejecutar acciones.,,,Suleia Operations,,WARNING pendiente de evaluaci??n.,ord_ee3f071d1fbf,,HUMAN_REVIEW,2026-08-05T11:09:27.203+00:00
SF-9b55ac9250434047,Incidencia GLS abstendida por c??digo desconocido,GLS_INCIDENT_REVIEW,HIGH,DUPLICATE,SF-51063007afc458c9,"{""risk"":""HIGH"",""priority"":""NORMAL"",""carrier_code"":""AS"",""review_reasons"":[""DROPEA_CARRIER_CODE_UNKNOWN"",""HUMAN_REVIEW"",""UNKNOWN_CARRIER_CODE""],""normalized_type"":""UNKNOWN""}",La incidencia hereda un c??digo GLS no verificado en el cat??logo.,La decisi??n queda bloqueada; no se permite automatizaci??n sobre la incidencia.,Resolver el hallazgo ra??z del c??digo y reevaluar este caso conservando su trazabilidad.,La incidencia obtiene clasificaci??n explicable o permanece UNKNOWN con bloqueo expl??cito.,,,Suleia Operations,,HIGH mientras siga sin clasificaci??n.,ord_b99c549c1ea9,iss_1a03cbc77022,HUMAN_REVIEW,2026-07-09T10:26:30+00:00
SF-9cfa6520c2eb553f,Incidencia GLS abstendida por c??digo desconocido,GLS_INCIDENT_REVIEW,HIGH,DUPLICATE,SF-ce03ef85a845f191,"{""risk"":""HIGH"",""priority"":""NORMAL"",""carrier_code"":""-30"",""review_reasons"":[""DROPEA_CARRIER_CODE_UNKNOWN"",""HUMAN_REVIEW"",""UNKNOWN_CARRIER_CODE""],""normalized_type"":""UNKNOWN""}",La incidencia hereda un c??digo GLS no verificado en el cat??logo.,La decisi??n queda bloqueada; no se permite automatizaci??n sobre la incidencia.,Resolver el hallazgo ra??z del c??digo y reevaluar este caso conservando su trazabilidad.,La incidencia obtiene clasificaci??n explicable o permanece UNKNOWN con bloqueo expl??cito.,,,Suleia Operations,,HIGH mientras siga sin clasificaci??n.,ord_22032afe2d4c,iss_143cbb3e7348,HUMAN_REVIEW,2026-08-04T12:34:35.216+00:00
SF-9e0f25598addaf57,Incidencia GLS abstendida por c??digo desconocido,GLS_INCIDENT_REVIEW,HIGH,DUPLICATE,SF-ce03ef85a845f191,"{""risk"":""HIGH"",""priority"":""NORMAL"",""carrier_code"":""-30"",""review_reasons"":[""DROPEA_CARRIER_CODE_UNKNOWN"",""HUMAN_REVIEW"",""UNKNOWN_CARRIER_CODE""],""normalized_type"":""UNKNOWN""}",La incidencia hereda un c??digo GLS no verificado en el cat??logo.,La decisi??n queda bloqueada; no se permite automatizaci??n sobre la incidencia.,Resolver el hallazgo ra??z del c??digo y reevaluar este caso conservando su trazabilidad.,La incidencia obtiene clasificaci??n explicable o permanece UNKNOWN con bloqueo expl??cito.,,,Suleia Operations,,HIGH mientras siga sin clasificaci??n.,ord_1ef9e718953a,iss_1b5c4e25b0cd,HUMAN_REVIEW,2026-08-07T13:33:15.512+00:00
SF-9e17af4598f6fa1d,Incidencia GLS abstendida por c??digo desconocido,GLS_INCIDENT_REVIEW,HIGH,DUPLICATE,SF-6e82ccd32435fb0c,"{""risk"":""HIGH"",""priority"":""NORMAL"",""carrier_code"":""OTH"",""review_reasons"":[""DROPEA_CARRIER_CODE_UNKNOWN"",""HUMAN_REVIEW"",""UNKNOWN_CARRIER_CODE""],""normalized_type"":""UNKNOWN""}",La incidencia hereda un c??digo GLS no verificado en el cat??logo.,La decisi??n queda bloqueada; no se permite automatizaci??n sobre la incidencia.,Resolver el hallazgo ra??z del c??digo y reevaluar este caso conservando su trazabilidad.,La incidencia obtiene clasificaci??n explicable o permanece UNKNOWN con bloqueo expl??cito.,,,Suleia Operations,,HIGH mientras siga sin clasificaci??n.,ord_0530aa5f2b5f,iss_eebb960f3e7f,HUMAN_REVIEW,2026-07-15T15:27:33+00:00
SF-9f3a4f9eab31d7c1,C??digo GLS sin clasificaci??n verificada,GLS_NORMALIZATION,HIGH,OPEN,,"{""code"":""SOLICITUD DE DEVOLUCI?N"",""market"":""ES"",""carrier"":""GLS""}",El cat??logo GLS no contiene una asignaci??n MAPPED o VERIFIED para el c??digo observado.,La incidencia debe abstenerse de una decisi??n autom??tica y requiere revisi??n humana.,Crear una entrada versionada solo despu??s de validar evidencia GLS positiva y negativa.,"El c??digo queda clasificado con evidencia, versi??n y pruebas; UNKNOWN permanece bloqueado.",,,Suleia Operations,,HIGH hasta validar el cat??logo.,,,RECONCILIATION,2026-08-09T07:08:32.683+00:00
SF-a30fb582ca56123b,Incidencia GLS abstendida por c??digo desconocido,GLS_INCIDENT_REVIEW,HIGH,DUPLICATE,SF-51063007afc458c9,"{""risk"":""HIGH"",""priority"":""NORMAL"",""carrier_code"":""AS"",""review_reasons"":[""DROPEA_CARRIER_CODE_UNKNOWN"",""HUMAN_REVIEW"",""UNKNOWN_CARRIER_CODE""],""normalized_type"":""UNKNOWN""}",La incidencia hereda un c??digo GLS no verificado en el cat??logo.,La decisi??n queda bloqueada; no se permite automatizaci??n sobre la incidencia.,Resolver el hallazgo ra??z del c??digo y reevaluar este caso conservando su trazabilidad.,La incidencia obtiene clasificaci??n explicable o permanece UNKNOWN con bloqueo expl??cito.,,,Suleia Operations,,HIGH mientras siga sin clasificaci??n.,ord_4c3d7bbc5326,iss_0fefad27410d,HUMAN_REVIEW,2026-07-24T18:21:19+00:00
SF-a3c80d910b2e6b81,Incidencia GLS abstendida por c??digo desconocido,GLS_INCIDENT_REVIEW,HIGH,DUPLICATE,SF-6e82ccd32435fb0c,"{""risk"":""HIGH"",""priority"":""NORMAL"",""carrier_code"":""OTH"",""review_reasons"":[""DROPEA_CARRIER_CODE_UNKNOWN"",""HUMAN_REVIEW"",""UNKNOWN_CARRIER_CODE""],""normalized_type"":""UNKNOWN""}",La incidencia hereda un c??digo GLS no verificado en el cat??logo.,La decisi??n queda bloqueada; no se permite automatizaci??n sobre la incidencia.,Resolver el hallazgo ra??z del c??digo y reevaluar este caso conservando su trazabilidad.,La incidencia obtiene clasificaci??n explicable o permanece UNKNOWN con bloqueo expl??cito.,,,Suleia Operations,,HIGH mientras siga sin clasificaci??n.,ord_e9178e0859fb,iss_6b03dcd26289,HUMAN_REVIEW,2026-07-20T19:25:53+00:00
SF-a77ce318093a6100,Incidencia GLS abstendida por c??digo desconocido,GLS_INCIDENT_REVIEW,HIGH,DUPLICATE,SF-ce03ef85a845f191,"{""risk"":""HIGH"",""priority"":""NORMAL"",""carrier_code"":""-30"",""review_reasons"":[""DROPEA_CARRIER_CODE_UNKNOWN"",""HUMAN_REVIEW"",""UNKNOWN_CARRIER_CODE""],""normalized_type"":""UNKNOWN""}",La incidencia hereda un c??digo GLS no verificado en el cat??logo.,La decisi??n queda bloqueada; no se permite automatizaci??n sobre la incidencia.,Resolver el hallazgo ra??z del c??digo y reevaluar este caso conservando su trazabilidad.,La incidencia obtiene clasificaci??n explicable o permanece UNKNOWN con bloqueo expl??cito.,,,Suleia Operations,,HIGH mientras siga sin clasificaci??n.,ord_590fabbce557,iss_7e75075707d9,HUMAN_REVIEW,2026-08-03T13:54:58.199+00:00
SF-abc1971618c10330,Incidencia GLS abstendida por c??digo desconocido,GLS_INCIDENT_REVIEW,HIGH,DUPLICATE,SF-51063007afc458c9,"{""risk"":""HIGH"",""priority"":""NORMAL"",""carrier_code"":""AS"",""review_reasons"":[""DROPEA_CARRIER_CODE_UNKNOWN"",""HUMAN_REVIEW"",""UNKNOWN_CARRIER_CODE""],""normalized_type"":""UNKNOWN""}",La incidencia hereda un c??digo GLS no verificado en el cat??logo.,La decisi??n queda bloqueada; no se permite automatizaci??n sobre la incidencia.,Resolver el hallazgo ra??z del c??digo y reevaluar este caso conservando su trazabilidad.,La incidencia obtiene clasificaci??n explicable o permanece UNKNOWN con bloqueo expl??cito.,,,Suleia Operations,,HIGH mientras siga sin clasificaci??n.,ord_452ff97f4516,iss_72747a253b4c,HUMAN_REVIEW,2026-07-13T16:26:44+00:00
SF-ae13fb772237e1c7,Incidencia GLS abstendida por c??digo desconocido,GLS_INCIDENT_REVIEW,HIGH,DUPLICATE,SF-ff5d384657fee69c,"{""risk"":""HIGH"",""priority"":""NORMAL"",""carrier_code"":""SF"",""review_reasons"":[""DROPEA_CARRIER_CODE_UNKNOWN"",""HUMAN_REVIEW"",""UNKNOWN_CARRIER_CODE""],""normalized_type"":""UNKNOWN""}",La incidencia hereda un c??digo GLS no verificado en el cat??logo.,La decisi??n queda bloqueada; no se permite automatizaci??n sobre la incidencia.,Resolver el hallazgo ra??z del c??digo y reevaluar este caso conservando su trazabilidad.,La incidencia obtiene clasificaci??n explicable o permanece UNKNOWN con bloqueo expl??cito.,,,Suleia Operations,,HIGH mientras siga sin clasificaci??n.,ord_75e9069d9da0,iss_20f1d7e3d4f0,HUMAN_REVIEW,2026-07-13T18:17:12+00:00
SF-ae6f0bd14f3c8d8a,Incidencia GLS abstendida por c??digo desconocido,GLS_INCIDENT_REVIEW,HIGH,DUPLICATE,SF-51063007afc458c9,"{""risk"":""HIGH"",""priority"":""NORMAL"",""carrier_code"":""AS"",""review_reasons"":[""DROPEA_CARRIER_CODE_UNKNOWN"",""HUMAN_REVIEW"",""UNKNOWN_CARRIER_CODE""],""normalized_type"":""UNKNOWN""}",La incidencia hereda un c??digo GLS no verificado en el cat??logo.,La decisi??n queda bloqueada; no se permite automatizaci??n sobre la incidencia.,Resolver el hallazgo ra??z del c??digo y reevaluar este caso conservando su trazabilidad.,La incidencia obtiene clasificaci??n explicable o permanece UNKNOWN con bloqueo expl??cito.,,,Suleia Operations,,HIGH mientras siga sin clasificaci??n.,ord_50b5f76d69c9,iss_c1880c5624b4,HUMAN_REVIEW,2026-06-26T15:29:21+00:00
SF-aec6f05d4c53376e,Protecci??n operativa pendiente de revisi??n,OPERATIONAL_PROTECTIONS,WARNING,OPEN,,"{""risk"":""NOT_ASSESSED"",""priority"":""NORMAL"",""carrier_code"":null,""review_reasons"":[""PROTECTION_REVIEW""],""normalized_type"":null}",La protecci??n ha detectado una condici??n que requiere evaluaci??n humana antes de cualquier acci??n.,El pedido queda en revisi??n y no debe recibir una acci??n autom??tica.,Clasificar la protecci??n con evidencia vigente y documentar la decisi??n de riesgo.,La revisi??n produce estado VERIFIED o ACCEPTED_RISK sin ejecutar acciones.,,,Suleia Operations,,WARNING pendiente de evaluaci??n.,ord_bc2f66415f56,,HUMAN_REVIEW,2026-08-05T11:09:27.558+00:00
SF-aed43d6b863c6630,Incidencia GLS abstendida por c??digo desconocido,GLS_INCIDENT_REVIEW,HIGH,DUPLICATE,SF-51063007afc458c9,"{""risk"":""HIGH"",""priority"":""NORMAL"",""carrier_code"":""AS"",""review_reasons"":[""DROPEA_CARRIER_CODE_UNKNOWN"",""HUMAN_REVIEW"",""UNKNOWN_CARRIER_CODE""],""normalized_type"":""UNKNOWN""}",La incidencia hereda un c??digo GLS no verificado en el cat??logo.,La decisi??n queda bloqueada; no se permite automatizaci??n sobre la incidencia.,Resolver el hallazgo ra??z del c??digo y reevaluar este caso conservando su trazabilidad.,La incidencia obtiene clasificaci??n explicable o permanece UNKNOWN con bloqueo expl??cito.,,,Suleia Operations,,HIGH mientras siga sin clasificaci??n.,ord_94866d3ed1b2,iss_57d670e6cf25,HUMAN_REVIEW,2026-07-06T11:27:24+00:00
SF-aeeef68361af637b,Incidencia GLS abstendida por c??digo desconocido,GLS_INCIDENT_REVIEW,HIGH,DUPLICATE,SF-51063007afc458c9,"{""risk"":""HIGH"",""priority"":""NORMAL"",""carrier_code"":""AS"",""review_reasons"":[""DROPEA_CARRIER_CODE_UNKNOWN"",""HUMAN_REVIEW"",""UNKNOWN_CARRIER_CODE""],""normalized_type"":""UNKNOWN""}",La incidencia hereda un c??digo GLS no verificado en el cat??logo.,La decisi??n queda bloqueada; no se permite automatizaci??n sobre la incidencia.,Resolver el hallazgo ra??z del c??digo y reevaluar este caso conservando su trazabilidad.,La incidencia obtiene clasificaci??n explicable o permanece UNKNOWN con bloqueo expl??cito.,,,Suleia Operations,,HIGH mientras siga sin clasificaci??n.,ord_9dbad94fb089,iss_e7151a0fc5cc,HUMAN_REVIEW,2026-07-07T12:29:21+00:00
SF-b03a3e844bb1e356,Incidencia GLS abstendida por c??digo desconocido,GLS_INCIDENT_REVIEW,HIGH,DUPLICATE,SF-ff5d384657fee69c,"{""risk"":""HIGH"",""priority"":""NORMAL"",""carrier_code"":""SF"",""review_reasons"":[""DROPEA_CARRIER_CODE_UNKNOWN"",""HUMAN_REVIEW"",""UNKNOWN_CARRIER_CODE""],""normalized_type"":""UNKNOWN""}",La incidencia hereda un c??digo GLS no verificado en el cat??logo.,La decisi??n queda bloqueada; no se permite automatizaci??n sobre la incidencia.,Resolver el hallazgo ra??z del c??digo y reevaluar este caso conservando su trazabilidad.,La incidencia obtiene clasificaci??n explicable o permanece UNKNOWN con bloqueo expl??cito.,,,Suleia Operations,,HIGH mientras siga sin clasificaci??n.,ord_026e51fa5ec7,iss_94e76508df23,HUMAN_REVIEW,2026-07-20T14:25:37+00:00
SF-b258a57219217001,Incidencia GLS abstendida por c??digo desconocido,GLS_INCIDENT_REVIEW,HIGH,DUPLICATE,SF-ff5d384657fee69c,"{""risk"":""HIGH"",""priority"":""NORMAL"",""carrier_code"":""SF"",""review_reasons"":[""DROPEA_CARRIER_CODE_UNKNOWN"",""HUMAN_REVIEW"",""UNKNOWN_CARRIER_CODE""],""normalized_type"":""UNKNOWN""}",La incidencia hereda un c??digo GLS no verificado en el cat??logo.,La decisi??n queda bloqueada; no se permite automatizaci??n sobre la incidencia.,Resolver el hallazgo ra??z del c??digo y reevaluar este caso conservando su trazabilidad.,La incidencia obtiene clasificaci??n explicable o permanece UNKNOWN con bloqueo expl??cito.,,,Suleia Operations,,HIGH mientras siga sin clasificaci??n.,ord_13be9f341c2c,iss_59bbc36a443d,HUMAN_REVIEW,2026-07-10T10:25:38+00:00
SF-b265d5a7cc56b807,Incidencia GLS abstendida por c??digo desconocido,GLS_INCIDENT_REVIEW,HIGH,DUPLICATE,SF-ff5d384657fee69c,"{""risk"":""HIGH"",""priority"":""NORMAL"",""carrier_code"":""SF"",""review_reasons"":[""DROPEA_CARRIER_CODE_UNKNOWN"",""HUMAN_REVIEW"",""UNKNOWN_CARRIER_CODE""],""normalized_type"":""UNKNOWN""}",La incidencia hereda un c??digo GLS no verificado en el cat??logo.,La decisi??n queda bloqueada; no se permite automatizaci??n sobre la incidencia.,Resolver el hallazgo ra??z del c??digo y reevaluar este caso conservando su trazabilidad.,La incidencia obtiene clasificaci??n explicable o permanece UNKNOWN con bloqueo expl??cito.,,,Suleia Operations,,HIGH mientras siga sin clasificaci??n.,ord_77500e008008,iss_b4379de06489,HUMAN_REVIEW,2026-07-09T18:23:50+00:00
SF-b31f273ea45ed66e,Incidencia GLS abstendida por c??digo desconocido,GLS_INCIDENT_REVIEW,HIGH,DUPLICATE,SF-51063007afc458c9,"{""risk"":""HIGH"",""priority"":""NORMAL"",""carrier_code"":""AS"",""review_reasons"":[""DROPEA_CARRIER_CODE_UNKNOWN"",""HUMAN_REVIEW"",""UNKNOWN_CARRIER_CODE""],""normalized_type"":""UNKNOWN""}",La incidencia hereda un c??digo GLS no verificado en el cat??logo.,La decisi??n queda bloqueada; no se permite automatizaci??n sobre la incidencia.,Resolver el hallazgo ra??z del c??digo y reevaluar este caso conservando su trazabilidad.,La incidencia obtiene clasificaci??n explicable o permanece UNKNOWN con bloqueo expl??cito.,,,Suleia Operations,,HIGH mientras siga sin clasificaci??n.,ord_4ad673dc2571,iss_541b1e4c6fdb,HUMAN_REVIEW,2026-07-17T09:14:25+00:00
SF-b4797a3cdb227c84,Incidencia GLS abstendida por c??digo desconocido,GLS_INCIDENT_REVIEW,HIGH,DUPLICATE,SF-6e82ccd32435fb0c,"{""risk"":""HIGH"",""priority"":""NORMAL"",""carrier_code"":""OTH"",""review_reasons"":[""DROPEA_CARRIER_CODE_UNKNOWN"",""HUMAN_REVIEW"",""UNKNOWN_CARRIER_CODE""],""normalized_type"":""UNKNOWN""}",La incidencia hereda un c??digo GLS no verificado en el cat??logo.,La decisi??n queda bloqueada; no se permite automatizaci??n sobre la incidencia.,Resolver el hallazgo ra??z del c??digo y reevaluar este caso conservando su trazabilidad.,La incidencia obtiene clasificaci??n explicable o permanece UNKNOWN con bloqueo expl??cito.,,,Suleia Operations,,HIGH mientras siga sin clasificaci??n.,ord_55f699c5edba,iss_ba2bf9d23ff2,HUMAN_REVIEW,2026-07-21T15:31:01+00:00
SF-b5662f1bc09d72d5,Incidencia GLS abstendida por c??digo desconocido,GLS_INCIDENT_REVIEW,HIGH,DUPLICATE,SF-ff5d384657fee69c,"{""risk"":""HIGH"",""priority"":""NORMAL"",""carrier_code"":""SF"",""review_reasons"":[""DROPEA_CARRIER_CODE_UNKNOWN"",""HUMAN_REVIEW"",""UNKNOWN_CARRIER_CODE""],""normalized_type"":""UNKNOWN""}",La incidencia hereda un c??digo GLS no verificado en el cat??logo.,La decisi??n queda bloqueada; no se permite automatizaci??n sobre la incidencia.,Resolver el hallazgo ra??z del c??digo y reevaluar este caso conservando su trazabilidad.,La incidencia obtiene clasificaci??n explicable o permanece UNKNOWN con bloqueo expl??cito.,,,Suleia Operations,,HIGH mientras siga sin clasificaci??n.,ord_41b66ba06e77,iss_bf94a898df79,HUMAN_REVIEW,2026-07-01T11:30:57+00:00
SF-b74025c970432aee,Incidencia GLS abstendida por c??digo desconocido,GLS_INCIDENT_REVIEW,HIGH,DUPLICATE,SF-51063007afc458c9,"{""risk"":""HIGH"",""priority"":""NORMAL"",""carrier_code"":""AS"",""review_reasons"":[""DROPEA_CARRIER_CODE_UNKNOWN"",""HUMAN_REVIEW"",""UNKNOWN_CARRIER_CODE""],""normalized_type"":""UNKNOWN""}",La incidencia hereda un c??digo GLS no verificado en el cat??logo.,La decisi??n queda bloqueada; no se permite automatizaci??n sobre la incidencia.,Resolver el hallazgo ra??z del c??digo y reevaluar este caso conservando su trazabilidad.,La incidencia obtiene clasificaci??n explicable o permanece UNKNOWN con bloqueo expl??cito.,,,Suleia Operations,,HIGH mientras siga sin clasificaci??n.,ord_5c30f7b2ad39,iss_6d96c94217e0,HUMAN_REVIEW,2026-07-03T15:25:34+00:00
SF-b8eb213a87a66adc,Incidencia GLS abstendida por c??digo desconocido,GLS_INCIDENT_REVIEW,HIGH,DUPLICATE,SF-51063007afc458c9,"{""risk"":""HIGH"",""priority"":""NORMAL"",""carrier_code"":""AS"",""review_reasons"":[""DROPEA_CARRIER_CODE_UNKNOWN"",""HUMAN_REVIEW"",""UNKNOWN_CARRIER_CODE""],""normalized_type"":""UNKNOWN""}",La incidencia hereda un c??digo GLS no verificado en el cat??logo.,La decisi??n queda bloqueada; no se permite automatizaci??n sobre la incidencia.,Resolver el hallazgo ra??z del c??digo y reevaluar este caso conservando su trazabilidad.,La incidencia obtiene clasificaci??n explicable o permanece UNKNOWN con bloqueo expl??cito.,,,Suleia Operations,,HIGH mientras siga sin clasificaci??n.,ord_6563e47bd615,iss_0f0a09862f9f,HUMAN_REVIEW,2026-06-30T15:31:08+00:00
SF-badfd8db8c7a9d4d,Incidencia GLS abstendida por c??digo desconocido,GLS_INCIDENT_REVIEW,HIGH,DUPLICATE,SF-ff5d384657fee69c,"{""risk"":""HIGH"",""priority"":""NORMAL"",""carrier_code"":""SF"",""review_reasons"":[""DROPEA_CARRIER_CODE_UNKNOWN"",""HUMAN_REVIEW"",""UNKNOWN_CARRIER_CODE""],""normalized_type"":""UNKNOWN""}",La incidencia hereda un c??digo GLS no verificado en el cat??logo.,La decisi??n queda bloqueada; no se permite automatizaci??n sobre la incidencia.,Resolver el hallazgo ra??z del c??digo y reevaluar este caso conservando su trazabilidad.,La incidencia obtiene clasificaci??n explicable o permanece UNKNOWN con bloqueo expl??cito.,,,Suleia Operations,,HIGH mientras siga sin clasificaci??n.,ord_a2fe79884cdf,iss_854463782f3f,HUMAN_REVIEW,2026-06-30T23:24:40+00:00
SF-bc0cce6c319c4dca,Incidencia GLS abstendida por c??digo desconocido,GLS_INCIDENT_REVIEW,HIGH,DUPLICATE,SF-ff5d384657fee69c,"{""risk"":""HIGH"",""priority"":""NORMAL"",""carrier_code"":""SF"",""review_reasons"":[""DROPEA_CARRIER_CODE_UNKNOWN"",""HUMAN_REVIEW"",""UNKNOWN_CARRIER_CODE""],""normalized_type"":""UNKNOWN""}",La incidencia hereda un c??digo GLS no verificado en el cat??logo.,La decisi??n queda bloqueada; no se permite automatizaci??n sobre la incidencia.,Resolver el hallazgo ra??z del c??digo y reevaluar este caso conservando su trazabilidad.,La incidencia obtiene clasificaci??n explicable o permanece UNKNOWN con bloqueo expl??cito.,,,Suleia Operations,,HIGH mientras siga sin clasificaci??n.,ord_8f3fba911b02,iss_23e693f9ab93,HUMAN_REVIEW,2026-07-20T09:16:04+00:00
SF-bc56e5200ab4055e,Incidencia GLS abstendida por c??digo desconocido,GLS_INCIDENT_REVIEW,HIGH,DUPLICATE,SF-51063007afc458c9,"{""risk"":""HIGH"",""priority"":""NORMAL"",""carrier_code"":""AS"",""review_reasons"":[""DROPEA_CARRIER_CODE_UNKNOWN"",""HUMAN_REVIEW"",""UNKNOWN_CARRIER_CODE""],""normalized_type"":""UNKNOWN""}",La incidencia hereda un c??digo GLS no verificado en el cat??logo.,La decisi??n queda bloqueada; no se permite automatizaci??n sobre la incidencia.,Resolver el hallazgo ra??z del c??digo y reevaluar este caso conservando su trazabilidad.,La incidencia obtiene clasificaci??n explicable o permanece UNKNOWN con bloqueo expl??cito.,,,Suleia Operations,,HIGH mientras siga sin clasificaci??n.,ord_7d8437b12912,iss_7bd0905d6140,HUMAN_REVIEW,2026-06-29T11:25:47+00:00
SF-bc8e8b0d881630d4,Incidencia GLS abstendida por c??digo desconocido,GLS_INCIDENT_REVIEW,HIGH,DUPLICATE,SF-6e82ccd32435fb0c,"{""risk"":""HIGH"",""priority"":""NORMAL"",""carrier_code"":""OTH"",""review_reasons"":[""DROPEA_CARRIER_CODE_UNKNOWN"",""HUMAN_REVIEW"",""UNKNOWN_CARRIER_CODE""],""normalized_type"":""UNKNOWN""}",La incidencia hereda un c??digo GLS no verificado en el cat??logo.,La decisi??n queda bloqueada; no se permite automatizaci??n sobre la incidencia.,Resolver el hallazgo ra??z del c??digo y reevaluar este caso conservando su trazabilidad.,La incidencia obtiene clasificaci??n explicable o permanece UNKNOWN con bloqueo expl??cito.,,,Suleia Operations,,HIGH mientras siga sin clasificaci??n.,ord_92ea1949d853,iss_6e1a0c95409d,HUMAN_REVIEW,2026-06-26T11:27:41+00:00
SF-bd2898239f20d4b8,Incidencia GLS abstendida por c??digo desconocido,GLS_INCIDENT_REVIEW,HIGH,DUPLICATE,SF-ff5d384657fee69c,"{""risk"":""HIGH"",""priority"":""NORMAL"",""carrier_code"":""SF"",""review_reasons"":[""DROPEA_CARRIER_CODE_UNKNOWN"",""HUMAN_REVIEW"",""UNKNOWN_CARRIER_CODE""],""normalized_type"":""UNKNOWN""}",La incidencia hereda un c??digo GLS no verificado en el cat??logo.,La decisi??n queda bloqueada; no se permite automatizaci??n sobre la incidencia.,Resolver el hallazgo ra??z del c??digo y reevaluar este caso conservando su trazabilidad.,La incidencia obtiene clasificaci??n explicable o permanece UNKNOWN con bloqueo expl??cito.,,,Suleia Operations,,HIGH mientras siga sin clasificaci??n.,ord_86afe32f0c17,iss_2d6e7140f8c2,HUMAN_REVIEW,2026-06-30T11:29:36+00:00
SF-bfa55b0646fcb0df,Incidencia GLS abstendida por c??digo desconocido,GLS_INCIDENT_REVIEW,HIGH,DUPLICATE,SF-ff5d384657fee69c,"{""risk"":""HIGH"",""priority"":""NORMAL"",""carrier_code"":""SF"",""review_reasons"":[""DROPEA_CARRIER_CODE_UNKNOWN"",""HUMAN_REVIEW"",""UNKNOWN_CARRIER_CODE""],""normalized_type"":""UNKNOWN""}",La incidencia hereda un c??digo GLS no verificado en el cat??logo.,La decisi??n queda bloqueada; no se permite automatizaci??n sobre la incidencia.,Resolver el hallazgo ra??z del c??digo y reevaluar este caso conservando su trazabilidad.,La incidencia obtiene clasificaci??n explicable o permanece UNKNOWN con bloqueo expl??cito.,,,Suleia Operations,,HIGH mientras siga sin clasificaci??n.,ord_5ebcf59b2fe6,iss_82a69e914325,HUMAN_REVIEW,2026-07-01T11:28:17+00:00
SF-bffcc102a8d9d524,Incidencia GLS abstendida por c??digo desconocido,GLS_INCIDENT_REVIEW,HIGH,DUPLICATE,SF-ff5d384657fee69c,"{""risk"":""HIGH"",""priority"":""NORMAL"",""carrier_code"":""SF"",""review_reasons"":[""DROPEA_CARRIER_CODE_UNKNOWN"",""HUMAN_REVIEW"",""UNKNOWN_CARRIER_CODE""],""normalized_type"":""UNKNOWN""}",La incidencia hereda un c??digo GLS no verificado en el cat??logo.,La decisi??n queda bloqueada; no se permite automatizaci??n sobre la incidencia.,Resolver el hallazgo ra??z del c??digo y reevaluar este caso conservando su trazabilidad.,La incidencia obtiene clasificaci??n explicable o permanece UNKNOWN con bloqueo expl??cito.,,,Suleia Operations,,HIGH mientras siga sin clasificaci??n.,ord_318c19851f31,iss_ec0d708867fe,HUMAN_REVIEW,2026-07-22T14:25:19+00:00
SF-c0b008d64dbcac37,Protecci??n operativa pendiente de revisi??n,OPERATIONAL_PROTECTIONS,WARNING,OPEN,,"{""risk"":""NOT_ASSESSED"",""priority"":""NORMAL"",""carrier_code"":null,""review_reasons"":[""PROTECTION_REVIEW""],""normalized_type"":null}",La protecci??n ha detectado una condici??n que requiere evaluaci??n humana antes de cualquier acci??n.,El pedido queda en revisi??n y no debe recibir una acci??n autom??tica.,Clasificar la protecci??n con evidencia vigente y documentar la decisi??n de riesgo.,La revisi??n produce estado VERIFIED o ACCEPTED_RISK sin ejecutar acciones.,,,Suleia Operations,,WARNING pendiente de evaluaci??n.,ord_4412d1b3cb83,,HUMAN_REVIEW,2026-08-05T11:09:19.767+00:00
SF-c136422a84aea0e2,Incidencia GLS abstendida por c??digo desconocido,GLS_INCIDENT_REVIEW,HIGH,DUPLICATE,SF-ff5d384657fee69c,"{""risk"":""HIGH"",""priority"":""NORMAL"",""carrier_code"":""SF"",""review_reasons"":[""DROPEA_CARRIER_CODE_UNKNOWN"",""HUMAN_REVIEW"",""UNKNOWN_CARRIER_CODE""],""normalized_type"":""UNKNOWN""}",La incidencia hereda un c??digo GLS no verificado en el cat??logo.,La decisi??n queda bloqueada; no se permite automatizaci??n sobre la incidencia.,Resolver el hallazgo ra??z del c??digo y reevaluar este caso conservando su trazabilidad.,La incidencia obtiene clasificaci??n explicable o permanece UNKNOWN con bloqueo expl??cito.,,,Suleia Operations,,HIGH mientras siga sin clasificaci??n.,ord_9fca17501c0f,iss_8908e92a888d,HUMAN_REVIEW,2026-07-06T19:18:33+00:00
SF-c24c6b21580cab1b,Incidencia GLS abstendida por c??digo desconocido,GLS_INCIDENT_REVIEW,HIGH,DUPLICATE,SF-51063007afc458c9,"{""risk"":""HIGH"",""priority"":""NORMAL"",""carrier_code"":""AS"",""review_reasons"":[""DROPEA_CARRIER_CODE_UNKNOWN"",""HUMAN_REVIEW"",""UNKNOWN_CARRIER_CODE""],""normalized_type"":""UNKNOWN""}",La incidencia hereda un c??digo GLS no verificado en el cat??logo.,La decisi??n queda bloqueada; no se permite automatizaci??n sobre la incidencia.,Resolver el hallazgo ra??z del c??digo y reevaluar este caso conservando su trazabilidad.,La incidencia obtiene clasificaci??n explicable o permanece UNKNOWN con bloqueo expl??cito.,,,Suleia Operations,,HIGH mientras siga sin clasificaci??n.,ord_d36c60932fb6,iss_c8525a1dc437,HUMAN_REVIEW,2026-06-01T11:42:14+00:00
SF-c2a87a33022bc3ec,Incidencia GLS abstendida por c??digo desconocido,GLS_INCIDENT_REVIEW,HIGH,DUPLICATE,SF-51063007afc458c9,"{""risk"":""HIGH"",""priority"":""NORMAL"",""carrier_code"":""AS"",""review_reasons"":[""DROPEA_CARRIER_CODE_UNKNOWN"",""HUMAN_REVIEW"",""UNKNOWN_CARRIER_CODE""],""normalized_type"":""UNKNOWN""}",La incidencia hereda un c??digo GLS no verificado en el cat??logo.,La decisi??n queda bloqueada; no se permite automatizaci??n sobre la incidencia.,Resolver el hallazgo ra??z del c??digo y reevaluar este caso conservando su trazabilidad.,La incidencia obtiene clasificaci??n explicable o permanece UNKNOWN con bloqueo expl??cito.,,,Suleia Operations,,HIGH mientras siga sin clasificaci??n.,ord_7026d9b2eab8,iss_56cee5739e18,HUMAN_REVIEW,2026-07-13T15:30:32+00:00
SF-c40fcd9ec008c9b1,Incidencia GLS abstendida por c??digo desconocido,GLS_INCIDENT_REVIEW,HIGH,DUPLICATE,SF-51063007afc458c9,"{""risk"":""HIGH"",""priority"":""NORMAL"",""carrier_code"":""AS"",""review_reasons"":[""DROPEA_CARRIER_CODE_UNKNOWN"",""HUMAN_REVIEW"",""UNKNOWN_CARRIER_CODE""],""normalized_type"":""UNKNOWN""}",La incidencia hereda un c??digo GLS no verificado en el cat??logo.,La decisi??n queda bloqueada; no se permite automatizaci??n sobre la incidencia.,Resolver el hallazgo ra??z del c??digo y reevaluar este caso conservando su trazabilidad.,La incidencia obtiene clasificaci??n explicable o permanece UNKNOWN con bloqueo expl??cito.,,,Suleia Operations,,HIGH mientras siga sin clasificaci??n.,ord_d8db8c60b26c,iss_468823aed3b9,HUMAN_REVIEW,2026-06-23T15:27:56+00:00
SF-c4d972d67c8366aa,Incidencia GLS abstendida por c??digo desconocido,GLS_INCIDENT_REVIEW,HIGH,DUPLICATE,SF-51063007afc458c9,"{""risk"":""HIGH"",""priority"":""NORMAL"",""carrier_code"":""AS"",""review_reasons"":[""DROPEA_CARRIER_CODE_UNKNOWN"",""HUMAN_REVIEW"",""UNKNOWN_CARRIER_CODE""],""normalized_type"":""UNKNOWN""}",La incidencia hereda un c??digo GLS no verificado en el cat??logo.,La decisi??n queda bloqueada; no se permite automatizaci??n sobre la incidencia.,Resolver el hallazgo ra??z del c??digo y reevaluar este caso conservando su trazabilidad.,La incidencia obtiene clasificaci??n explicable o permanece UNKNOWN con bloqueo expl??cito.,,,Suleia Operations,,HIGH mientras siga sin clasificaci??n.,ord_8a704ebc6795,iss_15908f1188fe,HUMAN_REVIEW,2026-07-14T22:15:58+00:00
SF-c6a5cffbce873d67,Incidencia GLS abstendida por c??digo desconocido,GLS_INCIDENT_REVIEW,HIGH,DUPLICATE,SF-6e82ccd32435fb0c,"{""risk"":""HIGH"",""priority"":""NORMAL"",""carrier_code"":""OTH"",""review_reasons"":[""DROPEA_CARRIER_CODE_UNKNOWN"",""HUMAN_REVIEW"",""UNKNOWN_CARRIER_CODE""],""normalized_type"":""UNKNOWN""}",La incidencia hereda un c??digo GLS no verificado en el cat??logo.,La decisi??n queda bloqueada; no se permite automatizaci??n sobre la incidencia.,Resolver el hallazgo ra??z del c??digo y reevaluar este caso conservando su trazabilidad.,La incidencia obtiene clasificaci??n explicable o permanece UNKNOWN con bloqueo expl??cito.,,,Suleia Operations,,HIGH mientras siga sin clasificaci??n.,ord_089601b47a59,iss_0c07fd1e0978,HUMAN_REVIEW,2026-07-13T18:15:22+00:00
SF-c6c01d225adb7e72,Incidencia GLS abstendida por c??digo desconocido,GLS_INCIDENT_REVIEW,HIGH,DUPLICATE,SF-51063007afc458c9,"{""risk"":""HIGH"",""priority"":""NORMAL"",""carrier_code"":""AS"",""review_reasons"":[""DROPEA_CARRIER_CODE_UNKNOWN"",""HUMAN_REVIEW"",""UNKNOWN_CARRIER_CODE""],""normalized_type"":""UNKNOWN""}",La incidencia hereda un c??digo GLS no verificado en el cat??logo.,La decisi??n queda bloqueada; no se permite automatizaci??n sobre la incidencia.,Resolver el hallazgo ra??z del c??digo y reevaluar este caso conservando su trazabilidad.,La incidencia obtiene clasificaci??n explicable o permanece UNKNOWN con bloqueo expl??cito.,,,Suleia Operations,,HIGH mientras siga sin clasificaci??n.,ord_474e440be52c,iss_2e38ac5f25c7,HUMAN_REVIEW,2026-07-14T22:15:48+00:00
SF-c725edc80fa09889,Incidencia GLS abstendida por c??digo desconocido,GLS_INCIDENT_REVIEW,HIGH,DUPLICATE,SF-ff5d384657fee69c,"{""risk"":""HIGH"",""priority"":""NORMAL"",""carrier_code"":""SF"",""review_reasons"":[""DROPEA_CARRIER_CODE_UNKNOWN"",""HUMAN_REVIEW"",""UNKNOWN_CARRIER_CODE""],""normalized_type"":""UNKNOWN""}",La incidencia hereda un c??digo GLS no verificado en el cat??logo.,La decisi??n queda bloqueada; no se permite automatizaci??n sobre la incidencia.,Resolver el hallazgo ra??z del c??digo y reevaluar este caso conservando su trazabilidad.,La incidencia obtiene clasificaci??n explicable o permanece UNKNOWN con bloqueo expl??cito.,,,Suleia Operations,,HIGH mientras siga sin clasificaci??n.,ord_8778e11632c9,iss_a1d6741ac047,HUMAN_REVIEW,2026-07-17T18:21:31+00:00
SF-c9041ccb9e7cc42c,Incidencia GLS abstendida por c??digo desconocido,GLS_INCIDENT_REVIEW,HIGH,DUPLICATE,SF-ff5d384657fee69c,"{""risk"":""HIGH"",""priority"":""NORMAL"",""carrier_code"":""SF"",""review_reasons"":[""DROPEA_CARRIER_CODE_UNKNOWN"",""HUMAN_REVIEW"",""UNKNOWN_CARRIER_CODE""],""normalized_type"":""UNKNOWN""}",La incidencia hereda un c??digo GLS no verificado en el cat??logo.,La decisi??n queda bloqueada; no se permite automatizaci??n sobre la incidencia.,Resolver el hallazgo ra??z del c??digo y reevaluar este caso conservando su trazabilidad.,La incidencia obtiene clasificaci??n explicable o permanece UNKNOWN con bloqueo expl??cito.,,,Suleia Operations,,HIGH mientras siga sin clasificaci??n.,ord_7b66af1376ac,iss_76382c91edb5,HUMAN_REVIEW,2026-07-21T10:21:20+00:00
SF-ca0ac79a5a0ba3b2,Incidencia GLS abstendida por c??digo desconocido,GLS_INCIDENT_REVIEW,HIGH,DUPLICATE,SF-ff5d384657fee69c,"{""risk"":""HIGH"",""priority"":""NORMAL"",""carrier_code"":""SF"",""review_reasons"":[""DROPEA_CARRIER_CODE_UNKNOWN"",""HUMAN_REVIEW"",""UNKNOWN_CARRIER_CODE""],""normalized_type"":""UNKNOWN""}",La incidencia hereda un c??digo GLS no verificado en el cat??logo.,La decisi??n queda bloqueada; no se permite automatizaci??n sobre la incidencia.,Resolver el hallazgo ra??z del c??digo y reevaluar este caso conservando su trazabilidad.,La incidencia obtiene clasificaci??n explicable o permanece UNKNOWN con bloqueo expl??cito.,,,Suleia Operations,,HIGH mientras siga sin clasificaci??n.,ord_50f75d62c4e7,iss_bcb7d2ad50ee,HUMAN_REVIEW,2026-07-16T16:25:12+00:00
SF-cb6aff50e174caa1,Incidencia GLS abstendida por c??digo desconocido,GLS_INCIDENT_REVIEW,HIGH,DUPLICATE,SF-51063007afc458c9,"{""risk"":""HIGH"",""priority"":""NORMAL"",""carrier_code"":""AS"",""review_reasons"":[""DROPEA_CARRIER_CODE_UNKNOWN"",""HUMAN_REVIEW"",""UNKNOWN_CARRIER_CODE""],""normalized_type"":""UNKNOWN""}",La incidencia hereda un c??digo GLS no verificado en el cat??logo.,La decisi??n queda bloqueada; no se permite automatizaci??n sobre la incidencia.,Resolver el hallazgo ra??z del c??digo y reevaluar este caso conservando su trazabilidad.,La incidencia obtiene clasificaci??n explicable o permanece UNKNOWN con bloqueo expl??cito.,,,Suleia Operations,,HIGH mientras siga sin clasificaci??n.,ord_b2446430e795,iss_80253712baf8,HUMAN_REVIEW,2026-07-08T11:28:52+00:00
SF-cd5b8bd661112cca,Incidencia GLS abstendida por c??digo desconocido,GLS_INCIDENT_REVIEW,HIGH,DUPLICATE,SF-51063007afc458c9,"{""risk"":""HIGH"",""priority"":""NORMAL"",""carrier_code"":""AS"",""review_reasons"":[""DROPEA_CARRIER_CODE_UNKNOWN"",""HUMAN_REVIEW"",""UNKNOWN_CARRIER_CODE""],""normalized_type"":""UNKNOWN""}",La incidencia hereda un c??digo GLS no verificado en el cat??logo.,La decisi??n queda bloqueada; no se permite automatizaci??n sobre la incidencia.,Resolver el hallazgo ra??z del c??digo y reevaluar este caso conservando su trazabilidad.,La incidencia obtiene clasificaci??n explicable o permanece UNKNOWN con bloqueo expl??cito.,,,Suleia Operations,,HIGH mientras siga sin clasificaci??n.,ord_378faf979745,iss_1695c3563d9c,HUMAN_REVIEW,2026-07-28T14:30:58+00:00
SF-ce03ef85a845f191,C??digo GLS sin clasificaci??n verificada,GLS_NORMALIZATION,HIGH,OPEN,,"{""code"":""-30"",""market"":""ES"",""carrier"":""GLS""}",El cat??logo GLS no contiene una asignaci??n MAPPED o VERIFIED para el c??digo observado.,La incidencia debe abstenerse de una decisi??n autom??tica y requiere revisi??n humana.,Crear una entrada versionada solo despu??s de validar evidencia GLS positiva y negativa.,"El c??digo queda clasificado con evidencia, versi??n y pruebas; UNKNOWN permanece bloqueado.",,,Suleia Operations,,HIGH hasta validar el cat??logo.,,,RECONCILIATION,2026-08-09T07:08:32.683+00:00
SF-ce919faf5ce6f699,Incidencia GLS abstendida por c??digo desconocido,GLS_INCIDENT_REVIEW,HIGH,DUPLICATE,SF-51063007afc458c9,"{""risk"":""HIGH"",""priority"":""NORMAL"",""carrier_code"":""AS"",""review_reasons"":[""DROPEA_CARRIER_CODE_UNKNOWN"",""HUMAN_REVIEW"",""UNKNOWN_CARRIER_CODE""],""normalized_type"":""UNKNOWN""}",La incidencia hereda un c??digo GLS no verificado en el cat??logo.,La decisi??n queda bloqueada; no se permite automatizaci??n sobre la incidencia.,Resolver el hallazgo ra??z del c??digo y reevaluar este caso conservando su trazabilidad.,La incidencia obtiene clasificaci??n explicable o permanece UNKNOWN con bloqueo expl??cito.,,,Suleia Operations,,HIGH mientras siga sin clasificaci??n.,ord_eb93cb0317f0,iss_96266204bfe4,HUMAN_REVIEW,2026-07-15T10:19:59+00:00
SF-ced65189f3b98470,Incidencia GLS abstendida por c??digo desconocido,GLS_INCIDENT_REVIEW,HIGH,DUPLICATE,SF-ff5d384657fee69c,"{""risk"":""HIGH"",""priority"":""NORMAL"",""carrier_code"":""SF"",""review_reasons"":[""DROPEA_CARRIER_CODE_UNKNOWN"",""HUMAN_REVIEW"",""UNKNOWN_CARRIER_CODE""],""normalized_type"":""UNKNOWN""}",La incidencia hereda un c??digo GLS no verificado en el cat??logo.,La decisi??n queda bloqueada; no se permite automatizaci??n sobre la incidencia.,Resolver el hallazgo ra??z del c??digo y reevaluar este caso conservando su trazabilidad.,La incidencia obtiene clasificaci??n explicable o permanece UNKNOWN con bloqueo expl??cito.,,,Suleia Operations,,HIGH mientras siga sin clasificaci??n.,ord_132e6e8b2e1f,iss_fce12465d05c,HUMAN_REVIEW,2026-07-13T18:16:30+00:00
SF-cfa37b5b46dda8e9,Incidencia GLS abstendida por c??digo desconocido,GLS_INCIDENT_REVIEW,HIGH,DUPLICATE,SF-ce03ef85a845f191,"{""risk"":""HIGH"",""priority"":""NORMAL"",""carrier_code"":""-30"",""review_reasons"":[""DROPEA_CARRIER_CODE_UNKNOWN"",""HUMAN_REVIEW"",""UNKNOWN_CARRIER_CODE""],""normalized_type"":""UNKNOWN""}",La incidencia hereda un c??digo GLS no verificado en el cat??logo.,La decisi??n queda bloqueada; no se permite automatizaci??n sobre la incidencia.,Resolver el hallazgo ra??z del c??digo y reevaluar este caso conservando su trazabilidad.,La incidencia obtiene clasificaci??n explicable o permanece UNKNOWN con bloqueo expl??cito.,,,Suleia Operations,,HIGH mientras siga sin clasificaci??n.,ord_59fb569ab4c4,iss_224174dfa4ed,HUMAN_REVIEW,2026-08-06T15:04:03.229+00:00
SF-d0eb6584581be3d3,Incidencia GLS abstendida por c??digo desconocido,GLS_INCIDENT_REVIEW,HIGH,DUPLICATE,SF-51063007afc458c9,"{""risk"":""HIGH"",""priority"":""NORMAL"",""carrier_code"":""AS"",""review_reasons"":[""DROPEA_CARRIER_CODE_UNKNOWN"",""HUMAN_REVIEW"",""UNKNOWN_CARRIER_CODE""],""normalized_type"":""UNKNOWN""}",La incidencia hereda un c??digo GLS no verificado en el cat??logo.,La decisi??n queda bloqueada; no se permite automatizaci??n sobre la incidencia.,Resolver el hallazgo ra??z del c??digo y reevaluar este caso conservando su trazabilidad.,La incidencia obtiene clasificaci??n explicable o permanece UNKNOWN con bloqueo expl??cito.,,,Suleia Operations,,HIGH mientras siga sin clasificaci??n.,ord_9417ccfae6b8,iss_2f87074b273f,HUMAN_REVIEW,2026-07-16T09:18:12+00:00
SF-d1ea1c40a8d6f3b7,Incidencia GLS abstendida por c??digo desconocido,GLS_INCIDENT_REVIEW,HIGH,DUPLICATE,SF-ce03ef85a845f191,"{""risk"":""HIGH"",""priority"":""NORMAL"",""carrier_code"":""-30"",""review_reasons"":[""DROPEA_CARRIER_CODE_UNKNOWN"",""HUMAN_REVIEW"",""UNKNOWN_CARRIER_CODE""],""normalized_type"":""UNKNOWN""}",La incidencia hereda un c??digo GLS no verificado en el cat??logo.,La decisi??n queda bloqueada; no se permite automatizaci??n sobre la incidencia.,Resolver el hallazgo ra??z del c??digo y reevaluar este caso conservando su trazabilidad.,La incidencia obtiene clasificaci??n explicable o permanece UNKNOWN con bloqueo expl??cito.,,,Suleia Operations,,HIGH mientras siga sin clasificaci??n.,ord_b9ba793eb107,iss_de7740161d89,HUMAN_REVIEW,2026-08-06T15:03:59.309+00:00
SF-d392481a1822c124,Incidencia GLS abstendida por c??digo desconocido,GLS_INCIDENT_REVIEW,HIGH,DUPLICATE,SF-51063007afc458c9,"{""risk"":""HIGH"",""priority"":""NORMAL"",""carrier_code"":""AS"",""review_reasons"":[""DROPEA_CARRIER_CODE_UNKNOWN"",""HUMAN_REVIEW"",""UNKNOWN_CARRIER_CODE""],""normalized_type"":""UNKNOWN""}",La incidencia hereda un c??digo GLS no verificado en el cat??logo.,La decisi??n queda bloqueada; no se permite automatizaci??n sobre la incidencia.,Resolver el hallazgo ra??z del c??digo y reevaluar este caso conservando su trazabilidad.,La incidencia obtiene clasificaci??n explicable o permanece UNKNOWN con bloqueo expl??cito.,,,Suleia Operations,,HIGH mientras siga sin clasificaci??n.,ord_ea6cc26e8994,iss_6a57ae41e4d0,HUMAN_REVIEW,2026-06-25T15:30:28+00:00
SF-d39a372f1464ee6f,Incidencia GLS abstendida por c??digo desconocido,GLS_INCIDENT_REVIEW,HIGH,DUPLICATE,SF-ff5d384657fee69c,"{""risk"":""HIGH"",""priority"":""NORMAL"",""carrier_code"":""SF"",""review_reasons"":[""DROPEA_CARRIER_CODE_UNKNOWN"",""HUMAN_REVIEW"",""UNKNOWN_CARRIER_CODE""],""normalized_type"":""UNKNOWN""}",La incidencia hereda un c??digo GLS no verificado en el cat??logo.,La decisi??n queda bloqueada; no se permite automatizaci??n sobre la incidencia.,Resolver el hallazgo ra??z del c??digo y reevaluar este caso conservando su trazabilidad.,La incidencia obtiene clasificaci??n explicable o permanece UNKNOWN con bloqueo expl??cito.,,,Suleia Operations,,HIGH mientras siga sin clasificaci??n.,ord_821ea776db1d,iss_08f98dfa33dd,HUMAN_REVIEW,2026-06-29T14:24:38+00:00
SF-d4516534efcaf60b,Incidencia GLS abstendida por c??digo desconocido,GLS_INCIDENT_REVIEW,HIGH,DUPLICATE,SF-51063007afc458c9,"{""risk"":""HIGH"",""priority"":""NORMAL"",""carrier_code"":""AS"",""review_reasons"":[""DROPEA_CARRIER_CODE_UNKNOWN"",""HUMAN_REVIEW"",""UNKNOWN_CARRIER_CODE""],""normalized_type"":""UNKNOWN""}",La incidencia hereda un c??digo GLS no verificado en el cat??logo.,La decisi??n queda bloqueada; no se permite automatizaci??n sobre la incidencia.,Resolver el hallazgo ra??z del c??digo y reevaluar este caso conservando su trazabilidad.,La incidencia obtiene clasificaci??n explicable o permanece UNKNOWN con bloqueo expl??cito.,,,Suleia Operations,,HIGH mientras siga sin clasificaci??n.,ord_0ed5ea3892ef,iss_abc915a6a338,HUMAN_REVIEW,2026-07-06T20:26:55+00:00
SF-d4a66a8dc7274969,Incidencia GLS abstendida por c??digo desconocido,GLS_INCIDENT_REVIEW,HIGH,DUPLICATE,SF-51063007afc458c9,"{""risk"":""HIGH"",""priority"":""NORMAL"",""carrier_code"":""AS"",""review_reasons"":[""DROPEA_CARRIER_CODE_UNKNOWN"",""HUMAN_REVIEW"",""UNKNOWN_CARRIER_CODE""],""normalized_type"":""UNKNOWN""}",La incidencia hereda un c??digo GLS no verificado en el cat??logo.,La decisi??n queda bloqueada; no se permite automatizaci??n sobre la incidencia.,Resolver el hallazgo ra??z del c??digo y reevaluar este caso conservando su trazabilidad.,La incidencia obtiene clasificaci??n explicable o permanece UNKNOWN con bloqueo expl??cito.,,,Suleia Operations,,HIGH mientras siga sin clasificaci??n.,ord_0602785cce14,iss_7edf448135ae,HUMAN_REVIEW,2026-07-31T10:26:27+00:00
SF-d4ccc717f060342d,Protecci??n operativa pendiente de revisi??n,OPERATIONAL_PROTECTIONS,WARNING,OPEN,,"{""risk"":""NOT_ASSESSED"",""priority"":""NORMAL"",""carrier_code"":null,""review_reasons"":[""PROTECTION_REVIEW""],""normalized_type"":null}",La protecci??n ha detectado una condici??n que requiere evaluaci??n humana antes de cualquier acci??n.,El pedido queda en revisi??n y no debe recibir una acci??n autom??tica.,Clasificar la protecci??n con evidencia vigente y documentar la decisi??n de riesgo.,La revisi??n produce estado VERIFIED o ACCEPTED_RISK sin ejecutar acciones.,,,Suleia Operations,,WARNING pendiente de evaluaci??n.,ord_129063ebe536,,HUMAN_REVIEW,2026-08-05T11:09:27.208+00:00
SF-d567af1c1b3a8d4d,Incidencia GLS abstendida por c??digo desconocido,GLS_INCIDENT_REVIEW,HIGH,DUPLICATE,SF-51063007afc458c9,"{""risk"":""HIGH"",""priority"":""NORMAL"",""carrier_code"":""AS"",""review_reasons"":[""DROPEA_CARRIER_CODE_UNKNOWN"",""HUMAN_REVIEW"",""UNKNOWN_CARRIER_CODE""],""normalized_type"":""UNKNOWN""}",La incidencia hereda un c??digo GLS no verificado en el cat??logo.,La decisi??n queda bloqueada; no se permite automatizaci??n sobre la incidencia.,Resolver el hallazgo ra??z del c??digo y reevaluar este caso conservando su trazabilidad.,La incidencia obtiene clasificaci??n explicable o permanece UNKNOWN con bloqueo expl??cito.,,,Suleia Operations,,HIGH mientras siga sin clasificaci??n.,ord_e9ef2b5b9c83,iss_918cbd55a8b4,HUMAN_REVIEW,2026-05-28T15:26:35+00:00
SF-d6c346313a0a586e,Incidencia GLS abstendida por c??digo desconocido,GLS_INCIDENT_REVIEW,HIGH,DUPLICATE,SF-51063007afc458c9,"{""risk"":""HIGH"",""priority"":""NORMAL"",""carrier_code"":""AS"",""review_reasons"":[""DROPEA_CARRIER_CODE_UNKNOWN"",""HUMAN_REVIEW"",""UNKNOWN_CARRIER_CODE""],""normalized_type"":""UNKNOWN""}",La incidencia hereda un c??digo GLS no verificado en el cat??logo.,La decisi??n queda bloqueada; no se permite automatizaci??n sobre la incidencia.,Resolver el hallazgo ra??z del c??digo y reevaluar este caso conservando su trazabilidad.,La incidencia obtiene clasificaci??n explicable o permanece UNKNOWN con bloqueo expl??cito.,,,Suleia Operations,,HIGH mientras siga sin clasificaci??n.,ord_4404abc7607a,iss_cca7dd42e740,HUMAN_REVIEW,2026-07-15T14:28:42+00:00
SF-d7016dccc50be66f,Incidencia GLS abstendida por c??digo desconocido,GLS_INCIDENT_REVIEW,HIGH,DUPLICATE,SF-ff5d384657fee69c,"{""risk"":""HIGH"",""priority"":""NORMAL"",""carrier_code"":""SF"",""review_reasons"":[""DROPEA_CARRIER_CODE_UNKNOWN"",""HUMAN_REVIEW"",""UNKNOWN_CARRIER_CODE""],""normalized_type"":""UNKNOWN""}",La incidencia hereda un c??digo GLS no verificado en el cat??logo.,La decisi??n queda bloqueada; no se permite automatizaci??n sobre la incidencia.,Resolver el hallazgo ra??z del c??digo y reevaluar este caso conservando su trazabilidad.,La incidencia obtiene clasificaci??n explicable o permanece UNKNOWN con bloqueo expl??cito.,,,Suleia Operations,,HIGH mientras siga sin clasificaci??n.,ord_6788fd8461dd,iss_66230bdbf45d,HUMAN_REVIEW,2026-07-29T22:13:09+00:00
SF-d7edd466ce7421e9,Incidencia GLS abstendida por c??digo desconocido,GLS_INCIDENT_REVIEW,HIGH,DUPLICATE,SF-51063007afc458c9,"{""risk"":""HIGH"",""priority"":""NORMAL"",""carrier_code"":""AS"",""review_reasons"":[""DROPEA_CARRIER_CODE_UNKNOWN"",""HUMAN_REVIEW"",""UNKNOWN_CARRIER_CODE""],""normalized_type"":""UNKNOWN""}",La incidencia hereda un c??digo GLS no verificado en el cat??logo.,La decisi??n queda bloqueada; no se permite automatizaci??n sobre la incidencia.,Resolver el hallazgo ra??z del c??digo y reevaluar este caso conservando su trazabilidad.,La incidencia obtiene clasificaci??n explicable o permanece UNKNOWN con bloqueo expl??cito.,,,Suleia Operations,,HIGH mientras siga sin clasificaci??n.,ord_7c2ff02a27a8,iss_9e2d881f3ffe,HUMAN_REVIEW,2026-07-23T14:27:07+00:00
SF-da4bace5e5b67f38,Incidencia GLS abstendida por c??digo desconocido,GLS_INCIDENT_REVIEW,HIGH,DUPLICATE,SF-51063007afc458c9,"{""risk"":""HIGH"",""priority"":""NORMAL"",""carrier_code"":""AS"",""review_reasons"":[""DROPEA_CARRIER_CODE_UNKNOWN"",""HUMAN_REVIEW"",""UNKNOWN_CARRIER_CODE""],""normalized_type"":""UNKNOWN""}",La incidencia hereda un c??digo GLS no verificado en el cat??logo.,La decisi??n queda bloqueada; no se permite automatizaci??n sobre la incidencia.,Resolver el hallazgo ra??z del c??digo y reevaluar este caso conservando su trazabilidad.,La incidencia obtiene clasificaci??n explicable o permanece UNKNOWN con bloqueo expl??cito.,,,Suleia Operations,,HIGH mientras siga sin clasificaci??n.,ord_404ae20ef347,iss_04f067838b6c,HUMAN_REVIEW,2026-07-01T11:28:44+00:00
SF-dbb2d8ab23147ace,Incidencia GLS abstendida por c??digo desconocido,GLS_INCIDENT_REVIEW,HIGH,DUPLICATE,SF-ff5d384657fee69c,"{""risk"":""HIGH"",""priority"":""NORMAL"",""carrier_code"":""SF"",""review_reasons"":[""DROPEA_CARRIER_CODE_UNKNOWN"",""HUMAN_REVIEW"",""UNKNOWN_CARRIER_CODE""],""normalized_type"":""UNKNOWN""}",La incidencia hereda un c??digo GLS no verificado en el cat??logo.,La decisi??n queda bloqueada; no se permite automatizaci??n sobre la incidencia.,Resolver el hallazgo ra??z del c??digo y reevaluar este caso conservando su trazabilidad.,La incidencia obtiene clasificaci??n explicable o permanece UNKNOWN con bloqueo expl??cito.,,,Suleia Operations,,HIGH mientras siga sin clasificaci??n.,ord_94369b2658b8,iss_c712c195243e,HUMAN_REVIEW,2026-07-30T17:10:22+00:00
SF-dd0ead2e60c33b1e,Incidencia GLS abstendida por c??digo desconocido,GLS_INCIDENT_REVIEW,HIGH,DUPLICATE,SF-51063007afc458c9,"{""risk"":""HIGH"",""priority"":""NORMAL"",""carrier_code"":""AS"",""review_reasons"":[""DROPEA_CARRIER_CODE_UNKNOWN"",""HUMAN_REVIEW"",""UNKNOWN_CARRIER_CODE""],""normalized_type"":""UNKNOWN""}",La incidencia hereda un c??digo GLS no verificado en el cat??logo.,La decisi??n queda bloqueada; no se permite automatizaci??n sobre la incidencia.,Resolver el hallazgo ra??z del c??digo y reevaluar este caso conservando su trazabilidad.,La incidencia obtiene clasificaci??n explicable o permanece UNKNOWN con bloqueo expl??cito.,,,Suleia Operations,,HIGH mientras siga sin clasificaci??n.,ord_3989c59721cc,iss_59a247ccfcde,HUMAN_REVIEW,2026-07-21T19:25:45+00:00
SF-dd18f381ea51c69d,Incidencia GLS abstendida por c??digo desconocido,GLS_INCIDENT_REVIEW,HIGH,DUPLICATE,SF-51063007afc458c9,"{""risk"":""HIGH"",""priority"":""NORMAL"",""carrier_code"":""AS"",""review_reasons"":[""DROPEA_CARRIER_CODE_UNKNOWN"",""HUMAN_REVIEW"",""UNKNOWN_CARRIER_CODE""],""normalized_type"":""UNKNOWN""}",La incidencia hereda un c??digo GLS no verificado en el cat??logo.,La decisi??n queda bloqueada; no se permite automatizaci??n sobre la incidencia.,Resolver el hallazgo ra??z del c??digo y reevaluar este caso conservando su trazabilidad.,La incidencia obtiene clasificaci??n explicable o permanece UNKNOWN con bloqueo expl??cito.,,,Suleia Operations,,HIGH mientras siga sin clasificaci??n.,ord_80c3e5c00710,iss_41986209ee4e,HUMAN_REVIEW,2026-07-15T08:23:48+00:00
SF-df995de58907fbdb,Incidencia GLS abstendida por c??digo desconocido,GLS_INCIDENT_REVIEW,HIGH,DUPLICATE,SF-51063007afc458c9,"{""risk"":""HIGH"",""priority"":""NORMAL"",""carrier_code"":""AS"",""review_reasons"":[""DROPEA_CARRIER_CODE_UNKNOWN"",""HUMAN_REVIEW"",""UNKNOWN_CARRIER_CODE""],""normalized_type"":""UNKNOWN""}",La incidencia hereda un c??digo GLS no verificado en el cat??logo.,La decisi??n queda bloqueada; no se permite automatizaci??n sobre la incidencia.,Resolver el hallazgo ra??z del c??digo y reevaluar este caso conservando su trazabilidad.,La incidencia obtiene clasificaci??n explicable o permanece UNKNOWN con bloqueo expl??cito.,,,Suleia Operations,,HIGH mientras siga sin clasificaci??n.,ord_d70cc4351b05,iss_3c11e1a2f71f,HUMAN_REVIEW,2026-07-13T19:27:31+00:00
SF-e0c7fa04227ff31e,Incidencia GLS abstendida por c??digo desconocido,GLS_INCIDENT_REVIEW,HIGH,DUPLICATE,SF-ff5d384657fee69c,"{""risk"":""HIGH"",""priority"":""NORMAL"",""carrier_code"":""SF"",""review_reasons"":[""DROPEA_CARRIER_CODE_UNKNOWN"",""HUMAN_REVIEW"",""UNKNOWN_CARRIER_CODE""],""normalized_type"":""UNKNOWN""}",La incidencia hereda un c??digo GLS no verificado en el cat??logo.,La decisi??n queda bloqueada; no se permite automatizaci??n sobre la incidencia.,Resolver el hallazgo ra??z del c??digo y reevaluar este caso conservando su trazabilidad.,La incidencia obtiene clasificaci??n explicable o permanece UNKNOWN con bloqueo expl??cito.,,,Suleia Operations,,HIGH mientras siga sin clasificaci??n.,ord_586f9a9d1a00,iss_42d5ec9ffd2f,HUMAN_REVIEW,2026-07-20T14:23:47+00:00
SF-e1bf99c81c661880,Incidencia GLS abstendida por c??digo desconocido,GLS_INCIDENT_REVIEW,HIGH,DUPLICATE,SF-51063007afc458c9,"{""risk"":""HIGH"",""priority"":""NORMAL"",""carrier_code"":""AS"",""review_reasons"":[""DROPEA_CARRIER_CODE_UNKNOWN"",""HUMAN_REVIEW"",""UNKNOWN_CARRIER_CODE""],""normalized_type"":""UNKNOWN""}",La incidencia hereda un c??digo GLS no verificado en el cat??logo.,La decisi??n queda bloqueada; no se permite automatizaci??n sobre la incidencia.,Resolver el hallazgo ra??z del c??digo y reevaluar este caso conservando su trazabilidad.,La incidencia obtiene clasificaci??n explicable o permanece UNKNOWN con bloqueo expl??cito.,,,Suleia Operations,,HIGH mientras siga sin clasificaci??n.,ord_f4fa3db14ca8,iss_d7649c5395a0,HUMAN_REVIEW,2026-07-15T08:24:30+00:00
SF-e28e1c821b5cf55f,Incidencia GLS abstendida por c??digo desconocido,GLS_INCIDENT_REVIEW,HIGH,DUPLICATE,SF-ff5d384657fee69c,"{""risk"":""HIGH"",""priority"":""NORMAL"",""carrier_code"":""SF"",""review_reasons"":[""DROPEA_CARRIER_CODE_UNKNOWN"",""HUMAN_REVIEW"",""UNKNOWN_CARRIER_CODE""],""normalized_type"":""UNKNOWN""}",La incidencia hereda un c??digo GLS no verificado en el cat??logo.,La decisi??n queda bloqueada; no se permite automatizaci??n sobre la incidencia.,Resolver el hallazgo ra??z del c??digo y reevaluar este caso conservando su trazabilidad.,La incidencia obtiene clasificaci??n explicable o permanece UNKNOWN con bloqueo expl??cito.,,,Suleia Operations,,HIGH mientras siga sin clasificaci??n.,ord_1923eb62ce69,iss_064aa7dd153c,HUMAN_REVIEW,2026-07-15T16:26:22+00:00
SF-e38914baf4f31570,Incidencia GLS abstendida por c??digo desconocido,GLS_INCIDENT_REVIEW,HIGH,DUPLICATE,SF-ce03ef85a845f191,"{""risk"":""HIGH"",""priority"":""NORMAL"",""carrier_code"":""-30"",""review_reasons"":[""DROPEA_CARRIER_CODE_UNKNOWN"",""HUMAN_REVIEW"",""UNKNOWN_CARRIER_CODE""],""normalized_type"":""UNKNOWN""}",La incidencia hereda un c??digo GLS no verificado en el cat??logo.,La decisi??n queda bloqueada; no se permite automatizaci??n sobre la incidencia.,Resolver el hallazgo ra??z del c??digo y reevaluar este caso conservando su trazabilidad.,La incidencia obtiene clasificaci??n explicable o permanece UNKNOWN con bloqueo expl??cito.,,,Suleia Operations,,HIGH mientras siga sin clasificaci??n.,ord_175c41d07861,iss_20198a687f97,HUMAN_REVIEW,2026-08-04T13:39:06.189+00:00
SF-e50cff572080273b,Protecci??n operativa pendiente de revisi??n,OPERATIONAL_PROTECTIONS,WARNING,OPEN,,"{""risk"":""NOT_ASSESSED"",""priority"":""NORMAL"",""carrier_code"":null,""review_reasons"":[""PROTECTION_REVIEW""],""normalized_type"":null}",La protecci??n ha detectado una condici??n que requiere evaluaci??n humana antes de cualquier acci??n.,El pedido queda en revisi??n y no debe recibir una acci??n autom??tica.,Clasificar la protecci??n con evidencia vigente y documentar la decisi??n de riesgo.,La revisi??n produce estado VERIFIED o ACCEPTED_RISK sin ejecutar acciones.,,,Suleia Operations,,WARNING pendiente de evaluaci??n.,ord_df49ac36b5b8,,HUMAN_REVIEW,2026-08-05T11:09:19.767+00:00
SF-e6ab64312528a6ff,Incidencia GLS abstendida por c??digo desconocido,GLS_INCIDENT_REVIEW,HIGH,DUPLICATE,SF-51063007afc458c9,"{""risk"":""HIGH"",""priority"":""NORMAL"",""carrier_code"":""AS"",""review_reasons"":[""DROPEA_CARRIER_CODE_UNKNOWN"",""HUMAN_REVIEW"",""UNKNOWN_CARRIER_CODE""],""normalized_type"":""UNKNOWN""}",La incidencia hereda un c??digo GLS no verificado en el cat??logo.,La decisi??n queda bloqueada; no se permite automatizaci??n sobre la incidencia.,Resolver el hallazgo ra??z del c??digo y reevaluar este caso conservando su trazabilidad.,La incidencia obtiene clasificaci??n explicable o permanece UNKNOWN con bloqueo expl??cito.,,,Suleia Operations,,HIGH mientras siga sin clasificaci??n.,ord_7417ad78435e,iss_90852b02bba9,HUMAN_REVIEW,2026-07-01T19:30:44+00:00
SF-e7401172ec39ff33,Incidencia GLS abstendida por c??digo desconocido,GLS_INCIDENT_REVIEW,HIGH,DUPLICATE,SF-ce03ef85a845f191,"{""risk"":""HIGH"",""priority"":""NORMAL"",""carrier_code"":""-30"",""review_reasons"":[""DROPEA_CARRIER_CODE_UNKNOWN"",""HUMAN_REVIEW"",""UNKNOWN_CARRIER_CODE""],""normalized_type"":""UNKNOWN""}",La incidencia hereda un c??digo GLS no verificado en el cat??logo.,La decisi??n queda bloqueada; no se permite automatizaci??n sobre la incidencia.,Resolver el hallazgo ra??z del c??digo y reevaluar este caso conservando su trazabilidad.,La incidencia obtiene clasificaci??n explicable o permanece UNKNOWN con bloqueo expl??cito.,,,Suleia Operations,,HIGH mientras siga sin clasificaci??n.,ord_7f53d522cd29,iss_252ae510f063,HUMAN_REVIEW,2026-08-04T13:40:08.983+00:00
SF-e74bb98d1db237e3,Incidencia GLS abstendida por c??digo desconocido,GLS_INCIDENT_REVIEW,HIGH,DUPLICATE,SF-51063007afc458c9,"{""risk"":""HIGH"",""priority"":""NORMAL"",""carrier_code"":""AS"",""review_reasons"":[""DROPEA_CARRIER_CODE_UNKNOWN"",""HUMAN_REVIEW"",""UNKNOWN_CARRIER_CODE""],""normalized_type"":""UNKNOWN""}",La incidencia hereda un c??digo GLS no verificado en el cat??logo.,La decisi??n queda bloqueada; no se permite automatizaci??n sobre la incidencia.,Resolver el hallazgo ra??z del c??digo y reevaluar este caso conservando su trazabilidad.,La incidencia obtiene clasificaci??n explicable o permanece UNKNOWN con bloqueo expl??cito.,,,Suleia Operations,,HIGH mientras siga sin clasificaci??n.,ord_6e6eebc08e80,iss_8b57c1752610,HUMAN_REVIEW,2026-07-29T15:26:00+00:00
SF-e770622c5f5c472e,Incidencia GLS abstendida por c??digo desconocido,GLS_INCIDENT_REVIEW,HIGH,DUPLICATE,SF-ff5d384657fee69c,"{""risk"":""HIGH"",""priority"":""NORMAL"",""carrier_code"":""SF"",""review_reasons"":[""DROPEA_CARRIER_CODE_UNKNOWN"",""HUMAN_REVIEW"",""UNKNOWN_CARRIER_CODE""],""normalized_type"":""UNKNOWN""}",La incidencia hereda un c??digo GLS no verificado en el cat??logo.,La decisi??n queda bloqueada; no se permite automatizaci??n sobre la incidencia.,Resolver el hallazgo ra??z del c??digo y reevaluar este caso conservando su trazabilidad.,La incidencia obtiene clasificaci??n explicable o permanece UNKNOWN con bloqueo expl??cito.,,,Suleia Operations,,HIGH mientras siga sin clasificaci??n.,ord_a54e1a1eccb2,iss_5afd1dcca588,HUMAN_REVIEW,2026-07-15T17:11:59+00:00
SF-e85b05760402d257,Incidencia GLS abstendida por c??digo desconocido,GLS_INCIDENT_REVIEW,HIGH,DUPLICATE,SF-51063007afc458c9,"{""risk"":""HIGH"",""priority"":""NORMAL"",""carrier_code"":""AS"",""review_reasons"":[""DROPEA_CARRIER_CODE_UNKNOWN"",""HUMAN_REVIEW"",""UNKNOWN_CARRIER_CODE""],""normalized_type"":""UNKNOWN""}",La incidencia hereda un c??digo GLS no verificado en el cat??logo.,La decisi??n queda bloqueada; no se permite automatizaci??n sobre la incidencia.,Resolver el hallazgo ra??z del c??digo y reevaluar este caso conservando su trazabilidad.,La incidencia obtiene clasificaci??n explicable o permanece UNKNOWN con bloqueo expl??cito.,,,Suleia Operations,,HIGH mientras siga sin clasificaci??n.,ord_0b858a6f118a,iss_be04d9ea15c3,HUMAN_REVIEW,2026-07-07T12:28:14+00:00
SF-e8db8377e45404b1,Incidencia GLS abstendida por c??digo desconocido,GLS_INCIDENT_REVIEW,HIGH,DUPLICATE,SF-51063007afc458c9,"{""risk"":""HIGH"",""priority"":""NORMAL"",""carrier_code"":""AS"",""review_reasons"":[""DROPEA_CARRIER_CODE_UNKNOWN"",""HUMAN_REVIEW"",""UNKNOWN_CARRIER_CODE""],""normalized_type"":""UNKNOWN""}",La incidencia hereda un c??digo GLS no verificado en el cat??logo.,La decisi??n queda bloqueada; no se permite automatizaci??n sobre la incidencia.,Resolver el hallazgo ra??z del c??digo y reevaluar este caso conservando su trazabilidad.,La incidencia obtiene clasificaci??n explicable o permanece UNKNOWN con bloqueo expl??cito.,,,Suleia Operations,,HIGH mientras siga sin clasificaci??n.,ord_e6df302aad54,iss_d16938c27c62,HUMAN_REVIEW,2026-07-01T15:31:22+00:00
SF-ebc2125ba467cdb8,Incidencia GLS abstendida por c??digo desconocido,GLS_INCIDENT_REVIEW,HIGH,DUPLICATE,SF-51063007afc458c9,"{""risk"":""HIGH"",""priority"":""NORMAL"",""carrier_code"":""AS"",""review_reasons"":[""DROPEA_CARRIER_CODE_UNKNOWN"",""HUMAN_REVIEW"",""UNKNOWN_CARRIER_CODE""],""normalized_type"":""UNKNOWN""}",La incidencia hereda un c??digo GLS no verificado en el cat??logo.,La decisi??n queda bloqueada; no se permite automatizaci??n sobre la incidencia.,Resolver el hallazgo ra??z del c??digo y reevaluar este caso conservando su trazabilidad.,La incidencia obtiene clasificaci??n explicable o permanece UNKNOWN con bloqueo expl??cito.,,,Suleia Operations,,HIGH mientras siga sin clasificaci??n.,ord_48714ea9387c,iss_5e0cbe4e5384,HUMAN_REVIEW,2026-07-13T11:28:34+00:00
SF-ecf0a21350ac0a4d,Protecci??n operativa pendiente de revisi??n,OPERATIONAL_PROTECTIONS,WARNING,OPEN,,"{""risk"":""NOT_ASSESSED"",""priority"":""NORMAL"",""carrier_code"":null,""review_reasons"":[""PROTECTION_REVIEW""],""normalized_type"":null}",La protecci??n ha detectado una condici??n que requiere evaluaci??n humana antes de cualquier acci??n.,El pedido queda en revisi??n y no debe recibir una acci??n autom??tica.,Clasificar la protecci??n con evidencia vigente y documentar la decisi??n de riesgo.,La revisi??n produce estado VERIFIED o ACCEPTED_RISK sin ejecutar acciones.,,,Suleia Operations,,WARNING pendiente de evaluaci??n.,ord_a5607221a4fc,,HUMAN_REVIEW,2026-08-05T11:09:29.856+00:00
SF-ed70ce294c278e45,Incidencia GLS abstendida por c??digo desconocido,GLS_INCIDENT_REVIEW,HIGH,DUPLICATE,SF-ff5d384657fee69c,"{""risk"":""HIGH"",""priority"":""NORMAL"",""carrier_code"":""SF"",""review_reasons"":[""DROPEA_CARRIER_CODE_UNKNOWN"",""HUMAN_REVIEW"",""UNKNOWN_CARRIER_CODE""],""normalized_type"":""UNKNOWN""}",La incidencia hereda un c??digo GLS no verificado en el cat??logo.,La decisi??n queda bloqueada; no se permite automatizaci??n sobre la incidencia.,Resolver el hallazgo ra??z del c??digo y reevaluar este caso conservando su trazabilidad.,La incidencia obtiene clasificaci??n explicable o permanece UNKNOWN con bloqueo expl??cito.,,,Suleia Operations,,HIGH mientras siga sin clasificaci??n.,ord_5a8e3107d1a2,iss_71fa10f9b575,HUMAN_REVIEW,2026-07-31T17:15:47+00:00
SF-efbc3fdeef475c75,Incidencia GLS abstendida por c??digo desconocido,GLS_INCIDENT_REVIEW,HIGH,DUPLICATE,SF-ce03ef85a845f191,"{""risk"":""HIGH"",""priority"":""NORMAL"",""carrier_code"":""-30"",""review_reasons"":[""DROPEA_CARRIER_CODE_UNKNOWN"",""HUMAN_REVIEW"",""UNKNOWN_CARRIER_CODE""],""normalized_type"":""UNKNOWN""}",La incidencia hereda un c??digo GLS no verificado en el cat??logo.,La decisi??n queda bloqueada; no se permite automatizaci??n sobre la incidencia.,Resolver el hallazgo ra??z del c??digo y reevaluar este caso conservando su trazabilidad.,La incidencia obtiene clasificaci??n explicable o permanece UNKNOWN con bloqueo expl??cito.,,,Suleia Operations,,HIGH mientras siga sin clasificaci??n.,ord_c77d2a317336,iss_6148c015ed98,HUMAN_REVIEW,2026-08-06T15:57:27.165+00:00
SF-f0ce19a8a9baea2f,Incidencia GLS abstendida por c??digo desconocido,GLS_INCIDENT_REVIEW,HIGH,DUPLICATE,SF-ce03ef85a845f191,"{""risk"":""HIGH"",""priority"":""NORMAL"",""carrier_code"":""-30"",""review_reasons"":[""DROPEA_CARRIER_CODE_UNKNOWN"",""HUMAN_REVIEW"",""UNKNOWN_CARRIER_CODE""],""normalized_type"":""UNKNOWN""}",La incidencia hereda un c??digo GLS no verificado en el cat??logo.,La decisi??n queda bloqueada; no se permite automatizaci??n sobre la incidencia.,Resolver el hallazgo ra??z del c??digo y reevaluar este caso conservando su trazabilidad.,La incidencia obtiene clasificaci??n explicable o permanece UNKNOWN con bloqueo expl??cito.,,,Suleia Operations,,HIGH mientras siga sin clasificaci??n.,ord_ef5c809cb4fe,iss_6a9384070e44,HUMAN_REVIEW,2026-08-04T13:38:35.466+00:00
SF-f18581f8c03a5c01,Incidencia GLS abstendida por c??digo desconocido,GLS_INCIDENT_REVIEW,HIGH,DUPLICATE,SF-ff5d384657fee69c,"{""risk"":""HIGH"",""priority"":""NORMAL"",""carrier_code"":""SF"",""review_reasons"":[""DROPEA_CARRIER_CODE_UNKNOWN"",""HUMAN_REVIEW"",""UNKNOWN_CARRIER_CODE""],""normalized_type"":""UNKNOWN""}",La incidencia hereda un c??digo GLS no verificado en el cat??logo.,La decisi??n queda bloqueada; no se permite automatizaci??n sobre la incidencia.,Resolver el hallazgo ra??z del c??digo y reevaluar este caso conservando su trazabilidad.,La incidencia obtiene clasificaci??n explicable o permanece UNKNOWN con bloqueo expl??cito.,,,Suleia Operations,,HIGH mientras siga sin clasificaci??n.,ord_162140ed6d50,iss_dcc7b96ac408,HUMAN_REVIEW,2026-07-21T14:29:42+00:00
SF-f4e17702ebe29f1c,Incidencia GLS abstendida por c??digo desconocido,GLS_INCIDENT_REVIEW,HIGH,DUPLICATE,SF-ce03ef85a845f191,"{""risk"":""HIGH"",""priority"":""NORMAL"",""carrier_code"":""-30"",""review_reasons"":[""DROPEA_CARRIER_CODE_UNKNOWN"",""HUMAN_REVIEW"",""UNKNOWN_CARRIER_CODE""],""normalized_type"":""UNKNOWN""}",La incidencia hereda un c??digo GLS no verificado en el cat??logo.,La decisi??n queda bloqueada; no se permite automatizaci??n sobre la incidencia.,Resolver el hallazgo ra??z del c??digo y reevaluar este caso conservando su trazabilidad.,La incidencia obtiene clasificaci??n explicable o permanece UNKNOWN con bloqueo expl??cito.,,,Suleia Operations,,HIGH mientras siga sin clasificaci??n.,ord_f801de8d25ea,iss_e447d0eea302,HUMAN_REVIEW,2026-08-07T16:32:17.072+00:00
SF-f5d9babc6def5b51,Incidencia GLS abstendida por c??digo desconocido,GLS_INCIDENT_REVIEW,HIGH,DUPLICATE,SF-51063007afc458c9,"{""risk"":""HIGH"",""priority"":""NORMAL"",""carrier_code"":""AS"",""review_reasons"":[""DROPEA_CARRIER_CODE_UNKNOWN"",""HUMAN_REVIEW"",""UNKNOWN_CARRIER_CODE""],""normalized_type"":""UNKNOWN""}",La incidencia hereda un c??digo GLS no verificado en el cat??logo.,La decisi??n queda bloqueada; no se permite automatizaci??n sobre la incidencia.,Resolver el hallazgo ra??z del c??digo y reevaluar este caso conservando su trazabilidad.,La incidencia obtiene clasificaci??n explicable o permanece UNKNOWN con bloqueo expl??cito.,,,Suleia Operations,,HIGH mientras siga sin clasificaci??n.,ord_a14ac41fe0e0,iss_cace919385aa,HUMAN_REVIEW,2026-07-14T18:26:27+00:00
SF-f656e589b4dbc5a0,Incidencia GLS abstendida por c??digo desconocido,GLS_INCIDENT_REVIEW,HIGH,DUPLICATE,SF-ce03ef85a845f191,"{""risk"":""HIGH"",""priority"":""NORMAL"",""carrier_code"":""-30"",""review_reasons"":[""DROPEA_CARRIER_CODE_UNKNOWN"",""HUMAN_REVIEW"",""UNKNOWN_CARRIER_CODE""],""normalized_type"":""UNKNOWN""}",La incidencia hereda un c??digo GLS no verificado en el cat??logo.,La decisi??n queda bloqueada; no se permite automatizaci??n sobre la incidencia.,Resolver el hallazgo ra??z del c??digo y reevaluar este caso conservando su trazabilidad.,La incidencia obtiene clasificaci??n explicable o permanece UNKNOWN con bloqueo expl??cito.,,,Suleia Operations,,HIGH mientras siga sin clasificaci??n.,ord_1fe221a767ef,iss_21b99e1a311d,HUMAN_REVIEW,2026-07-24T22:13:15.431+00:00
SF-f659f30ce30f2eac,Incidencia GLS abstendida por c??digo desconocido,GLS_INCIDENT_REVIEW,HIGH,DUPLICATE,SF-51063007afc458c9,"{""risk"":""HIGH"",""priority"":""NORMAL"",""carrier_code"":""AS"",""review_reasons"":[""DROPEA_CARRIER_CODE_UNKNOWN"",""HUMAN_REVIEW"",""UNKNOWN_CARRIER_CODE""],""normalized_type"":""UNKNOWN""}",La incidencia hereda un c??digo GLS no verificado en el cat??logo.,La decisi??n queda bloqueada; no se permite automatizaci??n sobre la incidencia.,Resolver el hallazgo ra??z del c??digo y reevaluar este caso conservando su trazabilidad.,La incidencia obtiene clasificaci??n explicable o permanece UNKNOWN con bloqueo expl??cito.,,,Suleia Operations,,HIGH mientras siga sin clasificaci??n.,ord_36fc90b874c8,iss_076f0956b1b7,HUMAN_REVIEW,2026-07-06T11:24:22+00:00
SF-f7d3cb9a7590d744,Incidencia GLS abstendida por c??digo desconocido,GLS_INCIDENT_REVIEW,HIGH,DUPLICATE,SF-ff5d384657fee69c,"{""risk"":""HIGH"",""priority"":""NORMAL"",""carrier_code"":""SF"",""review_reasons"":[""DROPEA_CARRIER_CODE_UNKNOWN"",""HUMAN_REVIEW"",""UNKNOWN_CARRIER_CODE""],""normalized_type"":""UNKNOWN""}",La incidencia hereda un c??digo GLS no verificado en el cat??logo.,La decisi??n queda bloqueada; no se permite automatizaci??n sobre la incidencia.,Resolver el hallazgo ra??z del c??digo y reevaluar este caso conservando su trazabilidad.,La incidencia obtiene clasificaci??n explicable o permanece UNKNOWN con bloqueo expl??cito.,,,Suleia Operations,,HIGH mientras siga sin clasificaci??n.,ord_7895726f6d72,iss_73be8fb2d48a,HUMAN_REVIEW,2026-07-29T10:27:45+00:00
SF-f83cba435600b2f9,Incidencia GLS abstendida por c??digo desconocido,GLS_INCIDENT_REVIEW,HIGH,DUPLICATE,SF-ff5d384657fee69c,"{""risk"":""HIGH"",""priority"":""NORMAL"",""carrier_code"":""SF"",""review_reasons"":[""DROPEA_CARRIER_CODE_UNKNOWN"",""HUMAN_REVIEW"",""UNKNOWN_CARRIER_CODE""],""normalized_type"":""UNKNOWN""}",La incidencia hereda un c??digo GLS no verificado en el cat??logo.,La decisi??n queda bloqueada; no se permite automatizaci??n sobre la incidencia.,Resolver el hallazgo ra??z del c??digo y reevaluar este caso conservando su trazabilidad.,La incidencia obtiene clasificaci??n explicable o permanece UNKNOWN con bloqueo expl??cito.,,,Suleia Operations,,HIGH mientras siga sin clasificaci??n.,ord_0337c79c2fae,iss_6cfcea0093ba,HUMAN_REVIEW,2026-06-30T10:23:45+00:00
SF-f96e111b26f7fa25,Incidencia GLS abstendida por c??digo desconocido,GLS_INCIDENT_REVIEW,HIGH,DUPLICATE,SF-ff5d384657fee69c,"{""risk"":""HIGH"",""priority"":""NORMAL"",""carrier_code"":""SF"",""review_reasons"":[""DROPEA_CARRIER_CODE_UNKNOWN"",""HUMAN_REVIEW"",""UNKNOWN_CARRIER_CODE""],""normalized_type"":""UNKNOWN""}",La incidencia hereda un c??digo GLS no verificado en el cat??logo.,La decisi??n queda bloqueada; no se permite automatizaci??n sobre la incidencia.,Resolver el hallazgo ra??z del c??digo y reevaluar este caso conservando su trazabilidad.,La incidencia obtiene clasificaci??n explicable o permanece UNKNOWN con bloqueo expl??cito.,,,Suleia Operations,,HIGH mientras siga sin clasificaci??n.,ord_d718cf8646ac,iss_465acd4e7eca,HUMAN_REVIEW,2026-07-31T17:09:04+00:00
SF-f9d66b9dbc2cd8f9,Incidencia GLS abstendida por c??digo desconocido,GLS_INCIDENT_REVIEW,HIGH,DUPLICATE,SF-51063007afc458c9,"{""risk"":""HIGH"",""priority"":""NORMAL"",""carrier_code"":""AS"",""review_reasons"":[""DROPEA_CARRIER_CODE_UNKNOWN"",""HUMAN_REVIEW"",""UNKNOWN_CARRIER_CODE""],""normalized_type"":""UNKNOWN""}",La incidencia hereda un c??digo GLS no verificado en el cat??logo.,La decisi??n queda bloqueada; no se permite automatizaci??n sobre la incidencia.,Resolver el hallazgo ra??z del c??digo y reevaluar este caso conservando su trazabilidad.,La incidencia obtiene clasificaci??n explicable o permanece UNKNOWN con bloqueo expl??cito.,,,Suleia Operations,,HIGH mientras siga sin clasificaci??n.,ord_f3741f81c191,iss_7fade84070ca,HUMAN_REVIEW,2026-06-25T14:29:56+00:00
SF-f9e0465f3e25b0e2,Incidencia GLS abstendida por c??digo desconocido,GLS_INCIDENT_REVIEW,HIGH,DUPLICATE,SF-51063007afc458c9,"{""risk"":""HIGH"",""priority"":""NORMAL"",""carrier_code"":""AS"",""review_reasons"":[""DROPEA_CARRIER_CODE_UNKNOWN"",""HUMAN_REVIEW"",""UNKNOWN_CARRIER_CODE""],""normalized_type"":""UNKNOWN""}",La incidencia hereda un c??digo GLS no verificado en el cat??logo.,La decisi??n queda bloqueada; no se permite automatizaci??n sobre la incidencia.,Resolver el hallazgo ra??z del c??digo y reevaluar este caso conservando su trazabilidad.,La incidencia obtiene clasificaci??n explicable o permanece UNKNOWN con bloqueo expl??cito.,,,Suleia Operations,,HIGH mientras siga sin clasificaci??n.,ord_e52e4c90bf7d,iss_99fc422ce22c,HUMAN_REVIEW,2026-07-29T14:34:11+00:00
SF-fb8ec2f6b3298307,Incidencia GLS abstendida por c??digo desconocido,GLS_INCIDENT_REVIEW,HIGH,DUPLICATE,SF-ff5d384657fee69c,"{""risk"":""HIGH"",""priority"":""NORMAL"",""carrier_code"":""SF"",""review_reasons"":[""DROPEA_CARRIER_CODE_UNKNOWN"",""HUMAN_REVIEW"",""UNKNOWN_CARRIER_CODE""],""normalized_type"":""UNKNOWN""}",La incidencia hereda un c??digo GLS no verificado en el cat??logo.,La decisi??n queda bloqueada; no se permite automatizaci??n sobre la incidencia.,Resolver el hallazgo ra??z del c??digo y reevaluar este caso conservando su trazabilidad.,La incidencia obtiene clasificaci??n explicable o permanece UNKNOWN con bloqueo expl??cito.,,,Suleia Operations,,HIGH mientras siga sin clasificaci??n.,ord_12a0b1b829c5,iss_345e16479549,HUMAN_REVIEW,2026-07-07T23:20:30+00:00
SF-fca4241a29a19c26,Incidencia GLS abstendida por c??digo desconocido,GLS_INCIDENT_REVIEW,HIGH,DUPLICATE,SF-ce03ef85a845f191,"{""risk"":""HIGH"",""priority"":""NORMAL"",""carrier_code"":""-30"",""review_reasons"":[""DROPEA_CARRIER_CODE_UNKNOWN"",""HUMAN_REVIEW"",""UNKNOWN_CARRIER_CODE""],""normalized_type"":""UNKNOWN""}",La incidencia hereda un c??digo GLS no verificado en el cat??logo.,La decisi??n queda bloqueada; no se permite automatizaci??n sobre la incidencia.,Resolver el hallazgo ra??z del c??digo y reevaluar este caso conservando su trazabilidad.,La incidencia obtiene clasificaci??n explicable o permanece UNKNOWN con bloqueo expl??cito.,,,Suleia Operations,,HIGH mientras siga sin clasificaci??n.,ord_ca367ad4b5eb,iss_f9b23ec1354e,HUMAN_REVIEW,2026-08-06T15:57:26.365+00:00
SF-fcd1b8bd0872c3fe,Incidencia GLS abstendida por c??digo desconocido,GLS_INCIDENT_REVIEW,HIGH,DUPLICATE,SF-ff5d384657fee69c,"{""risk"":""HIGH"",""priority"":""NORMAL"",""carrier_code"":""SF"",""review_reasons"":[""DROPEA_CARRIER_CODE_UNKNOWN"",""HUMAN_REVIEW"",""UNKNOWN_CARRIER_CODE""],""normalized_type"":""UNKNOWN""}",La incidencia hereda un c??digo GLS no verificado en el cat??logo.,La decisi??n queda bloqueada; no se permite automatizaci??n sobre la incidencia.,Resolver el hallazgo ra??z del c??digo y reevaluar este caso conservando su trazabilidad.,La incidencia obtiene clasificaci??n explicable o permanece UNKNOWN con bloqueo expl??cito.,,,Suleia Operations,,HIGH mientras siga sin clasificaci??n.,ord_6218b4d2bf51,iss_0dcbe1e280e4,HUMAN_REVIEW,2026-07-27T18:12:39+00:00
SF-fd158587230a1b6a,Incidencia GLS abstendida por c??digo desconocido,GLS_INCIDENT_REVIEW,HIGH,DUPLICATE,SF-51063007afc458c9,"{""risk"":""HIGH"",""priority"":""NORMAL"",""carrier_code"":""AS"",""review_reasons"":[""DROPEA_CARRIER_CODE_UNKNOWN"",""HUMAN_REVIEW"",""UNKNOWN_CARRIER_CODE""],""normalized_type"":""UNKNOWN""}",La incidencia hereda un c??digo GLS no verificado en el cat??logo.,La decisi??n queda bloqueada; no se permite automatizaci??n sobre la incidencia.,Resolver el hallazgo ra??z del c??digo y reevaluar este caso conservando su trazabilidad.,La incidencia obtiene clasificaci??n explicable o permanece UNKNOWN con bloqueo expl??cito.,,,Suleia Operations,,HIGH mientras siga sin clasificaci??n.,ord_369a93c7803c,iss_6d79e8ac5330,HUMAN_REVIEW,2026-06-05T18:18:05+00:00
SF-fe32a50ffdbf7e36,Protecci??n operativa pendiente de revisi??n,OPERATIONAL_PROTECTIONS,WARNING,OPEN,,"{""risk"":""NOT_ASSESSED"",""priority"":""NORMAL"",""carrier_code"":null,""review_reasons"":[""PROTECTION_REVIEW""],""normalized_type"":null}",La protecci??n ha detectado una condici??n que requiere evaluaci??n humana antes de cualquier acci??n.,El pedido queda en revisi??n y no debe recibir una acci??n autom??tica.,Clasificar la protecci??n con evidencia vigente y documentar la decisi??n de riesgo.,La revisi??n produce estado VERIFIED o ACCEPTED_RISK sin ejecutar acciones.,,,Suleia Operations,,WARNING pendiente de evaluaci??n.,ord_83650648237d,,HUMAN_REVIEW,2026-08-05T11:09:29.856+00:00
SF-ff5d384657fee69c,C??digo GLS sin clasificaci??n verificada,GLS_NORMALIZATION,HIGH,OPEN,,"{""code"":""SF"",""market"":""ES"",""carrier"":""GLS""}",El cat??logo GLS no contiene una asignaci??n MAPPED o VERIFIED para el c??digo observado.,La incidencia debe abstenerse de una decisi??n autom??tica y requiere revisi??n humana.,Crear una entrada versionada solo despu??s de validar evidencia GLS positiva y negativa.,"El c??digo queda clasificado con evidencia, versi??n y pruebas; UNKNOWN permanece bloqueado.",,,Suleia Operations,,HIGH hasta validar el cat??logo.,,,RECONCILIATION,2026-08-09T07:08:32.683+00:00
